,location,lat,lon
0,Số 8 Đường Phạm Hùng - Phường Mễ Trì - Quận Nam Từ Liêm Hà Nội,21.01044532700007,105.78841344400008
1,"Số 3 - 5 Nguyễn Văn Linh, Long Biên Hà Nội",21.052198565000023,105.89076762200006
2,Lê Hữu Kiều TP HCM,10.7842866,106.7547557
3,"68 Đường Lê Văn Lương, Phường Thanh Xuân Hà Nội",21.0014988,105.7989816
4,"447 đường Nguyễn Văn Linh, Phúc Đồng, Long Biên Hà Nội",21.0350029,105.9095522
5,"Quốc Lộ 17B, Phường Kinh Môn Hải Dương",21.0127396,106.5529266
6,"Số 16, Phố Hoàng Minh Đạo, P. Bồ Đề, Q. Long Biên Hà Nội",21.041959168000066,105.88080701800004
7,"144/1 Quốc Lộ 1A, Phường Thới An, Thành phố Hồ Chí Minh TP HCM",10.8635438,106.6748746
8,68 Vũ Đức Thận Long Biên HN Hà Nội,21.05517960000003,105.89188550000006
9,Quận 10 TP HCM,10.7725282,106.6682021
10,Unknown,26.4925331,92.3308789
11,Hà Nội,21.0283334,105.854041
12,Hà Nội Hà Nội,21.0242336,105.8410067
13,"530 Kinh Dương Vương, P. An Lạc, Q. Bình Tân TP HCM",10.73590943100004,106.61344226700004
14,"530 Kinh Dương Vương, Phường An Lạc TP HCM",10.7435024,106.6212751
15,"39 Chế Lan Viên, Phường Tây Thạnh, Quận Tân Phú TP HCM",10.812121759000036,106.62980365600004
16,"161F Dạ Nam, Phường 03, Quận 8 TP HCM",10.748443638000026,106.68350758300004
17,"104 Phổ Quang, Phường 2, Q. Tân Bình TP HCM",10.808661107000034,106.67004782800008
18,"Lô B1, Đường C2, Khu Công Nghiệp Cát Lái 2, P. Thạnh Mỹ Lợi, Quận 2 TP HCM",10.765809787000023,106.77968339800007
19,"Lô DVTM-08 và Lô DVTM-11, Đường số 7, KCX Tân Thuận, P.Tân Thuận Đông, Quận 7 TP HCM",10.7514979,106.7339303
20,Số 3 Nguyễn Văn Linh - Long Biên Hà Nội,21.026504,105.9225411
21,"3 Nguyễn Văn Linh, Việt Hưng, Thành phố Hà Nội Hà Nội",21.0428511,105.8966785
22,"205 Khuất Duy Tiến, Thanh Xuân Hà Nội",21.0026513,105.7946179
23,"Số 311-313 Trường Chinh, Q.Thanh Xuân Hà Nội",21.001817540147385,105.82352046859484
24,"445/62 Tân Hòa Đông,phường Bìn Trị Đông TP HCM",10.765914936000058,106.61531635700004
25,"Số 987 Tam Trinh, P. Yên Sở,Q. Hoàng Mai Hà Nội",20.96821952500005,105.86777682600008
26,"Xuân Mai, Chương Mỹ Hà Nội",20.9371504,105.7279126
27,"Hà Đông, Hà Nội Hà Nội",20.9702189,105.7749565
28,"189 Nguyễn Oanh, P. 10, Q. Gò Vấp TP HCM",10.834861959000024,106.67559593200008
29,TP HCM TP HCM,10.7923429,106.6789793
30,"264 Trần Hưng Đạo, Nguyễn Cư Trinh, Quận 1 TP HCM",10.759562584000037,106.68779093700005
31,28 Nguyễn Văn Hưởng - Long Biên Hà Nội,21.059175,105.9157024
32,"46 Láng Hạ, Láng Hạ, Đống Đa Hà Nội",21.011543,105.8115481
33,"46 Láng Hạ, Đống Đa Hà Nội",21.0154104,105.8141399
34,46 Láng Hạ Hà Nội,21.0139878,105.8085138
35,"720 Nguyễn Văn Cừ, Long Biên Hà Nội",21.026504,105.9225411
36,"333 Điện Biên Phủ, P.15, Q.Bình Thạnh TP HCM",10.80151201700005,106.70991091500008
37,"Lô DVTM 2&3, Đường số 7, Khu Chế Xuất Tân Thuận, Quận 7, TP.HCM TP HCM",10.751995499000031,106.72947859100007
38,"Số 3 Nguyễn Văn Huyên, Cầu Giấy Hà Nội",21.0360565,105.7976361
39,Số  376 - 378 Phạm Văn Đồng Hà Nội,21.0482897,105.7790869
40,"Lô DVTM-2, DVTM-3 Đường Số 7, Khu Chế Xuất Tân Thuận TP HCM",10.7652132,106.7469006
41,"Số 102 Đường Cách Mạng Tháng 8, P Cái Khế, Q Ninh Kiều Cần Thơ",10.049113331000058,105.77660965900009
42,Số 6 Phạm Văn Bạch - Yên Hoà - Cầu Giấy Hà Nội,21.024638856000024,105.78939336400003
43,"Đường số 7, Kcx Tân Thuận, Quận 7 TP HCM",10.7515143,106.7349498
44,"290 Nguyễn Văn Linh, Phường Bình Thuận, Quận 7 TP HCM",10.743182277000074,106.72146651300004
45,"713 Lạc Long Quân, Tây Hồ Hà Nội",21.0670939,105.8112222
46,"Số 19 Lô 15B Lê Hồng Phong, Hải An Hải Phòng",20.838695204000032,106.71526103800004
47,Hà Nội Hà Nội,21.0242336,105.8410067
48,"32 Tân Thắng, P. Sơn Kỳ, Q. Tân Phú TP HCM",10.799849300000004,106.6147092
49,"811-813 Nguyễn Văn Linh, Quận 7 TP HCM",10.728316135000057,106.71436222800008
50,"579 Quốc Lộ 13 phường Hiệp Bình Phước, TP Thủ Đức TP HCM",10.851687463000076,106.72010679800007
51,Hh17/22 khu đô thị Vinhomes star city Thanh Hóa,19.815063000000062,105.79923200000007
52,"Số 1 Ngô Gia Tự, Long Biên Hà Nội",21.0696134,105.904744
53,"68 Lê Văn Lương, P. Nhân Chính, Q. Thanh Xuân Hà Nội",21.00217168200004,105.79995647800008
54,"234-244 Lê Duẩn, TP Buôn Ma Thuột Đăk Lăk",12.663149378000073,108.03452150300006
55,"292 Lê Duẩn, phường Buôn Ma Thuột Đăk Lăk",12.6791336,108.0443129
56,"Vincom tây mỗ, nam từ liêm hà nội Hà Nội",21.0058837,105.7545053
57,Hà Nôi Hà Nội,21.0242336,105.8410067
58,"126, Khuất Duy Tiến, P. Nhân Chính, Q. Thanh Xuân Hà Nội",20.99690977000006,105.79934090300009
59,long biên Hà Nội,21.0232241,105.898496
60,"124 Khuất Duy Tiến, P. Nhân Chính, Q. Thanh Xuân Hà Nội",20.996879067000062,105.79936563100006
61,"VILLA 05,06,07 Lô C1 Khu đô thị Yên Hòa, Phường Yên Hòa, Quận Cầu Giấy( Cạnh Công Viên Yên Hoà ) Hà Nội",21.0283334,105.854041
62,"Số 142 Nguyễn Văn Giáp, P Cầu Diễn, Quận Nam Từ Liêm Hà Nội",21.03513357500003,105.75945018200008
63,"2 Lê Đức Thọ, Phường 7, Gò Vấp (Sau lưng Coopmark) TP HCM",10.830639701000052,106.68230040100008
64,"Số 1 Đường Số 13, KDC Phú Mỹ, P. Tân Mỹ (P. Phú Mỹ cũ), Q.7 TP HCM",10.70797790000006,106.72897720000007
65,"An Dương Vương, P3, Q5, Tp.HCM TP HCM",10.75451096300003,106.67684885900007
66,"66 Phổ Quang, Phường 2, Quận Tân Bình TP HCM",10.805881000000056,106.66679600000003
67,"824 Trường Chinh, phường 15, quận Tân Bình TP HCM",10.818560322000051,106.63151674200007
68,Km8 Đường Võ Văn Kiệt-quang Minh- Mê Linh Hà Nội,21.1863594,105.7826693
69,"Km25 QL3 Tổ 8, Sóc Sơn Hà Nội",21.26050001600004,105.84978282200008
70,50 Nguyễn Văn Tăng TP HCM,10.8500163,106.8138143
71,"số 138 Phạm Văn Đồng, Bắc Từ Liêm Hà Nội",21.07586957700005,105.78574983400006
72,"Tòa nhà Red River Building, Gamuda Garden, Hoàng Mai Hà Nội",20.970158599000055,105.87818515200009
73,"568 Đường Láng, Đống Đa Hà Nội",21.0101303,105.8123242
74,"Số 68 Lê Văn Lương, Nhân Chính, Thanh Xuân Hà Nội",21.00217168200004,105.79995647800008
75,"256 Kim Giang , Phường Định Công Hà Nội",20.9783961,105.8158356
76,"62 Vũ Đức Thận , Long Biên, Hà Nội Hà Nội",21.055352500000023,105.89178090000009
77,"Lô 03-04 C27 Lê Trọng Tấn, Kđt Geleximco , Hà Đông Hà Nội",20.986947090000054,105.73946875900003
78,"68 Xuân Phương, Bắc Từ Liêm Hà Nội",21.05249531200008,105.73368713600009
79,"391 Võ Nguyên Giáp, Phường An Phú, Tp.Thủ Đức TP HCM",10.811401142000022,106.75599066200004
80,627 Mê Linh - Khai Quang - Vĩnh Yên Vĩnh Phúc,21.304343489000075,105.62098337800006
81,"538 Nguyễn Tất Thành, phường Nông Trang Phú Thọ",21.3361998,105.3800727
82,207 Quán Gánh - Văn Bình - Thường Tín Hà Nội,20.8902359,105.8574124
83,"26 Đường Cầu Diễn, Phú Diễn, Bắc Từ Liêm Hà Nội",21.042507100000023,105.76002830000004
84,"38 Đường Đặng Thúc Vịnh, Hóc Môn TP HCM",10.907785296000045,106.64275039000006
85,"239 Ql1k, P. Linh Xuân, Tp. Thủ Đức TP HCM",10.886411336000036,106.77332854600007
86,"464 Kinh Dương Vương, P. An Lạc A TP HCM",10.739368175000038,106.61585479500008
87,Quốc lộ 17 - Phố Mới Công Hà - Hà Mãn - Thuận Thành Bắc Ninh,21.032651000000044,106.03094700000008
88,"273 Hoàng Quốc Việt, Phường Nghĩa Đô Hà Nội",21.0520114,105.7845652
89,"Tầng B1, TTTM Vincom Times City - 458 Minh Khai, Vĩnh Tuy, Hai Bà Trưng Hà Nội",20.994809992000057,105.86741029000008
90,"14 Hoàng Quốc Việt, Cầu Giấy Hà Nội",21.046483943379314,105.80411200976152
91,"Số 1 Nguyễn Văn Linh, Quận Long Biên Hà Nội",21.05426890300004,105.88944241400009
92,"C12 - Thanh Xuân Bắc, P.thanh Xuân Hà Nội",20.99154730000004,105.79637880000008
93,"276 Nguyễn Xiển, Thanh Xuân Hà Nội",20.9912631,105.8029768
94,"81 Đàm Quang Trung, Long Biên Hà Nội",21.0311771,105.9001017
95,"Số 363 Tôn Đức Thắng, Phường Hòa Minh, Quận Liên Chiểu Đà Nẵng",16.058284884000045,108.16540018800004
96,"162 Trường Chinh, Phường Kim Liên Hà Nội",21.0001099,105.8338553
97,166 Phạm Văn Đồng - Xuân Đỉnh - Bắc Từ Liêm Hà Nội,21.0716227,105.784862
98,"Ngã 4 Lục Quân, Sơn Tây Hà Nội",21.048292900000035,105.50750760000004
99,"Tầng 1, TTTM Vincom Plaza Long Biên – Vinhomes Riverside, P. Phúc Lợi, Q. Long Biên Hà Nội",21.0283334,105.854041
100,"Km2+500 Đường Phan Trọng Tuệ, Thanh Trì Hà Nội",20.9442879,105.8350543
101,"79 Nguyễn Văn Cừ, Long Biên Hà Nội",21.0229821,105.9201126
102,"Thôn Khê Hồi, Hà Hồi, Thường Tín Hà Nội",20.87095605900004,105.87371395200006
103,"215 Ngọc Hồi, Văn Điển, Hoàng Mai Hà Nội",20.95178198000008,105.84417727000005
104,"268 Đường Giáp Hải, Xã Bát Tràng Hà Nội",20.9876763,105.923487
105,238 Cự Khối Long Biên Hà Nội Hà Nội,21.0121398,105.9113706
106,"Tầng 1, Tòa Nhà Hòa Lạc Mall, Ngã Tư Cao Tốc 03 Xã, Thạch Hoà, Hà Nội Hà Nội",21.012673300000078,105.46478000000008
107,"385 Hữu Hưng, Hà Đông Hà Nội",20.99461595400004,105.74091690200004
108,"Vincom Long Biên, P. Chu Huy Mân, Phúc Lợi, Long Biên Hà Nội",21.0504356,105.9161589
109,"162 Trường Chinh, Khương Thượng, Đống Đa Hà Nội",21.0001099,105.8338553
110,26 Phạm Văn Đồng Hà Nội,21.0491572,105.7837936
111,"Tầng 1 TTTM Vincom Ocean Park, Kiêu Kỵ, Gia Lâm Hà Nội",20.9936316,105.9600241
112,"Tòa The Kpart Văn Phú, Kiến Hưng Hà Nội",21.0283334,105.854041
113,"Đường Trần Nhân Tông, Phường Đông Hoa Lư Ninh Bình",20.2455342,106.0046091
114,397 Nguyễn Xiển - Thanh Xuân Hà Nội,20.9825917,105.8114969
115,215 Ngọc Hồi Hà Nội,20.9233689,105.8426967
116,"26 Phạm Hùng, Phường Từ Liêm, Hà Nội Hà Nội",21.0217645,105.7788268
117,"Vinhomes Smart City, Tây Mỗ , Nam Từ Liêm Hà Nội",21.00917931200007,105.73888918900008
118,"464, kinh dương vương, P an lạc A, Q Bình Tân TP HCM",10.739368175000038,106.61585479500008
119,"24ql1, Kđt Tthc Tỉnh, Phường 6, Tp Tân An Long An",23.1038568,107.6946613
120,"Số 8, đường Phạm Hùng, Phường Mai Dịch, Quận Cầu Giấy Hà Nội",21.03433078100005,105.77986787200008
121,Số 99 Hồng Đô - Phú Đô -  Nam Từ Liêm Hà Nội,21.013316400000008,105.76447889999996
122,B6a nam trung yên. Nguyễn chánh. Cầu giấy Hà Nội,21.01403590000001,105.78943199999998
123,"Ngã Tư Hòa Lạc, Thạch hòa, Thạch Thất, Hà Nội Hà Nội",20.99021856500008,105.52493618500006
124,"68 Đình Núp, Cầu Giấy Hà Nội",21.043937782000057,105.80527001300004
125,"805A Giải Phóng, Giáp Bát, Hoàng Mai Hà Nội",20.985508769000035,105.84120940500009
126,"Tttm Vincom Ocean Park, Kiêu Kỵ, Gia Lâm Hà Nội",20.9944805,105.9590229
127,Trường Chinh - Hà Nội Hà Nội,21.0447918,105.7883504
128,"Tầng 1 TTTM Vincom Ba Tháng Hai, 3C Đường 3 Tháng 2, Phường 11, Quận 10 TP HCM",10.777415494000024,106.68130058600008
129,Kđt Gleximco Lê Trọng Tấn - Hà Đông -hn Hà Nội,20.965851496000028,105.75824347600008
130,"Khu C Geleximco, C44 - BT2, Đường Lê Trọng Tấn, Dương Nội Hà Nội",20.9829021,105.7419286
131,276 Nguyễn Xiển Hà Nội,20.9829282,105.8093417
132,"686 Nguyễn Chí Thanh, P. Hạc Thành Thanh Hóa",19.8336518,105.7869423
133,"133 Lê Duẩn, Xã Triệu Phong Quảng Trị",16.7642511,107.1691994
134,"B6a Nam Trung yên, cầu giấy, hà nội Hà Nội",21.01850740200007,105.78755344400008
135,"Toà nhà DragonTextiles 2, Ngã tư Thái Hà, Quỳnh Trang, Quỳnh Phụ, Thái Bình Thái Bình",20.4031348,106.5941615
136,"518 đường 208, An Đồng, An Hải, Hải Phòng Hải Phòng",20.8563007,106.6530626
137,"Ql1a, Thôn Phổ Lại, Xã Hiếu Giang Quảng Trị",20.95874641100005,106.27360321200008
138,"TDP 8, P Mỹ Đình 1, Q Nam Từ Liêm ( cạnh tòa Keangnam) Hà Nội Hà Nội",21.0283334,105.854041
139,"65/1a Lê Thị Riêng, Thới An, Quận 12 TP HCM",10.87122935700006,106.65439714300004
140,Quốc lộ 1A Thôn Hoàng Thượng Phường Tam Thanh Tỉnh Lạng Sơn Lạng Sơn,21.8795352,106.7526912
141,"Số 2450 Ql 1a, Khu Z735, P Trung Mỹ Tây TP HCM",10.84441784200004,106.61681942200003
142,"B8 Nam Trung Yên, Trung Hoà, Cầu Giấy (Sau big C Thăng Long) Hà Nội",21.013538299999997,105.7895916
143,"Tdp Quán Vã, Phường Phổ Yên Thái Nguyên",21.4260076,105.8650661
144,Số 3 Nguyễn Văn Huyên Cầu Giấy Hà Nội,21.0373739,105.7965452
145,"Số 1 Nguyễn Văn Linh, Gia Thụy, Long Biên Hà Nội",21.05426890300004,105.88944241400009
146,"50 Nguyễn Văn Tăng, Thủ Đức TP HCM",10.8424991,106.8201413
147,"Xuân Phương, Nam Từ Liêm Hà Nội",21.0312098,105.7555266
148,"215B Lê Thánh Tông, Ngô Quyền Hải Phòng",20.866981,106.6979305
149,Số 2 Trần Hữu Dực Hà Nội,21.0280477,105.7681141
150,"Đại lộ Thiên Trường, Đông A, P. Lộc Hoà - Đối diện Go Nam Định, Nam Định",20.4390691,106.1537829
151,"68 Đinh Núp, Cầu Giấy Hà Nội",21.043937782000057,105.80527001300004
152,162 trường chinh Hà Nội,21.0001099,105.8338553
153,"139 Đồng Văn Cống, Cát Lái, Thủ Đức TP HCM",10.7743561,106.7609995
154,68 Lê Văn Lương Hà Nội,21.0014988,105.7989816
155,"79 Nguyễn Chánh, Trung Hoà, Cầu Giấy Hà Nội",21.01403590000001,105.78943199999998
156,"Số 207 Quán Gánh, Văn Giáp, Thường Tín Hà Nội",21.0283334,105.854041
157,"688 Nguyễn Văn Cừ, Long Biên Hà Nội",21.0242618,105.9203066
158,"Đường mới thị trấn Quỳnh Côi ( 396b), Quỳnh Phụ Thái Bình",20.4031348,106.5941615
159,"72 học viện cảnh sát, cổ nhuế 2 , bắc từ liêm Hà Nội",21.067387557000075,105.76607724200004
160,Nha Trang Khánh Hòa,12.2084991,109.2871204
161,"Số 2450 Ql 1a, Khu Z735, P. Trung Mỹ Tây TP HCM",10.84441784200004,106.61681942200003
162,"Toà nhà Xuân Thành Phát, Ngã Tư ĐL Võ Nguyên Giáp, Phường Quảng Thành Thanh Hóa",19.782668900000036,105.77705460000004
163,20 thăng long Đăk Lăk,12.6717955,108.0430164
164,"70 đường 15, KĐT Vạn Phúc, Hiệp Bình TP HCM",10.695036153000046,106.60835282900008
165,"Km2+500, Đ. Phan Trọng Tuệ, Thanh Liệt, Thanh Trì, Hà Nội Hà Nội",20.951896377000025,105.81791318800003
166,"T6/27 Đlbd, Kp Bình Đức 2, P. Bình Hoà Bình Dương",10.909819503000053,106.72777806100004
167,"12 Dương Đình Nghệ, Cầu Giấy Hà Nội",21.0227488,105.7878962
168,266 Nguyễn Xiển - Thanh Xuân Hà Nội,20.9825917,105.8114969
169,q bình tân TP HCM,10.7703543,106.5995759
170,"Số 8 Hồ Xuân Hương, Phường Lâm Viên - Đà Lạt, Lâm Đồng Lâm Đồng",11.9594194,108.4753777
171,"Số 9, Khu B5, Lô 7a Lê Hồng Phong Hải Phòng",20.8623278,106.6799266
172,"268 Đường Giáp Hải, Xã Bát Tràng, Tp Hà Nội Hà Nội",20.9780763,105.9270985
173,"22 Đường Số 24, Phường An Khánh , Quận 2 , TPHCM TP HCM",10.794208200000014,106.7299754
174,"389 Quốc Lộ 13, P.Hiệp Bình Phước, Quận Thủ Đức TP HCM",10.841644291000025,106.71735232100008
175,138 Phạm Văn Đồng Hà Nội,21.0654691,105.7849246
176,"112 Nguyễn Chánh , Cầu Giấy Hà Nội",21.0201437,105.7857425
177,"45, 46 D11, Glemxico, Lê Trọng Tấn, Hoài Đức, Hà Nội Hà Nội",20.963651000000027,105.76235800000006
178,1B Nguyễn Văn Huyên Cầu Giấy  Hà Nội Hà Nội,21.0373739,105.7965452
179,209 Nguyễn Xiển - Phường Hạ Đình - Thanh Xuân Hà Nội,20.985513979000075,105.80802441500003
180,"92 Hồng Đô, Phú Đô, Từ Liêm (Gần SVĐ Mỹ Đình) Hà Nội",21.00845453200003,105.76624467800008
181,"561 Đ. Nguyễn Văn Linh, TT. Sài Đồng, Long Biên Hà Nội",21.03128736800005,105.91144531200008
182,"276 Nguyễn Xiển, Tân Triều, Thanh Trì Hà Nội",20.98476593000004,105.80790185000006
183,9 nguyễn thị định an phú quận 2 TP HCM,10.789686399999994,106.7548982
184,"38 BT1, KĐT Pháp Vân, Phường Yên Sở Hà Nội",20.963847131000023,105.87266841200004
185,"Đường Khai Sơn, Phường Thượng Thanh Hà Nội",21.059208300000023,105.87788710000008
186,"Số 207 Đ. Quán Gánh, X. Văn Bình, H. Thường Tín Hà Nội",20.890044122001694,105.85755647200004
187,399 Nguyễn Xiển - Thanh Xuân Hà Nội,20.9825917,105.8114969
188,"1135 QL1A, Tân Tạo, Bình Tân TP HCM",10.759429932000046,106.59168246700006
189,"Xuân Phương, Nam Từ Liêm , Hà Nội Hà Nội",21.0312098,105.7555266
190,"đường 40m, khu đô thị Sunshine, Phú Thượng, Tây Hồ Hà Nội",21.05499359657728,105.84162396887116
191,"Số 86 Đường 3,5 Khu đô thị Vân Canh - Di Trach- Hoài Đức -Hà Nôi Hà Nội",21.041779819000052,105.72866444600004
192,"Số 7 Sunrise KDT The Manor Central Park, Định Công Hà Nội",20.99015330700007,105.83094616200005
193,Bình Thạnh TP HCM,10.8111809,106.7033938
194,"3 Căn VILLA 05 - 06 - 07 Lô C1 Khu đô thị Yên Hòa, Phường Yên Hòa, Quận Cầu Giấy ( Cạnh Công Viên Yên Hoà ) Hà Nội",21.0283334,105.854041
195,"10 Vũ Đức Thận , Long Biên Hà Nội",21.05719319000008,105.89071708200004
196,Số 5A-Nguyễn Văn Huyên-Cầu Giấy Hà Nội,21.03661,105.7970511
197,Thạch Xá - Thạch Thất Hà Nội,21.0337209,105.601826
198,"269 Phạm Văn Đồng, Xuân Đỉnh, Bắc Từ Liêm Hà Nội",21.069249,105.7859403
199,"BT FB62 Lê Trọng Tấn, An Khánh, Hoài Đức (gần Công viên Thiên Đường Bảo Sơn) Hà Nội",20.99882800000006,105.73385900000004
200,68 Phạm Tu - Thanh Trì Hà Nội,21.017903,105.7817689
201,"Vincom Plaza Lê Văn Việt - 50 Lê Văn Việt, Hiệp Phú, Thành Phố Thủ Đức TP HCM",10.84566402100006,106.77909609600005
202,Vinhome Ocean Park 1 Hà Nội,16.463965708000046,107.58745735500008
203,"251 đường Lương Văn Thăng, P Đông Thành, TP Hoa Lư Ninh Bình",20.264402631000053,105.97715358500004
204,"119 Lê Hồng Phong, Dĩ An Bình Dương",10.925103400000069,106.76469990000004
205,"70 Lương Định Của, P. Bình Khánh, Tp Thủ Đức TP HCM",10.7898477,106.7400885
206,"Ngã Tư Bình Phước, Thành Phố Thủ Đức TP HCM",10.8652825,106.7238775
207,"139 Hùng Vương, P.Sở Dầu, Quận Hồng Bàng Hải Phòng",20.86947262300004,106.65536755300008
208,"Phong Phú, Bình Chánh TP HCM",10.6914498,106.6463123
209,645 Quốc lộ 13. Hiệp Bình Phước. Tp Thủ Đức TP HCM,10.856021209000062,106.72235559200004
210,"585 - 700 Trần Tất Văn, Quận Kiến An Hải Phòng",20.786198899000052,106.61731240300008
211,Nguyễn Xiển Hà Nội,20.97697,105.8110618
212,50 Nguyễn văn tăng TP HCM,10.8500163,106.8138143
213,Đông Anh Hà Nội,21.1537878,105.8515777
214,"536A Minh Khai, Hai Bà Trưng Hà Nội",20.99870554900008,105.86963519600005
215,"597 Dương Tự Minh, Quan Triều Thái Nguyên",21.6188577,105.7939671
216,"Thuận an , tp Hcm ( bình dương cũ ) TP HCM",10.7880773,106.6433682
217,1a Dt743 Thuận An Bình Dương TP HCM,10.951052950000076,106.74232233100008
218,"Chung cư The Kpark, Văn Phú, Kiến Hưng Hà Nội",21.0283334,105.854041
219,"Số 21 Đường Máng Nước, An Hải Hải Phòng",20.8633802,106.6144997
220,"Số 533 Đường Tam Trinh, Phường Tương Mai Hà Nội",20.980775632000075,105.86452881900004
221,Hải Phòng Hải Phòng,20.856022,106.6875207
222,Lê Hồng Phong Q10 TP HCM,10.7580691,106.6779697
223,Hải Âu 9 SP3B- 63 Vinhomes Ocenpark - Gia Lâm Hà Nội,20.9900919,105.9537082
224,"Khu 1, chi nê, lạc thủy, hòa bình Hòa Bình",20.494020103000025,105.77750986000008
225,"50 Nguyễn Văn Tăng, Phường Long Bình TP HCM",10.8424991,106.8201413
226,"50 Nguyễn Văn Tăng, phường Long Bình, Hcm TP HCM",10.8424991,106.8201413
227,"Số 5 Nguyễn Khánh Toàn, Cầu Giấy, Hà Nội Hà Nội",21.0380319,105.7953544
228,"50 Nguyễn Văn Tăng, Long Thạnh Mỹ,Thủ Đức TP HCM",10.848441741000045,106.81491220000004
229,"VILLA 07 Lô C1 Khu đô thị Yên Hòa, Phường Yên Hòa, Quận Cầu Giấy Hà Nội",21.01931520000005,105.79550321300007
230,Huyện Văn Giang Hưng Yên,20.9498024,105.9442615
231,"Gia Thuỵ, Long Biên Hà Nội",21.0447291,105.8949017
232,40 đỗ xuân hợp TP HCM,10.795647,106.7806577
233,Vihome smartcity Hà Nội,21.0283334,105.854041
234,"Thịnh Liệt, Hoàng Mai Hà Nội",20.9779082,105.8434845
235,Cầu giấy Hà Nội,21.0292159,105.8033629
236,"Phạm Văn Đồng, Bắc Từ Liêm Hà Nội",21.0509254,105.7805264
237,"68 Đinh Núp, Yên Hoà, Cầu Giấy Hà Nội",21.02046155095985,105.78571210462997
238,"Tầng 1, Tòa Nhà Hải Âu, Vinhomes Ocean Park 1, xã Kiêu Kỵ, Gia Lâm Hà Nội",20.991650638000067,105.95694282800008
239,"824 Ql13, Hiệp Bình, Hcm TP HCM",10.863914099999988,106.72564549999998
240,Xóm 2 thôn 12 huyện krongbuk Đăk Lăk,12.914845884000044,108.26606678200004
241,Thanh Xuân Hà Nội,20.9983575,105.8042396
242,Phủ Lý Hà Nam,20.5445676,105.9339242
243,718 Song Hành Xa Lộ Hà Nội TP HCM,10.8624331,106.7942743
244,16 ngõ 163 Tôn Đức Thắng Hà Nội,21.02249756300006,105.83220833400009
245,Tp Hà Nội Hà Nội,21.0242336,105.8410067
246,Hóc  Môn Tp hcm TP HCM,10.8860463,106.5927134
247,Thành phố Lạng Sơn Lạng Sơn,21.855262,106.7432662
248,50 Nguyễn Văn Tăng . Thủ Đức TP HCM,10.8424991,106.8201413
249,Cầu Giấy Hà Nội,21.0292159,105.8033629
250,"Sông Công ,phường Bá Xuyên Thái Nguyên",21.4755499,105.8211313
251,"70 Lương Định Cửa , An Khánh , Hồ Chí Minh TP HCM",10.7839375,106.7271509
252,Số 8 đường Phạm Hùng Hà Nội,21.0346032,105.7794114
253,Ngọc lâm long biên Hà nội Hà Nội,21.0455068,105.8691113
254,"50 Nguyễn Văn Tăng, Long Thạnh Mỹ, Thủ Đức TP HCM",10.848441741000045,106.81491220000004
255,"7A/12A, Phường Bình Hòa TP HCM",10.905052,106.7274208
256,Buôn Ma Thuột Đăk Lăk,12.6612624,108.0310213
257,"Số 1051 Đường Nguyễn Văn Linh, H. An Dương Hải Phòng",20.849356595000074,106.65338709700006
258,Vinfast Vfx Thủ Đức TP HCM,0.0,0.0
259,"162 Trường Chinh, Thanh Xuân Hà Nội",20.99898074500004,105.83493425000006
260,Thủ Đức TP HCM,10.8505674,106.7585291
261,"xã Tân Dương, huyện Thuỷ Nguyên Hải Phòng",20.895811081000037,106.68914701200003
262,"50 Nguyễn Văn Tăng, quận 9, Tp.hcm TP HCM",10.848441741000045,106.81491220000004
263,Lô B8 - Khu Đô Thị Nam Trung Yên - Cầu Giấy Hà Nội,21.01892459000004,105.78827007600006
264,Hồ Chí Minh TP HCM,11.3759209,106.607924
265,"Đường tròn Sông Công, Tdp 8a, Phường Bá Xuyên Thái Nguyên",37.8699921,112.5437075
266,Bình Dương Bình Dương,14.2994145,109.0857551
267,"8 Trịnh Hoài Đức, Phường Hiệp Phú, TP Thủ Đức TP HCM",10.842944164000071,106.77610503500006
268,Sơn Đồng Hà Nội,21.0440724,105.7006493
269,118a Chiến lược Q Bình tân TP HCM,10.761743859000036,106.61749345600003
270,"Thôn Định An, Xã Hiệp Thạnh- Đức Trọng Lâm Đồng",11.851016912000034,108.45807812200007
271,"Láng Hạ, Đống đa Hà Nội",21.0166588,105.8104632
272,"68 Trịnh Văn Bô, Xuân Phương, Nam Từ Liêm Hà Nội",21.0403255,105.7409573
273,ngocchuan2628@gmail TP HCM,10.836386100000029,106.6891968
274,"50 Nguyễn Văn Tăng, Phường Long Bình, Ho Chi Minh Ci TP HCM",10.8424991,106.8201413
275,"50 Nguyễn Văn Tăng, Phường Long Bình, Tp.hcm TP HCM",10.8500163,106.8138143
276,"Nhuận Đức , Hồ Chí Minh TP HCM",11.0595035,106.476378
277,"Nguyễn Chánh, Cầu Giấy Hà Nội",21.0201437,105.7857425
278,Xuân Phương Hà Nội Hà Nội,21.0515439,105.7341625
279,Ninh Bình Ninh Bình,20.2421142,105.9746207
280,16 cô bắc nha trang khánh hòa Khánh Hòa,12.2440913,109.1902271
281,"Đại Đồng, Mỹ Đức, Hà Nội Hà Nội",21.0193078,105.8363524
282,"Số 51, Tổ 24, phường Phan Đình Phùng Thái Nguyên",21.58414185600003,105.84919116100008
283,"Văn Phú, Hà Đông, Hà Nội Hà Nội",20.9591715,105.7685205
284,Hóc Môn -hcm TP HCM,10.8860463,106.5927134
285,cầu giấy Hà Nội,21.0292159,105.8033629
286,"349 Vũ Tông Phan, Hà Nội Hà Nội",20.9908562,105.8142055
287,Gia lâm Hà Nội,21.0516399,105.8787541
288,Kim giang Hà Nội,20.9783961,105.8158356
289,Cầu Giấy - Hà Nội Hà Nội,21.0292159,105.8033629
290,hà nội Hà Nội,21.0242336,105.8410067
291,"Mễ Trì, Từ Liêm, Hà Nội Hà Nội",21.0091306,105.7798218
292,"Hai An, Tan Hung, Hai Phong Hải Dương",20.9375551,106.3288025
293,"65/1a Lê Thị Riêng, Thới An, Tp.hcm TP HCM",10.864372,106.6546065
294,"53/19 đường 4 Phường Thủ Đức , Tp Hcm TP HCM",10.8358645,106.7632621
295,"151/67/54c Liên Khu 4-5, Phường Bình Hưng Hoà B TP HCM",10.796067624000043,106.58957403800008
296,Thanh liệt- Thanh trì - Hà nội Hà Nội,20.9779995,105.8031816
297,"Hà Đông, Hà Hội Hà Nội",21.0773724,105.7738987
298,"207 quán gánh thường tín, hà nội Hà Nội",20.8902359,105.8574124
299,"Hà đông, Hà Nội Hà Nội",20.9702189,105.7749565
300,"Lô 3, Đường 10, Kcn Sóng Thần 1, Dĩ An TP HCM",10.8954081,106.7524771
301,Vinhomes Ocen Park - Gia Lâm - Hà Nội Hà Nội,21.009249400000044,105.95293230000004
302,"262 Ngô Quyền, Tân Bình, Tp Hải Dương Hải Dương",20.926810810000063,106.31459952600004
303,Cầu vượt đường sắt Nguyễn Tất Thành Vĩnh Phúc,21.31737699937248,105.5881694990516
304,"Vũ Trọng Khánh, Phường Đại Mỗ, Quận Nam Từ Liêm Hà Nội",20.987083,105.7789185
305,"P.hiep binh chánh, thu duc, ho chi minh TP HCM",10.8299994,106.7132913
306,Vinfasthoalac- Ngã tư láng hòa lạc Hà Nội,20.99021856500008,105.52493618500006
307,"643 Quốc Lộ 1,kp27, P.long Bình, Đồng Nai Đồng Nai",10.9701396,106.8948209
308,Số 77 phố ô đồng lầm Hà Nội,21.012791142000022,105.83908125700005
309,Thụy lô tiên nữ Hưng Yên,10.958733834000045,106.93737781600004
310,Thủ đức TP HCM,10.8505674,106.7585291
311,Đà Nẵng Đà Nẵng,16.071571,108.2093029
312,Bến Lức Long An,10.6275407,106.5105059
313,"Thôn 6, Yên Sở, Hoài Đức Hà Nội",21.03856329200005,105.67549255700004
314,"Zurich 1, Vinhome Ocean Park 1, Gia Lâm, Hn Hà Nội",20.996167856000056,105.94477263900006
315,"Khu4,tt cái bè,cái bè ,tiền giang Tiền Giang",10.340924751989464,106.03378267718836
316,Thanh Oai Hà Nội,20.8440838,105.7677486
317,Đồng Hới Quảng Bình,17.4689738,106.5998415
318,Vĩnh Thạnh .nha Trang.khánh Hoà Khánh Hòa,12.2496595,109.1823727
319,"32 ngõ 40 Phan đình giót, phương liệt Hà Nội",20.99183987200007,105.83880499700008
320,Vũng Tàu Bà Rịa Vũng Tàu,10.3505359,107.0715014
321,Thôn 18 xã Hải Thịnh Ninh Bình,20.733674234000038,105.75778824600008
322,391 võ nguyên giáp an khánh thủ đức TP HCM,10.8092906,106.7559898
323,586 phú thứ cái răng cần thơ Cần Thơ,10.0040074,105.798945
324,Lô Ii- 8.2 Khu công nghiệp Quế Võ Ii Bắc Ninh,21.126556570665056,106.2220431130834
325,Đắk lắk Đăk Lăk,12.4232112,108.1776243
326,87 tân thắng tân sơn nhì TP HCM,10.7998508,106.6153024
327,1 Lê Đình Kiên Hưng Yên,20.6451871,106.0674798
328,"ngõ 71/1 Gia Thượng, Bồ Đề, Hà Nội Hà Nội",21.0647844,105.867636
329,"56 Vũ Đức Thận, Long Biên Hà Nội",21.055401626000048,105.89184227000004
330,55 tố hữu nam từ liêm hà nội Hà Nội,20.99267009100004,105.78687439400004
331,Vạn phuc hà đông Hà Nội,20.9803574,105.7756187
332,"122 Phố Thái Thịnh, Đống Đa, Hà Nội",21.0080135,105.8204891
333,"139 ly thuong kiet, uong bi Quảng Ninh",21.0369103,106.7625473
334,"Đặng Thúc Vịnh, Thới Tam Thôn, Hóc Môn TP HCM",10.8883528,106.6051213
335,"269 Phạm Văn Đồng , Hà Nội Hà Nội",21.054262,105.7817064
336,Tp Hcm TP HCM,10.7923429,106.6789793
337,"Xuân Cẩm, hiệp hoà Bắc Giang",0.0,0.0
338,Hàm Nghi - Hà Nội Hà Nội,21.0358775,105.7619161
339,"Số 3&5 Nguyễn Văn Linh, Gia Thuỵ, Long Biên, Hn Hà Nội",21.05118304000007,105.89151570500007
340,"Số 340 Nguyễn Văn Linh, P.Bình Thuận, Q7 TP HCM",10.739374655000065,106.72136959900008
341,"Số 09 Mai Chí Thọ, Giang Biên, Long Biên Hà Nội",21.061418480000043,105.91333712900008
342,"340-340a Nguyễn Văn Linh, P. Tân Thuận TP HCM",10.7521341,106.7256405
343,"2 đường 79, quận 7, HCM TP HCM",10.7062367,106.7293926
344,"523A đường số 1, KDC Gia Hoà, Phường Phước Long TP HCM",10.8153437,106.7762692
345,"20 Cộng Hoà, Phường Tân Sơn Nhất, Hcm TP HCM",10.8008847,106.6588089
346,Đô Lương 1 nghệ an Nghệ An,18.8974574,105.3079705
347,"77 Nguyễn Văn Cừ, Long Biên Hà Nội",21.0242618,105.9203066
348,"Số 3+5 Nguyễn Văn Linh, Gia Thụy, Long Biên, Hn Hà Nội",21.05118304000007,105.89151570500007
349,"290 Đ. Phạm Văn Đồng, Hạnh Thông TP HCM",10.8183828,106.6866804
350,"247 Tuyến Tránh Quốc Lộ 1A, phường 5 Thành Phố Tân An Long An",10.558886890000052,106.41339132400007
351,"19 Phan Văn Trị, Phường 1, Quận Gò Vấp TP HCM",10.828413498000032,106.68520769900005
352,"Số 8 Đường số 7, KCX Tân Thuận, P. Tân Thuận Đông TP HCM",10.742532453000024,106.73384929100008
353,"3-5 Nguyễn Văn Linh, Long Biên Hà Nội",21.0242618,105.9203066
354,"113A Đ. Nguyễn Hữu Thọ, Phước Kiển, Nhà Bè TP HCM",10.71856630600007,106.70201875800008
355,"36 Nguyễn Thị Nhung, kđt Vạn Phúc, Thủ Đức TP HCM",10.843952800000013,106.7130439
356,33/14/19 Đ. Bùi Văn Ngữ TP HCM,10.869948432000058,106.61774715300004
357,140 Nguyễn Văn Giáp Hà Nội,21.0115663,105.7613681
358,Quận 7 TP HCM,10.73785,106.729695
359,Đan Phượng Hà Nội,21.0895225,105.6650693
360,Q Tân Bình TP HCM,10.8030699,106.6522252
361,Trần Hưng Đạo Cầu Kho Quận 1 TP HCM,10.7565365,106.6863305
362,Mỹ Đình Hà Nội,21.0205027,105.7639271
363,Q. Phú Nhuận TP HCM,10.8010061,106.6797643
364,269 Phạm Văn Đồng Hà Nội,21.0654691,105.7849246
365,584 Lạc Long Quân Tây Hồ Hà Nội,21.0755548,105.8141427
366,quận Tân Phú TP HCM,10.7918681,106.6277515
367,quận 7 TP HCM,10.73785,106.729695
368,Quận 1 TP HCM,10.7753939,106.6996249
369,Long Biên Hà Nội,21.0232241,105.898496
370,Q.Gò Vấp TP HCM,10.8353538,106.6740337
371,Q. Long Biên Hà Nội,21.036727,105.898499
372,Quận Nam Từ Liêm Hà Nội,21.0185679,105.7576128
373,Q12 TP HCM,10.8613668,106.7055311
374,Quận 12 TP HCM,10.8612652,106.6642083
375,Thuận An Bình Dương,10.9460202,106.7089727
376,Gò Vấp (Sau lưng Coopmark) TP HCM,10.7737261,106.7166008
377,Midtown TP HCM,10.7252344,106.7289984
378,Hcm TP HCM,11.1731916,106.4187843
379,Quận 6 TP HCM,10.7458901,106.6391994
380,Số 8 Phạm Hùng Hà Nội,21.0341595,105.7799626
381,Yên Hoà Hà Nội,21.0142565,105.7956255
382,Tây Hồ Hà Nội,21.0627805,105.8184637
383,Q. Bình Thạnh TP HCM,10.812271,106.7040393
384,Quận 2 TP HCM,10.7920766,106.7317466
385,Q. Tân Bình TP HCM,10.8030699,106.6522252
386,Quận Cầu Giấy Hà Nội,21.0298464,105.7913272
387,TP. Vũng Tàu Bà Rịa Vũng Tàu,10.4908509,107.1842843
388,Phạm Hùng Hà Nội,21.0240285,105.7784792
389,58 Phan Khiêm Ích TP HCM,10.733031,106.7080269
390,Quận Gò Vấp TP HCM,10.8353538,106.6740337
391,Bắc Từ Liêm Hà Nội,21.0461067,105.762101
392,Q. Thanh Xuân Hà Nội,20.994215,105.8193007
393,Linh Đàm Hà Nội,20.9674993,105.8365778
394,Hà Đông Hà Nội,20.9702189,105.7749565
395,TP.Thủ Dầu Một Bình Dương,11.0603116,106.6879506
396,thành phố hồ chí minh TP HCM,10.8073613,106.7565052
397,Dương Nội Hà Nội,20.9752796,105.7510178
398,Quận Cầu Giấy ( Cạnh Công Viên Yên Hoà ) Hà Nội,21.020650740000065,105.79545124300006
399,Dĩ An Bình Dương,10.8792293,106.7595438
400,217 phạm văn đồng Hà Nội,21.0654691,105.7849246
401,TP. Thủ Đức TP HCM,10.8510238,106.7548953
402,Vĩnh Yên Vĩnh Phúc,21.313699,105.5956577
403,463a Trần Hưng Đạo Quận 1 Tp Hcm,10.7563944,106.6852331
404,TP Bảo Lộc Lâm Đồng,11.5460816,107.8094962
405,Nam Từ Liêm Hà Nội,21.0067943,105.7864181
406,Gò Vấp TP HCM,10.8158694,106.6846752
407,Quận 5 TP HCM,10.7558252,106.6682845
408,TP Hải Dương,20.9330747,106.330626
409,TP Thủ Đức TP HCM,10.8510238,106.7548953
410,P. Yên Hòa Hà Nội,21.0142565,105.7956255
411,Q7 TP HCM,10.7223724,106.7421981
412,Quận Cầu Giấy( Cạnh Công Viên Yên Hoà ) Hà Nội,21.020650740000065,105.79545124300006
413,Phước Long Bình Phước,11.7854031,106.9913745
414,Tân Hiệp Biên Hoà  Đồng Nai,10.6737797,107.0349127
415,tp.hcm TP HCM,10.7923429,106.6789793
416,Q Phú Nhuận TP HCM,10.8010061,106.6797643
417,TP. HCM TP HCM,10.8373657,106.6340088
418,Hải Dương,20.9602884,106.3604393
419,Tx kỳ anh ha tinh Hà  Tĩnh,18.0527966,106.3567324
420,Quận Tân Bình TP HCM,10.8030699,106.6522252
421,30 tam châu TP thủ đức TP HCM,10.8640509,106.7450606
422,Lô 2 Nguyễn Khánh Toàn Cầu Giấy Hà Nội,21.0380319,105.7953544
423,TP Hoa Lư Ninh Bình,20.2498255,105.9565342
424,269 phạm văn đồng Hà Nội,21.0654691,105.7849246
425,Q. Gò Vấp TP HCM,10.8353538,106.6740337
426,Đống Đa Hà Nội,21.0242336,105.8410067
427,Tphcm TP HCM,10.7659087,106.6446124
428,Đà Nẵng,16.068,108.212
429,933 Âu cơ phường Tân Sơn nhì TP HCM,10.7987219,106.6374728
430,Tổ 2 kp 4 phường an hoà tp biên hoà Đồng Nai,10.890236621000042,106.86212271500004
431,Tp Thủ Đức TP HCM,10.8510238,106.7548953
432,phường Bình Thới TP HCM,10.7629692,106.6423264
433,38 đường dc8 phường tây thạnh TP HCM,10.8060074,106.6089714
434,q12 TP HCM,10.8613668,106.7055311
435,phường Hải Châu Đà  Nẵng,16.0589539,108.2194844
436,Thủy Nguyên Hải Phòng,20.9179864,106.6748497
437,Q.7 TP HCM,10.73785,106.729695
438,Cầu Giấy (đằng sau chợ Nam Trung Yên) Hà Nội,21.01040020000005,105.93721800000009
439,Tân Bình TP HCM,10.7995218,106.6412817
440,Chung cư sơn kỳ TP HCM,10.808978,106.6079566
441,Phường Yên Hòa Hà Nội,21.0142565,105.7956255
442,quận Tân Bình TP HCM,10.8030699,106.6522252
443,quận Lê Chân Hải Phòng,20.8355627,106.6814858
444,an lạc TP HCM,10.7381994,106.6148874
445,kđt xuân phương Hà Nội,20.9705052,105.8263152
446,Hà ội Hà Nội,10.7852678,106.7011105
447,Hai Bà Trưng Hà Nội,21.0149457,105.8520631
448,Đồng Nai,11.4285446,107.1624245
449,Quảng Ninh,21.1718046,107.2012742
450,168 đinh điền. Tp hưng yên,20.675051535000023,106.05849257200003
451,Số 7 Trần Kim Xuyến Hà Nội,21.01745686000004,105.79823899400007
452,KĐT Sala TP HCM,10.772024600000009,106.7241151
453,76 võ liêm sơn p4 quận8 TP HCM,10.737095657000054,106.67549062300009
454,645 quốc lộ 13 TP HCM,10.8348931,106.7139161
455,126 Khuat Duy Tien Hà Nội,20.9968945,105.7993852
456,Láng Hà Nội,21.0063974,105.816087
457,Bình Chánh TP HCM,10.6638681,106.5703407
458,Phường Tây Thạnh TP HCM,10.8130355,106.6227282
459,Phường Nghĩa Đô Hà Nội,21.0432977,105.7943681
460,Quận Thủ Đức TP HCM,10.7797456,106.7574133
461,Tp Hcm,10.7737261,106.7166008
462,TP.Cần thơ,10.0362046,105.7872656
463,210 Võ Chí Công Hà Nội,21.0706109,105.8092269
464,TP HCM,10.7737261,106.7166008
465,Quận Phú Nhuận TP HCM,10.8010061,106.6797643
466,Hoàng Mai Hà Nội,20.9741008,105.8621072
467,Phường Thanh Xuân Hà Nội,20.9983575,105.8042396
468,quận Thanh Xuân Hà Nội,20.994215,105.8193007
469,Quốc Tử Giám Hà Nội,21.0287903,105.8359533
470,Khu 8 thị trấn Đoan Hùng Phú Thọ,21.3007538,105.1349604
471,Tan Bình TP HCM,10.7995218,106.6412817
472,Quận Thanh Xuân Hà Nội,20.994215,105.8193007
473,TP Đà Nẵng,16.068,108.212
474,Long Biên (đối diện BigC Long Biên) Hà Nội,21.0283334,105.854041
475,98 Nguyễn Chí Thanh Hà Nội,21.0228547,105.8098263
476,TP. HCM. TP HCM,10.8373657,106.6340088
477,TP.HCM TP HCM,10.7923429,106.6789793
478,Q.8 TP HCM,10.7211158,106.6292079
479,Q.12 TP HCM,10.8612652,106.6642083
480,HCM (Quận 7 cũ) TP HCM,18.195596797000064,105.68133461400004
481,Tp. Thủ Đức TP HCM,10.8510238,106.7548953
482,Quận Bắc Từ Liêm Hà Nội,21.0730119,105.7613958
483,HN Hà Nội,21.0242336,105.8410067
484,q. Tân Phú TP HCM,10.7918681,106.6277515
485,Q.Phú Nhuận TP HCM,10.8010061,106.6797643
486,Q. Bình Tân TP HCM,10.7703543,106.5995759
487,TP Vinh Nghệ An,18.7358406,105.6906101
488,Tp.HCM. TP HCM,10.8373657,106.6340088
489,Quận 07 TP HCM,10.717168,106.7265685
490,Q. Tây Hồ Hà Nội,21.0682703,105.8239615
491,Gia Lâm Hà Nội,21.0516399,105.8787541
492,Hà nội,21.0283334,105.854041
493,Q.Bình Tân TP HCM,10.7703543,106.5995759
494,Quận Hà Đông Hà Nội,20.9540708,105.7600855
495,Tân Mỹ TP HCM,10.7258082,106.7238126
496,Quận 7 TP HCM,10.73785,106.729695
497,Số 2 nghĩa tân kéo dài Hà Nội,21.043651600000032,105.78805650000004
498,Tp. Hcm TP HCM,10.7923429,106.6789793
499,Tp Nha Trang Khánh Hòa,12.2084991,109.2871204
500,378 Phạm Văn Đồng Hà Nội,21.054262,105.7817064
501,Quốc lộ 1A Thôn Hoàng Thượng Phường Tam Thanh Tỉnh Lạng Sơn,21.8795352,106.7526912
502,Thanh Trì Hà Nội,20.9415559,105.8360164
503,Vinhomes OCP 1 Hà Nội,16.463965708000046,107.58745735500008
504,Q. Gò Vấp TP HCM,10.8353538,106.6740337
505,Bình Tân TP HCM,10.7936653,106.5897712
506,hà Nội,21.0283334,105.854041
507,TP. Hồ Chí Minh TP HCM,10.8073712,106.7564593
508,TP Việt Trì Phú Thọ,21.3323873,105.366022
509,147 Do Xuân Hợp phường tân lợi tp.bmt daklak Đăk Lăk,12.70532815300004,108.04755851000004
510,768 Nguyễn Xiển Hà Nội,20.97697,105.8110618
511,TP Hà Giang,22.8168007,104.9504515
512,Lô E Hạ Yên Quyết Hà Nội,21.020105279000063,105.79463646500004
513,Phạm Văn Bạch Hà Nội,21.0258881,105.7883704
514,16 Trúc Khê Hà Nội,21.0169349,105.8076303
515,KDT An Phú An Khánh phường An Khánh TP HCM,10.8002009,106.7432144
516,Phường Trấn Biên Đồng Nai,10.9507748,106.8221068
517,Quận Nam Từ Liêm Hà Nội,21.0185679,105.7576128
518,Thu Duc TP HCM,10.8464061,106.7716521
519,Sơn Trà Đà  Nẵng,16.1021731,108.2485821
520,Số 9 Lê Văn Lương Hà Nội,21.0059266,105.8053824
521,Thanh Liệt Hà Nội,20.9703922,105.8024692
522,Quận 3 TP HCM,10.7788914,106.6869967
523,Việt Trì Phú Thọ,21.3178347,105.4386546
524,Tp Hải Phòng,20.8830967,106.6790381
525,Trưởng Vinh Nghệ An,18.6595616,105.6970309
526,37 hung vuong Hà Nội,21.0329689,105.8352666
527,33 đường số 19 f8 quận gò vấp TP HCM,10.83845285700005,106.65466285800004
528,Quận Hải Châu Đà Nẵng,16.062514,108.2204436
529,Quận 8 TP HCM,10.7211158,106.6292079
530,Quy nhơn Bình Định,13.9073326,109.0284504
531,Tân Phú TP HCM,10.7761892,106.6384144
532,7/92/66 Ngọc Lâm Hà Nội,21.0470548,105.880776
533,Q1 . Thành phố Hcm TP HCM,10.7717143,106.7050647
534,Hạ long quảng ninh,20.9472556,107.1164673
535,Q.10 TP.HCM TP HCM,10.7725282,106.6682021
536,Ba Đình Hà Nội,21.0395325,105.836423
537,Villa 7 Lô C1 khu đô thị Yên Hoà Hà Nội,21.01931520000005,105.79550321300007
538,Tây mỗ Nam Từ Liêm Hà Nội,21.0058017,105.7485162
539,thành phố Tây Ninh,11.3656049,106.1296188
540,tp thủ đức TP HCM,10.8510238,106.7548953
541,Tp Đà Nẵng Đà  Nẵng,16.071571,108.2093029
542,Bình Dương,11.1826156,106.6738179
543,158 trần phú phường 9 quận 5 TP HCM,10.75888201600003,106.67544471000008
544,Huyện Bình Chánh TP HCM,10.6950833,106.5909297
545,TP Vũng Tàu Bà Rịa Vũng Tàu,10.4908509,107.1842843
546,Lâm Đồng,11.6614957,108.1335279
547,Bình Tân. TP HCM,10.7936653,106.5897712
548,Phường Phú Mỹ TP HCM,10.6019767,107.0521099
549,Lotte quận 7 TP HCM,10.741488340000046,106.70142866000003
550,85 nguyễn thị xiếu. Phường tân thuận. TP HCM,10.7529557,106.7209951
551,160 nguyễn văn quỳ TP HCM,10.7402711,106.7403657
552,Ha Noi Hà Nội,21.0242336,105.8410067
553,P11 Times City Hà Nội,20.9938987,105.8680475
554,Vĩnh Yên Vĩnh Phúc,21.313699,105.5956577
555,82d phố 3 ấp phú lợi 3 xã phú hoà Đồng Nai,11.205698193000046,107.36970396400004
556,Võ Cường Bắc Ninh,21.1751704,106.0593983
557,Mễ Trì Hà Nội,21.0091306,105.7798218
558,Ocean park 1 Hà Nội,21.0010934,105.9432916
559,hưng yên,20.6065846,106.2843471
560,Quỳnh Phụ Thái Bình,20.6426339,106.3334363
561,tphcm TP HCM,10.7659087,106.6446124
562,Lam Van Thanh P11 Da Lat Lâm Đồng,11.9394417,108.4929112
563,Hải An Hải Phòng,20.8247021,106.7215727
564,Royal city Hà Nội,21.0006496,105.8161446
565,Q.bình Tân TP HCM,10.7703543,106.5995759
566,Bà rịa vũng tàu,10.3471705,107.0763626
567,quận 2 TP HCM,10.7920766,106.7317466
568,Hồng Bàng Hải Phòng,20.868587,106.6518479
569,An Giang Đồng Tháp,10.3536573,106.3836371
570,2225 Phạm Thế Hiển P6 Quận 8 TP HCM,10.733245878000048,106.64355152000007
571,Q. Bình Tân TP HCM,10.7703543,106.5995759
572,Bình Phước,11.8000378,106.9151381
573,Đà Nẵng Đà  Nẵng,16.071571,108.2093029
574,Hải Phòng,20.8830967,106.6790381
575,Masteri Thảo Điền TP HCM,10.8026487,106.7423989
576,Ho chi Minh TP HCM,11.2185851,106.4571997
577,Đà nẵng Đà  Nẵng,16.071571,108.2093029
578,Gamuda Gardens Hà Nội,20.970296,105.8788059
579,469 Nguyễn Hữu Thọ TP HCM,10.74164,106.7017062
580,P. An Khánh TP HCM,10.7850885,106.7293654
581,Q2. TP HCM,10.7854062,106.7303062
582,88 Phạm Tu Hà Nội,20.9776576,105.8117231
583,p7 Quận Gò Vấp TP HCM,10.8303484,106.6843366
584,Tp HCM,10.7737261,106.7166008
585,Q. Hà Đông Hà Nội,20.9540708,105.7600855
586,huyện Tân Phú Đồng Nai,11.2784739,107.4680022
587,Tp Hòa Bình,20.884047,105.3694992
588,Tx. Thuận An Bình Dương,0.0,0.0
589,Sóc Sơn Hà Nội,21.2597163,105.8508041
590,Phố Hàm Nghi Hà Nội,21.0341243,105.7673945
591,Tiền Giang (Cách cầu Rạch Miễu 300m) Tiền Giang,10.340118000618611,105.9237600011308
592,Từ Liêm Hà Nội,21.0216051,105.766512
593,Chung cư Him Lam TP HCM,10.8189105,106.7620969
594,P Dĩ An tp HCM Bình Dương,10.8792293,106.7595438
595,Tp Buôn Ma Thuột Đăk Lăk,12.6612624,108.0310213
596,627 Duy Tân Kon Tum,14.3776343,108.0158681
597,Quận 1 phường bến nghé tp hcm,10.786448,106.7036312
598,47 Phạm Văn Đồng Hà Nội,21.0482897,105.7790869
599,Long biên Hà Nội,21.0232241,105.898496
600,Hiệp Bình TP HCM,10.8496138,106.7191368
601,huyện Gia Lâm Hà Nội,21.0222252,105.9382319
602,Hoài Đức Hà Nội,21.0228962,105.7035484
603,Ninh Bình,20.2572874,105.971931
604,Cầu Giấy (cạnh chợ Nam Trung Yên) Hà Nội,21.013538299999997,105.7895916
605,370 Cầu Giấy Hà Nội,21.0358991,105.7918052
606,Phúc Yên Phú Thọ,21.3149047,105.7321959
607,Thủ Dầu Một Bình Dương,11.0603116,106.6879506
608,Hà Nội ( cách bến xe yên nghĩa 100M) Hà Nội,21.02595100000002,105.77694960000002
609,tiêu động Hà Nam,20.9179197,105.8728219
610,bacgiang Bắc Giang,0.0,0.0
611,Bình Dương TP HCM,11.0603116,106.6879506
612,Đông Sơn Thanh Hóa,19.794252,105.7936788
613,Cầu Giấy (Gần công chợ Nam Trung Yên) Hà Nội,21.01040020000005,105.93721800000009
614,Bố Trạch Quảng Bình,17.8442841,106.44184
615,long khánh Đồng Nai,10.9394857,107.234507
616,Ngô Quyền Hải Phòng,20.8669098,106.7014839
617,phường Buôn Ma Thuột Đăk Lăk,12.6843232,108.0508288
618,102 Ngô Gia Tự TP HCM,10.7635483,106.6714927
619,Ngã ba xưa Hòa Bình,20.686643591000063,105.31352005000008
620,Quận Long Biên Hà Nội,21.036727,105.898499
621,68 Phạm Tu ( gần viện k3 tân triều ) Hà Nội,21.0283334,105.854041
622,tỉnh Hưng Yên Thái Bình,20.4031348,106.5941615
623,Hưng Phú Cần Thơ,10.0193544,105.7822211
624,Đăk Lăk,12.8741856,108.7979302
625,Bến xe cũ thành phố Điện Biên Phủ Điện Biên,21.41753690271819,103.00610922446356
626,Nội Bài Hà Nội,21.204689,105.7861629
627,Tp Pleiku Gia Lai,13.9602456,108.015887
628,Phường Tứ Minh Hải Dương,20.9359109,106.3053196
629,TP Thuận An Bình Dương,10.9044531,106.700634
630,Tp hồ chí minh TP HCM,10.8073613,106.7565052
631,Hà Nội. Hà Nội,21.0242336,105.8410067
632,Thác bà yên bình yên bái,0.0,0.0
633,Hoàng mai Hà Nội,20.9741008,105.8621072
634,Cái Bè Tiền Giang,10.3391637,106.0390578
635,77m/4 kp18 phường Long Bình Đồng Nai,10.96087908000004,106.91436902500004
636,Thái  Nguyên Thái Nguyên,21.5874871,105.8015959
637,Phước Long B Quận 9 TP HCM,10.8392193,106.769575
638,Xuân phương Hà Nội,21.0515439,105.7341625
639,khánh hoà Khánh Hòa,12.4894951,109.1238365
640,tam bình thủ đức hồ chí minh TP HCM,10.8686181,106.7350611
641,Thái Nguyên,37.8699921,112.5437075
642,Hồng Hà Nội,21.0485646,105.8524216
643,Thanh Ba Phú Thọ,21.4507067,105.1662612
644,35/10a tân thới nhất quận 12 TP HCM,10.838706572750198,106.61628771530587
645,Thành phố Đà Nẵng Đà  Nẵng,16.071571,108.2093029
646,Thành Phố Long Khánh Đồng Nai,10.9394857,107.234507
647,Lĩnh nam hà nội,20.9764947,105.8962454
648,24 Đội cấn Hà Nội,21.0387786,105.8215668
649,Thanh Khê Đà  Nẵng,16.071571,108.2093029
650,Nguyễn Duy Trinh TP HCM,10.8021525,106.8123791
651,Thành phố hòa bình,20.884047,105.3694992
652,hcm TP HCM,11.1731916,106.4187843
653,H. Bình Chánh TP HCM,10.7104457,106.6429003
654,Phường Hạc Thành Tỉnh Thanh Hoá Thanh Hóa,19.8128131,105.7677621
655,1130 nguyen van cu loc phat Lâm Đồng,11.599154156000054,107.84420684200006
656,Thới Hòa Bến Cát Bình Dương,11.0575746,106.6915871
657,bình dương,11.1826156,106.6738179
658,Bình Định,14.1086959,109.1145897
659,số 5 vĩnh trinh vĩnh thạnh cần thơ,10.2907095,105.454769
660,An Khánh Cần Thơ,10.0448176,105.7554453
661,36 Hoàng Cầu Hà Nội,21.0187409,105.8240656
662,Hành Thong TP HCM,10.8202873,106.6832189
663,Ninh Hải Ninh Thuận,11.6592903,109.0646319
664,phú thọ Vĩnh Phúc,21.3647247,105.5836703
665,Buôn Ma Thuột Đăk Lăk,12.6612624,108.0310213
666,399 nguyễn xiển/hoàng mai/ hà nội,20.980814443000043,105.81141109900004
667,Sơn Lộc bố Trạch quảng. Bình Quảng Bình,0.0,0.0
668,Cái Răng Cần Thơ,10.0061865,105.7513421
669,Thụy Hùng Lạng Sơn,21.9144427,106.7235468
670,4/4 kp4 Bình Thuận quận 7 TP HCM,10.671282193000025,106.73013403300008
671,Thành phố Đông Hà Quảng Trị,16.802493,107.0953385
672,thủ đức TP HCM,10.8505674,106.7585291
673,Phường Dĩ An Bình Dương,10.8864292,106.8099731
674,ha noi Hà Nội,21.0242336,105.8410067
675,Nghệ An,19.1976001,105.060676
676,Đắk Nông Đăk Nông,14.7983368,107.6897784
677,Melosa Garden TP HCM,10.780777100000025,106.79223059999998
678,Phú Yên,13.1998999,109.2390033
679,Pleiku Gia Lai,13.9773432,108.0002025
680,Giang tiên phú lương thái nguyên,21.6725509,105.7392805
681,Thanh trì Hà Nội,20.9415559,105.8360164
682,phường Vĩnh Hưng Hà Nội,20.9872072,105.8756674
683,Tây Ninh,36.824463,101.440811
684,hà nội,21.0283334,105.854041
685,phường bình tân TP HCM,10.7936653,106.5897712
686,Đức Hòa Long An,10.8922179,106.3941425
687,Buôn hồ Đăk Lăk,12.8510379,108.2864454
688,Thị trấn Đông Anh Hà Nội,21.1352589,105.8618583
689,TP.Thủ Đức TP HCM,10.8510238,106.7548953
690,An Duong Vuong Hà Nội,21.0914437,105.7859641
691,Huyện Dầu Tiếng Bình Dương,11.2944887,106.3866135
692,Hiệp Phước TP HCM,11.3083828,106.4254215
693,247/109/2 lạc long quân TP HCM,10.76483150300004,106.64186660700004
694,35trưnờng Sa Đà  Nẵng,16.068,108.212
695,viêt đoan tiên du Bắc Ninh,21.1091615,105.9928656
696,Hưng Yên,20.6065846,106.2843471
697,phường Hiệp Bình Phước Thủ Đức TP HCM,10.8557053,106.7224888
698,Đại linh nam từ liêm hà nội,20.995214950000047,105.77149594900004
699,tân phú TP HCM,10.7761892,106.6384144
700,Long An,23.1038568,107.6946613
701,Bản đúng Bắc Ninh,21.1920584,106.0605123
702,Ninh Thuận,11.4639176,109.1316501
703,Thị Trấn Trảng Bom Đồng Nai,0.0,0.0
704,Đồng Nai Đồng Nai,10.9182878,106.8481538
705,hn Hà Nội,21.0242336,105.8410067
706,Mang Yang Gia Lai,13.9558057,108.3160606
707,Đăk lăk,12.8741856,108.7979302
708,Chư Sê Gia Lai,13.6977109,108.095909
709,phường hoàng liệt Hà Nội,20.9619101,105.83654
710,117c/1 Khu phố 7 phường hố nai Đồng Nai,10.9646213,106.9108065
711,Vĩnh phúc,24.9835232,109.9783989
712,thị trấn huyện yên châu Sơn La,21.045441297000025,104.29817902000008
713,thanh hoa Thanh Hóa,19.8128131,105.7677621
714,Đ Đồng Nai,12.2447599,109.1804765
715,Phường Từ Liêm Hà Nội,21.0216051,105.766512
716,Tp. Hải Dương,20.9330747,106.330626
717,Phường long mỹ Cần Thơ,9.6890907,105.6219219
718,9 Phạm Phú Thứ p11 quận Tân Bình. TP HCM,10.788619936000032,106.64983456400006
719,Huyện Cư Jút Đăk Lăk,0.0,0.0
720,Đăk Nông,12.2807367,107.742636
721,Mỹ Lộc Nam Định,20.4292188,106.0894496
722,thanh hoá Thanh Hóa,19.8128131,105.7677621
723,Củ Chi TP HCM,10.9744159,106.4948968
724,Quận Hoàng Mai Hà Nội,20.975392,105.8573399
725,Vòng Xoay Cổng 11 Biên Hoà Đồng Nai,10.91659429300006,106.87857639000003
726,TP Hồ Chí Minh TP HCM,10.8073613,106.7565052
727,Gia Lai,14.0201373,108.6354524
728,Gia  Lai Gia Lai,13.9657486,108.0219734
729,Duy Xuyên Quảng Nam,15.8434221,108.2808133
730,Ngọc xuyên đồ sơn hải phòng,20.7228648,106.7811582
731,Kdc 9 Tdp Lã Điền P. Vị khê Tỉnh Ninh Bình,20.2572874,105.971931
732,phường thới an TP HCM,10.8794994,106.6581461
733,Thành Phố Phan Thiết Bình Thuận,10.9288788,108.1014091
734,Tp tân an Long An,10.5389424,106.4045422
735,Hoàng Mai Hà Nội. Hà Nội,20.9741008,105.8621072
736,Đắk Lắk Đăk Lăk,12.4232112,108.1776243
737,xã Nhà Bè TP HCM,10.6953143,106.7148548
738,Hai Phòng Hải Phòng,20.856022,106.6875207
739,Phường Hòa Lợi TP HCM,11.0829246,106.6559116
740,Hồ chí minh TP HCM,11.3759209,106.607924
741,Vĩnh Lộc Thanh Hóa,20.0408855,105.6489677
742,Phương Canh Nam Từ Liêm Hà Nội,21.0380687,105.7466523
743,Liên Bảo Vĩnh Yên Vĩnh Phúc,21.3220871,105.6031503
744,Phương Liệt Hà Nội,20.993676,105.8316123
745,500 Đoàn Văn Bơ P14 Q4 TP HCM,10.759898087000067,106.70938502000008
746,Trừ văn thổ huyện bàu bàng Tỉnh bình dương,0.0,0.0
747,Hoan Kiem Hà Nội,21.0323032,105.8506925
748,Chương Mỹ Hà Nội,20.9230945,105.7036533
749,Vĩnh thạnh trung An Giang,10.5860616,105.2300087
750,Gang Thép Thái Nguyên,21.5425979,105.8661274
751,Lục Ngạn Bắc Giang,21.3820872,106.587715
752,Hoà sơn hoà vang đà nẵng Đà  Nẵng,0.0,0.0
753,Phạm Văn Đồng Bình Dương,11.0609353,106.6710164
754,Kinh Môn Hải Dương,20.9947321,106.5474227
755,Nghi Xuân Hà  Tĩnh,18.6444942,105.7575311
756,Bến Cát Bình Dương,11.0524088,106.6786935
757,Đồng Xoài Bình Phước,11.4937299,106.8658745
758,Tân Tây Đô . Ô Diên . Hà Nội,21.0742666,105.7015293
759,Vĩnh Phúc,24.9835232,109.9783989
760,Sông công thái nguyên,21.4912425,105.8211848
761,75 Hà Công Kim Trà Huế Thừa Thiên Huế,16.4918547,107.5255309
762,Trảng Bom Đồng Nai,10.9531344,107.0041964
763,Bà Rịa Vũng Tàu,10.3471705,107.0763626
764,Yết kiêu hải dương,20.8556803,106.201087
765,đồng nai. Đồng Nai,10.9410542,106.8097889
766,Ngãi cầu an khánh hà nội,20.9589235,105.7392835
767,Thanh Hóa,19.9781573,105.4816107
768,482/28 Đường 30/4 Phường Hưng Lợi Q.Ninh Kiều Tp.Cần Thơ,10.019264700000065,105.76598385400008
769,thành phố nam định,20.4377742,106.1475588
770,Chơn Thành Bình Phước,11.4495739,106.6480715
771,Thông Tây Hội TP HCM,10.8424288,106.6569642
772,ấp ninh phước. xã ninh quới Bạc Liêu,9.47226077700003,105.49739305300004
773,Cổ loa Đông Anh Hà Nội,21.1332778,105.8733924
774,phuong Ha Giang 1 Hà Giang,22.8129376,104.9651669
775,Hạ Hòa Phú Thọ,21.5876055,104.9985143
776,Vinh Hưng Nghệ An,18.6945315,105.6688371
777,467 hùng vương chưpub gia lai,13.711997105000025,108.06614542700004
778,xã Trung Nguyên Phú Thọ,0.0,0.0
779,Phúc thọ hà nội,21.1096017,105.5395353
780,Hải phòng,20.8623278,106.6799266
781,Kim Sơn Ninh Bình,20.0239313,106.1037111
782,Tp Hải Phòng Hải Dương,20.9330747,106.330626
783,xã Pà Vầy Sủ Tuyên Quang,22.6626609,104.4269013
784,Nông cống Thanh Hóa,19.626195,105.6499863
785,Hoang mai ha noi Hà Nội,20.9741008,105.8621072
786,Kép1 hồng giang lục ngạn bắc giang,21.39004540000008,106.61407880000009
787,hát Môn Hà Nội,21.1284632,105.6166245
788,TP Buôn Ma Thuột Đăk Lăk,12.6612624,108.0310213
789,Q Tân Phú TP HCM,10.7918681,106.6277515
790,Q. Đống Đa Hà Nội,21.01451,105.8234093
791,Quận Tân Phú TP HCM,10.7918681,106.6277515
792,Q.Thanh Xuân Hà Nội,20.994215,105.8193007
793,Hà Nội (Cạnh bến xe Nước Ngầm) Hà Nội,20.96536100000003,105.84340800000008
794,Huyện Hoài Đức Hà Nội,21.0228962,105.7035484
795,Tp. Cẩm Phả Quảng Ninh,21.0106431,107.2705943
796,Hải Phòng. Hải Phòng,20.856022,106.6875207
797,Thành Phố Thủ Đức TP HCM,10.8510238,106.7548953
798,TP. Buôn Ma Thuột Đăk Lăk,12.6612624,108.0310213
799,Tp Hà Tĩnh,18.3728753,105.9358416
800,Phường Bàn Cờ TP HCM,10.7700325,106.6820112
801,Q. Nam Từ Liêm Hà Nội,21.0185679,105.7576128
802,Số 105 Láng Hạ Hà Nội,21.01307957900008,105.81289822600009
803,Nghĩa Đô Hà Nội,21.0432977,105.7943681
804,Phường Tăng Nhơn Phú TP HCM,10.8449268,106.7864288
805,Tp. Hồ chí minh TP HCM,10.8073712,106.7564593
806,Hà Nam,34.0000001,113.9999999
807,TP. Bà Rịa Vũng Tàu,10.4908509,107.1842843
808,Bắc Ninh,21.3282166,106.4625257
809,đắk Lắk Đăk Lăk,12.4232112,108.1776243
810,Cầu Giấy  Hà Nội,21.0292159,105.8033629
811,Hồng Hải Quảng Ninh,20.9478504,107.1048223
812,159 Điện Biên Phủ TP HCM,10.7950101,106.7019184
813,Đông Triều Quảng Ninh,21.0836552,106.5138115
814,Phường Tân Sơn Hòa TP HCM,10.7971454,106.6646052
815,Từ Liêm (Gần SVĐ Mỹ Đình) Hà Nội,21.0283334,105.854041
816,Cầu Giấy (Sau big C Thăng Long) Hà Nội,21.006956143000025,105.79432814500008
817,Bắc Từ Liêm Hà Nội,21.0730119,105.7613958
818,TP.Thái Nguyên,21.5874871,105.8015959
819,Phường Buôn Mê Thuột Đăk Lăk,12.6881928,108.0326586
820,86 Nguyễn Chánh Cầu Giấy Hà Nội,21.0201437,105.7857425
821,Xã Sơn Dương Tuyên Quang,21.6982755,105.3916841
822,Q.Tân Phú TP HCM,10.7918681,106.6277515
823,Quận Hồng Bàng Hải Phòng,20.9024256,106.6001039
824,Trung Thành Thái Nguyên,21.3655865,105.8750945
825,Tp Hà Nội,21.0283334,105.854041
826,Phường Kinh Môn Hải Dương,21.0004219,106.5401299
827,Yên Hòa Cầu Giấy Hà Nội,21.0300087,105.7980215
828,765 Nguyễn Xiển Hà Nội,20.97697,105.8110618
829,Q. Cầu Giấy Hà Nội,21.0298464,105.7913272
830,Ba la hà Đông Hà Nội,13.7614899,100.4782009
831,Hoàng Mai) Hà Nội,20.9741008,105.8621072
832,Cầu Giấy (đối diện 96 NKT) Hà Nội,21.03153194900005,105.80006164900004
833,tt Yên Thành Nghệ An,19.0077694,105.5337827
834,Sơn Dương Tuyên Quang,21.6982755,105.3916841
835,Đà Lạt Lâm Đồng,11.9082632,108.4572089
836,19 Lê Văn Lương (chân cầu vượt Lê Văn Lương) Hà Nội,21.009302001782125,105.80998250136707
837,Tp Hạ Long Quảng Ninh,20.9527405,107.1057622
838,Hòa Bình,20.7090533,105.2576439
839,Thành phố Pleiku Gia Lai,13.9602456,108.015887
840,Phường Chánh Hưng TP HCM,10.7450005,106.6758155
841,Việt Hưng Hà Nội,21.0637621,105.9058988
842,130 Nguyễn tất thành phường 13 Q4 Long An,10.76391729100004,106.70765377800006
843,thành phố Bến Cát Bình Dương,11.0603116,106.6879506
844,292 Độc lập Ql 51 Phường Phú Mỹ Tphcm TP HCM,10.642185,107.0443984
845,Bến xe yên nghĩa ba la hà Đông Hà Nội,20.94958900000006,105.74768140000003
846,Kengnam _hn Hà Nội,21.07993650000003,105.70980750000008
847,TP Đà Lạt Lâm Đồng,11.9082632,108.4572089
848,hà nội. Hà Nội,21.0242336,105.8410067
849,H. Đức Trọng Lâm Đồng,11.7441,108.3694912
850,hà đông Hà Nội,20.9702189,105.7749565
851,thành phố Hà Nội,21.0283334,105.854041
852,1B Nguyễn Văn Huyên Cầu Giấy  Hà Nội,21.0373739,105.7965452
853,Cầu Giấy (sau Keang Nam) Hà Nội,21.0283334,105.854041
854,TX Thuận Thành Bắc Ninh,21.0381566,106.0778751
855,Hóc Môn TP HCM,10.8860463,106.5927134
856,Tp Dĩ An TP HCM,10.9065559,106.7685029
857,Q.Long Biên Hà Nội,21.036727,105.898499
858,17 đường 10b kdc vĩnh lộc p. Bình tân TP HCM,10.804938738000033,106.59104577500004
859,Xã Vĩnh Lại Hải Phòng,20.7821555,106.3649503
860,huyện Thuỷ Nguyên Hải Phòng,20.9160303,106.6753677
861,Nguyen Du TP HCM,10.8279732,106.685104
862,TP. Bắc Ninh,21.1751704,106.0593983
863,69 Nguyễn Chánh Hà Nội,20.9653389,105.8240128
864,Xuân Phương Hà Nội,21.0515439,105.7341625
865,Hoài Đức (gần Công viên Thiên Đường Bảo Sơn) Hà Nội,20.99882800000006,105.73385900000004
866,Cầu Giấy Hà Nội,21.0292159,105.8033629
867,Thị trấn Đoan Hùng Phú Thọ,0.0,0.0
868,Phường Hàm Rồng Thanh Hóa,19.8389439,105.7860937
869,Thuỷ Nguyên Hải Phòng,20.9179864,106.6748497
870,Tỉnh Đăk Lăk,12.8741856,108.7979302
871,huyện Thanh Trì Hà Nội,20.9415559,105.8360164
872,Quận Kiến An Hải Phòng,20.8059869,106.6320997
873,11 Nguyễn Quốc Trị Hà Nội,21.013874,105.7882518
874,Phường Thượng Thanh Hà Nội,21.064632,105.8829297
875,Huyện Lâm Thao Phú Thọ,21.3265218,105.2894504
876,Thành phố Thuận An Bình Dương,10.9460202,106.7089727
877,Văn Giang Hưng Yên,20.9293208,105.9326937
878,Tp.hcm TP HCM,10.7923429,106.6789793
879,TpHCM TP HCM,10.7659087,106.6446124
880,TP. Pleiku Gia Lai,13.9602456,108.015887
881,TP Quy Nhơn Bình Định,13.7701048,109.2324201
882,P. Hòa Xuân Đà  Nẵng,16.0049492,108.2204494
883,Hà đông Hà Nội,20.9702189,105.7749565
884,Phường Yên Sở Hà Nội,20.9638518,105.8658241
885,395 Nguyễn Xiển ( Đối diện trụ T142 ) Hà Nội,18.34253701600005,105.90262439100007
886,Bắc Tân Uyên Bình Dương,11.0458979,106.6749422
887,Số 390 Nguyễn Hữu Thọ Đà Nẵng,16.0435964,108.2099534
888,Q Bình Thủy Cần Thơ,10.0605676,105.721033
889,Đức Trọng (Gần cổng sân bay liên Khương) Lâm Đồng,11.748124467000023,108.36764211700006
890,Quận Cẩm Lệ Đà Nẵng,16.016946,108.2033469
891,Thường Tín Hà Nội,20.8719979,105.86414
892,Sơn Tây Hà Nội,21.1391687,105.5045108
893,Yên Thành Nghệ An,19.0205344,105.4145724
894,84 tổ 7 Đông Anh Hà Nội,21.0908069,105.8666636
895,Di Linh Lâm Đồng,11.5816524,108.076328
896,Xã Hạ Hoà Phú Thọ,21.5829602,105.0326344
897,Cấu Giấy Hà Nội,21.0292159,105.8033629
898,Q8 TP HCM,10.7342222,106.6543259
899,01 Trần Quý Kiên TP HCM,10.777397,106.7467126
900,314 Lũy Bán Bích Hòa Thạnh Tân Phú TP HCM,10.7935911,106.6378683
901,Thành Phố Bắc Ninh,21.1751704,106.0593983
902,Mỹ đình Hà Nội,21.0205027,105.7639271
903,379 Phạm Văn Đồng Hà Nội,21.054262,105.7817064
904,Hương Canh Vĩnh Phúc,21.2939294,105.629697
905,Khối 22 phường Vinh Phú Nghệ an (Đường 72m Đại lộ Vinh Cửa Lò) Nghệ An,18.698985400000023,105.67173730000007
906,Biên Hòa Đồng Nai,10.9507929,106.8263284
907,TP Vĩnh Yên Vĩnh Phúc,21.3064256,105.5985972
908,Tu son bac ninh Bắc Ninh,21.1159424,105.9559119
909,Số nhà 23 Tằng Mỹ xã Phúc Thịnh Tp Hà Nội,21.0283334,105.854041
910,bắc từ liêm Hà Nội,21.0461067,105.762101
911,Lâm Hà Lâm Đồng,11.8606211,108.2842467
912,cantho Cần Thơ,10.0433764,105.7864891
913,Phú thọ Thủ dầu một Bình Dương,11.061663,106.7040339
914,Trường Chinh Hà Nội,21.0447918,105.7883504
915,Cần Thơ,10.0362046,105.7872656
916,Q Gò Vấp TP HCM,10.8353538,106.6740337
917,bình thạnh TP HCM,10.8111809,106.7033938
918,Thạch Thất Hà Nội,21.0666388,105.5617779
919,8 Ngô Gia Tự Long Biên Hà Nội,21.0699651,105.9041394
920,TP. Hà Nội,21.0283334,105.854041
921,2 Bùi Quang Là P12 Gò Vấp Tphcm TP HCM,10.83637708200007,106.63606771200006
922,317 Phạm Văn Đồng Hà Nội,21.0712211,105.7857795
923,Nguyễn Luơng Bằng Hải Phòng,20.8247793,106.2244125
924,247 phạm văn đồng huế Thừa Thiên Huế,16.4882214,107.6026244
925,Hà Tĩnh Hà  Tĩnh,18.3728753,105.9358416
926,153 hồ nghinh Đà  Nẵng,15.5829723,108.4752931
927,Gò vấp TP HCM,10.8158694,106.6846752
928,88 nguyễn xiển Hà Nội,20.9897426,105.8041897
929,Vinhome Smart City Hà Nội,21.0062273,105.7348309
930,125 Nguyễn Sơn Hà Nội,21.0469438,105.8809791
931,BTL Hà Nội,21.1530538,105.7792893
932,Phạm Văn Đồng Hà Nội,21.0634126,105.7842941
933,89 phú lương hà đông hà nội,20.941857312000025,105.75934447000007
934,Phú Lương Thái Nguyên,21.7695907,105.7142948
935,Hoàn Kiếm Hà Nội,21.0323032,105.8506925
936,Hoằng Hóa Thanh Hóa,19.8657793,105.8581963
937,quận Bình Tân TP HCM,10.7703543,106.5995759
938,Mê Linh Hà Nội,21.1568599,105.7333502
939,160 Nguyễn Văn Cừ Hà Nội,21.0546798,105.8860134
940,vinh loc thanh hoa Thanh Hóa,20.0408855,105.6489677
941,Hà nam,34.0000001,113.9999999
942,308 Đ. Nguyễn Duy Trinh TP HCM,10.7908156,106.7860466
943,530 Kinh Dương Vương TP HCM,10.7435024,106.6212751
944,15 Lê Quang Định Bà Rịa Vũng Tàu,10.383998366000071,107.09731020600007
945,KĐT Vân Canh Hà Nội,21.0279583,105.7395203
946,quận 2 Tp Hcm,10.7920766,106.7317466
947,phường Yên Hòa Hà Nội,21.0142565,105.7956255
948,Công Viên Cầu Giấy Hà Nội,21.0295846,105.7915148
949,Ninh gia Lâm Đồng,21.084107,105.9411959
950,Quan 12 TP HCM,10.8612652,106.6642083
951,quận 12 TP HCM,10.8612652,106.6642083
952,tien hoi dong anh ha noi Hà Nội,21.0955054,105.864853
953,278 Hoà Bình TP HCM,10.769777,106.6443804
954,Hoa lư Ninh Bình,20.2421142,105.9746207
955,Lagi bình thuận,10.6885819,107.7568446
956,Kinh Môn Hải Phòng,20.9879641,106.5555019
957,Tỉnh Nghệ An,19.1976001,105.060676
958,38/10 Mậu Thân Ninh Kiều Cần Thơ,10.0300325,105.7759786
959,Hòa Thành Tây Ninh,11.2578497,106.1501484
960,Thuận An Bình Dương,10.9460202,106.7089727
961,p11 Tp Đà Lạt Lâm Đồng,0.0,0.0
962,Tăng Nhơn Phú TP HCM,10.8449268,106.7864288
963,202 Lý Long Tường. PMH. Q7 TP HCM,10.72379412600003,106.71545837700006
964,Khu đô thị Dương Nội Hà Nội,20.980519,105.756132
965,3/4 Phú Quới Vĩnh Long,10.1723033,105.9373544
966,Phường An Phú Đông TP HCM,10.8609713,106.6917863
967,Quảng ninh,21.1718046,107.2012742
968,Số 2nguyễn thái bình cần giuộc long an,10.603062358000043,106.66599749200007
969,Xã Bình Chánh .TPHCM TP HCM,10.6638681,106.5703407
970,Nguyễn Chánh Cầu Giấy Hà Nội,21.0201437,105.7857425
971,Mỹ đình HN Hà Nội,21.0205027,105.7639271
972,Trung Oai xã Phúc Thịnh ( Cầu Nhật Tân) Hà Nội,21.12559999704716,105.82519649857927
973,Thanh liêm hà nam,20.5445676,105.9339242
974,Định Công Hà Nội,20.9778077,105.8243824
975,Tp. Hồ Chí Minh TP HCM,10.8073712,106.7564593
976,tỉnh lâm đồng Bình Thuận,10.9685906,108.0032715
977,1538 phạm thế hiển phường sáu quận tám TP HCM,10.7106809,106.625403
978,160 đường Tl27 Phường An Phú Đông TP HCM,10.850237,106.6968482
979,Phường vũ phúc Hưng Yên,20.4154512,106.3061013
980,Xã An Lão Hải Phòng,20.8218683,106.5560419
981,Đăk Hà Kon Tum,14.4254709,107.9698706
982,tp HCM,10.7737261,106.7166008
983,Kiến An Hải Phòng,20.8078776,106.6249332
984,Gia lai,14.0201373,108.6354524
985,Phuong Dien Hong  Gia Lai,13.97251,107.9961527
986,Thành phố Hà Nội,21.0283334,105.854041
987,Bình Chánh TP HCM,10.6638681,106.5703407
988,Thanh xuân Hà Nội,20.9983575,105.8042396
989,Ngo quyen Vĩnh Phúc,21.3077283,105.5935362
990,16 ngõ 38 yên lãng Hà Nội,21.0325154,105.7952949
991,An khánh hoài đức hà nội,21.0190367,105.7114495
992,183 Tran Phu Bà Rịa Vũng Tàu,10.3869289,107.0625009
993,102 Nguyễn Phong Sắc Đà  Nẵng,15.5660179,108.4715168
994,39 ngõ 218 phố tây Sơn Hà Nội,21.0087836,105.8235907
995,115/29 Nguyên Hồng p6 q. Gò Vấp TP HCM,10.817717999962506,106.69117249995864
996,P.tương Mai Hà Nội,20.9899766,105.8528436
997,767/30/ Nguyen Duy Trinh Street TP HCM,10.5931663,107.0701844
998,Quận Bình Tân TP HCM,10.7703543,106.5995759
999,phường tân ninh Tây Ninh,11.3136555,106.0966969
1000,thị trấn Long Thành Đồng Nai,10.7811603,106.9516359
1001,Tố Hữu Vạn Phúc Hà Nội,20.9843598,105.7732219
1002,Long Xuyên An Giang,10.3931141,105.4161709
1003,Hoà khánh Đà  Nẵng,16.0502691,108.1546403
1004,Đồng Phú Bình Phước,11.3931747,106.812476
1005,Quảng Nam,24.0479436,105.0519035
1006,42q/1 đường 40 Hiệp Bình Tp Thủ Đức TP HCM,10.844218816000025,106.73047050800004
1007,Xã liên châu Vĩnh Phúc,0.0,0.0
1008,Hoàng Liệt Hà Nội,20.9613222,105.827299
1009,phuong Liet Hà Nội,20.993676,105.8316123
1010,Gara ô tô Đức Dũng 48 La Dương Hà Đông Hn Hà Nội,20.9905947,105.7368709
1011,lôc an Lâm Đồng,11.5435045,107.7976837
1012,Krong Năng Đăk Lăk,13.0013812,108.3851153
1013,157 đường 3 tháng 2 Đà  Nẵng,16.0871061,108.2159146
1014,quế võ bắc ninh,21.1452549,106.1995692
1015,đà nẵng,16.068,108.212
1016,quận thủ đức TP HCM,10.7797456,106.7574133
1017,Tổ 4 phường sông hiến Tp Cao bằng,22.67708700000003,106.23817400000009
1018,Thường tín hà nội,20.8719979,105.86414
1019,q.tân Phú. tphcm TP HCM,10.7918681,106.6277515
1020,Phường Phú Thuỷ Bình Thuận,10.9409021,108.1231314
1021,Tân Bình Hồ Chí Minh Vn TP HCM,10.7995218,106.6412817
1022,ba gò nghĩa phương lục nam bắc giang,21.275741124000035,106.47972409200008
1023,TP. Rạch Giá Kiên Giang,10.0079443,105.083097
1024,P. Linh Xuân TP HCM,10.8727102,106.7649932
1025,Phường Long Biên Hà Nội,21.0232241,105.898496
1026,Sơn Động Bắc Giang,21.0882993,105.9591159
1027,Phường Ngọc Thụy Hà Nội,21.0615667,105.8597228
1028,xa Chợ Rã tỉnh Thái Nguyên,22.4513398,105.722979
1029,Brvt Bà Rịa Vũng Tàu,10.4892619,107.1833568
1030,hạ long Quảng Ninh,20.9472556,107.1164673
1031,e12/3 ấp tân thới 3 tân hiệp hóc môn TP HCM,10.896791031780763,106.58328158987354
1032,Cẩm Lệ Đà  Nẵng,16.0153046,108.2013088
1033,tp Thủ Đức TP HCM,10.8510238,106.7548953
1034,quochuy3012@gmail.com TP HCM,10.741870100000028,106.73273569999998
1035,46 Huỳnh tấn phát Bình Định,13.796499132000063,109.21640220900008
1036,105 Láng Hạ Hà Nội,21.0139878,105.8085138
1037,Lộc Hạ Nam Định,10.8690062,106.6828773
1038,124 trần huy liệu Nam Định,20.4188017,106.164321
1039,Gò vấp  TP HCM,10.8158694,106.6846752
1040,nam từ liêm Hà Nội,21.0067943,105.7864181
1041,Võ Nguyên Giáp . Quảng Thàng . TP Thanh Hoá Thanh Hóa,19.77843783000003,105.78218403600005
1042,89 Bui Huy Bich Hà Nội,20.9687444,105.8449472
1043,p thanh loc q12 TP HCM,0.0,0.0
1044,hải Phòng,20.8623278,106.6799266
1045,The Manor Central Park – Nguyễn Xiển – Thanh Xuân Hà Nội,20.989071730000035,105.80452798700009
1046,Tuyên Quang,22.3382057,105.0715846
1047,61 Lâm Văn Bền TP HCM,10.741412,106.7158868
1048,Tp Hcn TP HCM,10.836386100000029,106.6891968
1049,hải dương,20.9602884,106.3604393
1050,Sn 31 tổ 8 p trần Hưng đạo tp thái bình,20.441691175000077,106.35771443500003
1051,170 dương quang hàm p5 gò vấp TP HCM,10.827135905000064,106.69147534000004
1052,Tecco Thanh Trì Hà Nội,20.9320536,105.8502746
1053,Tp vung tqu Bà Rịa Vũng Tàu,10.402837500000032,107.14370020000008
1054,Vĩnh tuy Hai Bà Trưng Hà Nội,20.9995417,105.8737136
1055,Củ chi TP HCM,10.9744159,106.4948968
1056,Phường Bình Tân TP HCM,10.7936653,106.5897712
1057,thành phố Hồ Chí Minh TP HCM,10.8073613,106.7565052
1058,Cr Cần Thơ,10.0362046,105.7872656
1059,Vĩnh tuy Hà Nội,20.9982944,105.8677016
1060,Phúc Lợi Hà Nội,21.0409262,105.918549
1061,150 Nguyễn Văn giáp nam từ liêm hà nội,21.034806987000024,105.75948630300007
1062,cẩm lệ Đà Nẵng Đà  Nẵng,16.0153046,108.2013088
1063,189 Đông Khê Hải Phòng,20.8531212,106.7015473
1064,22/3a Kp64 Đường Số 25 P. Hiệp Bình Thủ Đức TP HCM,10.846411481000075,106.73127544500004
1065,35 ao đôi p bình trị đông bình tân TP HCM,10.774407086000052,106.59918339900008
1066,Cầu giấy hà nội,21.0292159,105.8033629
1067,an phú đông TP HCM,10.8609713,106.6917863
1068,Vũng Tàu) Bà Rịa Vũng Tàu,10.3505359,107.0715014
1069,Phường Bình Dương TP HCM,11.0603116,106.6879506
1070,Tổ 1 phường Đông Gia Nghĩa tỉnh Lâm Đồng Đăk Nông,12.0057265,107.6872513
1071,Tp đồng xoài bình phuoc Bình Phước,11.5287323,106.8752552
1072,Đại học Công Nghiệp Hà Nội,21.0542531,105.735039
1073,Tiền Hải Thái Bình,20.4765176,106.5768519
1074,Q2 TP HCM,10.7878763,106.7758253
1075,366 tôn đản tp đà nẵng Đà  Nẵng,16.0425306,108.1842623
1076,lô 94.01 Hải Dương,18.7757584,105.7444115
1077,Khánh Hòa,12.2980751,108.9950386
1078,885 Tam Trinh Hà Nội,20.982072,105.8349689
1079,Tp Thái Nguyên,21.5874871,105.8015959
1080,Tp Yên Bái,21.721899,104.8935896
1081,68 phạm tu thanh trì Hn Hà Nội,21.017903,105.7817689
1082,106 đường 25 phường An Lạc TP HCM,10.7551639,106.6131866
1083,Q. Tân Phú TP HCM,10.7918681,106.6277515
1084,Hà Trung Thanh Hóa,20.0551795,105.811306
1085,Tp Quy Nhơn Bình Định,13.7701048,109.2324201
1086,161f Dạ Nam phường Chánh Hưng TP HCM,10.7487275,106.6849032
1087,Hà Tĩnh,18.3504832,105.7623047
1088,Quy Nhơn Bình Định,13.9073326,109.0284504
1089,Hải Dương Hải Dương,20.9475891,106.3302215
1090,quảng ninh,21.1718046,107.2012742
1091,Uông Bí Quảng Ninh,21.0357403,106.7647796
1092,6 duong dinh nghe Hà Nội,21.0226419,105.7884573
1093,Ha Dong Hà Nội,20.9702189,105.7749565
1094,Yên Bái Lào Cai,21.8091042,104.5182832
1095,lâm đồng,11.6614957,108.1335279
1096,11 đường số 2 Cần Thơ,10.0083578,105.8021789
1097,Viet Tri Phú Thọ,21.3323873,105.366022
1098,O6 là kp4 phường thuận an Bình Dương,11.1826156,106.6738179
1099,68 Nguyễn Thượng Hiền P1 Gò Vấp TP HCM,10.812241595173532,106.68520625486484
1100,757 Hung Vuong Street Lâm Đồng,11.790210540000032,108.24179336500004
1101,Phan Đăng Lưu TP HCM,10.8008565,106.682098
1102,thu duc hcm TP HCM,10.846403,106.7716657
1103,P1. Bảo lộc Lâm Đồng,11.5492101,107.8085831
1104,Lạc Long Quân Hà Nội,21.4833326,108.029737
1105,Số nhà 16 ngõ 84 đường Vĩnh Kỳ Xã Ô Diên Hà Nội,20.988658170000065,105.94830393000008
1106,Xã Tân Phú Trung TP HCM,0.0,0.0
1107,tp Sơn La,21.3428865,103.9228175
1108,Hoà Xuân Đà  Nẵng,16.0049492,108.2204494
1109,Quận bình thạnh tphcm TP HCM,10.812271,106.7040393
1110,Tdp Phố Kép Phường Chũ Tỉnh Bắc Ninh,10.330359500000045,107.08421870000006
1111,68 Nguyễn Ảnh Thủ TP HCM,10.8511661,106.6035333
1112,Long biên hà nội,21.0232241,105.898496
1113,67 Mai Chí Thọ TP HCM,10.7983998,106.7517801
1114,Long Biên  Hà Nội,21.0232241,105.898496
1115,177 Lê trọng tấn. P an khê Đà  Nẵng,16.0335112,108.180523
1116,Trần Phú Bà Rịa Vũng Tàu,10.3869289,107.0625009
1117,275/16 Kênh Tân Hóa phường Tân Phú Tphcm TP HCM,10.7846622,106.6412501
1118,TP Bà Rịa Vũng Tàu,10.4908509,107.1842843
1119,Hn Hà Nội,21.0242336,105.8410067
1120,Ngõ 83 ngọc hồi Hà Nội,20.9576184,105.844219
1121,97 Ngô Gia Khảm phường Hội Phú Gia Lai,13.9672914,108.0110296
1122,đồng nai,11.4285446,107.1624245
1123,bà rịa vũng tàu TP HCM,10.3471705,107.0763626
1124,thanh xuân Hà Nội,20.9983575,105.8042396
1125,Liên Chiểu Đà  Nẵng,16.0767069,108.1392444
1126,Phúc yên Phú Thọ,21.3149047,105.7321959
1127,TP Hà Nội,21.0283334,105.854041
1128,Tp Hải Dương,20.9330747,106.330626
1129,xã kim bôi Phú Thọ,20.6605115,105.5268573
1130,Hoàng Công Kiến Hưng Hà Đông Hà Nội,20.94926186500004,105.79083770600003
1131,Nguyễn Xiển Khánh Hòa,12.2926136,109.1780238
1132,68 Đinh Núp Yên Hòa Cầu Giấy Hà Nội,21.02046155095985,105.78571210462997
1133,An phú thuận an TP HCM,10.9578225,106.7374547
1134,547quoclo20 Lâm Đồng,22.74042452500004,104.67986469300008
1135,tphc TP HCM,10.821295799999971,106.56407359999996
1136,131 Thái Thịnh Đống Đa Hà Nội,21.0138238,105.8149293
1137,14 Lê Văn Khương TP HCM,10.8849672,106.6481251
1138,Q Bình Thạnh TP HCM,10.812271,106.7040393
1139,Long biên hn Hà Nội,21.0189583,105.9202629
1140,Thành phố chí linh Hải Dương,21.1086948,106.3853107
1141,1 Đs 3 Kdc Bình Hưng Ấp 5 Xã Bình Hưng Tphcm TP HCM,10.729799421000052,106.65082094600008
1142,Xóm 1 xã Khánh Nhạc huyện Yên Khánh Ninh Bình,20.167417930000056,106.08070755000006
1143,Đông anh Hà Nội,21.1537878,105.8515777
1144,Bắc Giang,21.3740092,106.4663176
1145,So đường 15 linh uẩn TP HCM,10.882064959000049,106.82069842000004
1146,Nguyễn xiển hà nội,20.9793221,105.8068592
1147,111 nguyễn sinh sắc Kon Tum,14.3597233,107.9952275
1148,Big C Thăng Long Hà Nội,21.0155361,105.7781996
1149,Nam Định,19.9952624,106.485807
1150,F16 đường c3 tân thới nhất q12 TP HCM,10.821609876000023,106.62306925200004
1151,Long bien Hà nội,21.0399392,105.8499991
1152,Tân Phong Quận 7 TP HCM,10.7363797,106.7120685
1153,Tổ 12 khu 3 phường Hồng Gai Quảng Ninh,20.9452158,107.1235254
1154,Thành phố Bắc Ninh,21.1751704,106.0593983
1155,Daklak Đăk Lăk,12.4232112,108.1776243
1156,Ấp thành công xã Phước An Đồng Nai,10.6792677,106.8554483
1157,Nhổn hà nội,21.0525913,105.7352317
1158,Hà  Nội Hà Nội,21.0242336,105.8410067
1159,Quang Trung Hà  Tĩnh,18.3772926,105.8935597
1160,204/41c1 ngô tât tô TP HCM,10.787920943097106,106.7158162590132
1161,23 thi sách Lâm Đồng,11.5148577,107.734018
1162,Số 124 đường dx025 phú mỹ thủ dầu một Bình Dương,11.01775536100007,106.67915455600009
1163,38 bông lau Lạng Sơn,21.8697112,106.7584901
1164,Liễu Ngạn Bắc Giang,21.008621107000067,106.02936181800004
1165,Phường Hạnh Thông TP HCM,10.8202873,106.6832189
1166,Long Bien Ha Noi Hà Nội,21.0399392,105.8499991
1167,Tan Uyen Bình Dương,11.0603116,106.6879506
1168,tân khánh tp hcm Bình Dương,10.9994789,106.7202278
1169,P hải châu Đà  Nẵng,16.0589539,108.2194844
1170,51 cầu xây phường tân phú TP HCM,10.854263463000052,106.80845867100004
1171,Số 6 Lê Nguyên Đạt kp29 Long Bình Đồng Nai,10.944681154000024,106.86980920800004
1172,9 Hoàng Minh Giám TP HCM,10.8085766,106.674305
1173,Tỉnh điện biên,21.6546566,103.2168632
1174,35 nui thanh Đà  Nẵng,15.4342062,108.655926
1175,Quan 7 TP HCM,10.73785,106.729695
1176,phường lào cai,22.5003944,103.96562
1177,Tân hình TP HCM,10.7890313,106.6537289
1178,Phú Thọ,21.3007538,105.1349604
1179,An Hội Tây TP HCM,10.8421489,106.6386769
1180,Q. 10 TP HCM,10.7725282,106.6682021
1181,277/50 Bến Vân Đồn TP HCM,10.7552608,106.6907986
1182,77 vũ đức thận long biên hà nội,21.05486882100007,105.89222126000004
1183,hanoi Hà Nội,21.0242336,105.8410067
1184,Thôn mạn đê x. Nam trung H. Nam sách Tp. Hải dương,21.012758388000066,106.32868385400008
1185,Đường phạm tu thuộc tdp cầu tiến Thái Nguyên,21.38930336000004,105.88416332000008
1186,Phường Quang Vinh thành phố thái nguyên,0.0,0.0
1187,Đội Cấn Hà Nội,21.0345801,105.8294321
1188,Số 2 mễ trì hạ từ liêm hà nội,21.0116781,105.7802722
1189,nguyễn du Hà Nội,21.0164548,105.8495407
1190,245 Bình Lợi Trung Bình Thạnh TP HCM,10.833398,106.7034724
1191,xã hợp minh Nghệ An,18.9298438,105.4896636
1192,tp Hạ Long Quảng Ninh,20.9527405,107.1057622
1193,Yên Sở Hà Nội,20.9564677,105.8571758
1194,26/63 Lê Thái Tổ Ninh Bình,20.2766952,105.9574773
1195,Thôn 16 Pongdrang đak lak Đăk Lăk,12.878623153000037,107.79702327500009
1196,60 Đường Số 11 TP HCM,10.7934822,106.7750963
1197,149 trần phú p thành công bmt daklak Đăk Lăk,12.684951803000049,108.03894003300007
1198,Láng Hạ Hà Nội,21.0139878,105.8085138
1199,tòa nhà Han Jardin Hà Nội,21.037953352000045,105.90851363100006
1200,Hiệp Bình Chánh TP HCM,10.8307825,106.712587
1201,Thành Phố Hồ Chí Minh TP HCM,10.8073613,106.7565052
1202,Tp Phan Thiết Bình Thuận,10.9397885,108.1030942
1203,Tân phú hcm TP HCM,10.7761892,106.6384144
1204,793 QL13 P.Hiệp Bình Phước Tp Thủ Đức TP HCM,10.86452760800006,106.72411616500004
1205,72/41 võ thị sau p vung tau TP HCM,10.3333023,107.0855714
1206,Phường Bồ Đề Hà Nội,21.0573506,105.8662488
1207,408 hồ tùng mậu Hà Nội,21.0429685,105.7691703
1208,Thành phố Hồ Chí Minh TP HCM,10.8073613,106.7565052
1209,Kdt mới Cầu Giấy Hà Nội,21.007304973000032,105.80456924200008
1210,Đăk Nông Đăk Lăk,12.6904214,108.0592601
1211,tỉnh Phú Thọ Hòa Bình,20.7090533,105.2576439
1212,Xuân Đỉnh Hà Nội,21.0671949,105.7959044
1213,Ngọc lặc Thanh Hóa,20.068114,105.3881168
1214,Dương Hoà Hà Nội,21.0707091,105.8280773
1215,tt krong năng Đăk Lăk,12.9494681,108.3380638
1216,Đồng Xoài Đồng Nai,11.5249576,106.8537049
1217,Tp ninh bình,20.2718862,105.9650163
1218,Yên Bái,21.8091042,104.5182832
1219,Đức Cơ Gia Lai,13.7706812,107.6589856
1220,Qui Nhơn Bình Định,13.7734048,109.2273345
1221,Châu Đức Bà Rịa Vũng Tàu,10.6621029,107.2428985
1222,Tây mỗ Hà Nội,21.0004862,105.7484798
1223,48 đường bưởi Hà Nội,21.0357352,105.8058944
1224,Tỉnh Bắc Ninh Bắc Giang,21.3740092,106.4663176
1225,188 Phố Huế Hà Nội,21.0143095,105.8516059
1226,hóc môn TP HCM,10.8860463,106.5927134
1227,thành phố Hoà Bình Hòa Bình,24.4723735,114.9310404
1228,Hiệp Bình Phước thủ đức TPHCM TP HCM,10.7666066,106.6829688
1229,Phường Vũng Tàu TP HCM,10.3537998,107.0743549
1230,532 ql13 hiệp bình chánh thủ đức TP HCM,10.846633411000028,106.71826493300006
1231,phường An Khánh. tp.hcm TP HCM,10.7850885,106.7293654
1232,973 Âu Cơ TP HCM,10.7744573,106.6482108
1233,26 đường lê văn thịnh TP HCM,10.7770168,106.769357
1234,Tây Ninh TP HCM,11.1731916,106.4187843
1235,phổ yên Thái Nguyên,21.4517905,105.7568528
1236,642a quốc lộ 13 hiệp bình phước thủ đức TP HCM,10.853851391000036,106.72167716300004
1237,gia Lâm Hà Nội,21.0516399,105.8787541
1238,Hm Hà Nội,20.967799,105.8475695
1239,Tan van Đồng Nai,10.9090601,106.8344173
1240,75 Đinh Tiên Hoàng Hà Nội,21.0264408,105.8536486
1241,Vinhome smartcity hà nội,21.006167699999992,105.73850829999998
1242,xã bạch hà Nghệ An,18.847217,105.4292316
1243,132 Cổ Linh Long Biên Hà Nội,21.0164375,105.9143251
1244,gia sàng Thái Nguyên,21.5790298,105.8502201
1245,Tân Hưng TP HCM,10.739937,106.7034261
1246,Kim Bôi Hòa Bình,0.0,0.0
1247,Xã di linh Lâm Đồng,11.5473964,108.0341361
1248,hải phòng,20.8830967,106.6790381
1249,Hà đông hà nội,20.9702189,105.7749565
1250,Đống đa Hà Nội,21.0242336,105.8410067
1251,Thái nguyên,37.8699921,112.5437075
1252,Nam hồng nam trực nam định,20.3461505,106.1634588
1253,Binh Duong Bình Dương,14.2930359,109.0885885
1254,Lạng giang Bắc Giang,21.2918816,106.2346575
1255,65/5 Ql1a Phường Tân Thới Nhất q12 Hcm TP HCM,10.83995246400002,106.61367019300008
1256,Bảo Lộc Cao Bằng,22.1920247,113.5357442
1257,29a Đặng Phúc Vịnh Hóc Môn TP HCM,10.894501503000072,106.62082475800008
1258,Phường Bình Phướ Đồng Nai,0.0,0.0
1259,An Lão Hải Phòng,20.8218683,106.5560419
1260,tinh thanh hoa Thanh Hóa,19.8053115,105.752611
1261,Uông bí Quảng Ninh,21.0357403,106.7647796
1262,68 lê duẫn lộc thắng bảo lâm Đồng,11.6263888,107.8334778
1263,Tp hoa lư tỉnh binh bình Ninh Bình,20.2498255,105.9565342
1264,Km6 thi trân kim long tam duong Vĩnh Phúc,0.0,0.0
1265,Tp nam định,20.4377742,106.1475588
1266,252/6 Lê Văn Sỹ TP HCM,10.786106,106.6810541
1267,315 Dinh Bo Linh 26 Ward  Binh Thanh Dist Ho chi Minh City TP HCM,10.813105130000054,106.70934300600004
1268,Ocean Park Hà Nội,20.9912749,105.9478482
1269,số 2 ngõ 40 phố Nghĩa Đô Hà Nội,21.050281,105.7959555
1270,Vinhome Quận 9 TP HCM,10.80177809999998,106.7393475
1271,Thành phố Nam định,20.4377742,106.1475588
1272,Quế Võ Bắc Ninh,21.1452549,106.1995692
1273,Ngã 3 An Trạch Sóc Trăng,21.028544251000028,105.83179387600006
1274,TP Hồ Chí Minh Hà Nội,10.8627872,106.6109248
1275,Thượng 2 Sơn động Bắc ninh,21.3329584,106.8511721
1276,Tp thai bình Thái Bình,20.4528848,106.340023
1277,uông bí quảng ninh,21.0357403,106.7647796
1278,Phúc thọ Hà Nội,21.1096017,105.5395353
1279,Yên Đỗ Gia Lai,13.9810052,107.9906398
1280,Thanh Hoá Thanh Hóa,19.8128131,105.7677621
1281,Lữ Gia Q. 11 TP HCM,10.7704366,106.6578822
1282,tỉnh Hà Tĩnh Hà  Tĩnh,18.3728753,105.9358416
1283,Ô Diên Hà Nội,21.09337,105.6980589
1284,BMT Đăk Lăk,12.6462782,108.0159906
1285,tỉnh Hưng Yên Hà Nội,20.9780657,105.9272618
1286,Thôn 13 xã lục yên Lào Cai,20.96274834016384,105.81362580188932
1287,Tp. Hồ Chí Mịn TP HCM,10.8797358,106.8061911
1288,Xã Phú Lộc huyện Nho Quan tỉnh Ninh Bình,0.0,0.0
1289,hồ chí minh TP HCM,11.2185851,106.4571997
1290,51/2 tl48 phường thạnh lộc TP HCM,10.7845975,106.6814451
1291,Ninh Kiều Cần Thơ,10.0349558,105.7721694
1292,Linh Tây TP HCM,10.884792,106.6991007
1293,289 Lương Thế Vinh Hà Nội,20.9942319,105.7911164
1294,phố Thái Bình Hải Phòng,20.9352263,106.3151893
1295,339/41 Lê Văn Sỹ P13 Q3 TP HCM,10.786210222000022,106.67720277600006
1296,tổ 2 khu 9 Quảng Ninh,21.5443077,108.0094457
1297,333 cầu giấy Hà Nội,21.0286704,105.7866045
1298,HCM TP HCM,11.3285763,106.5727112
1299,Khu 5 tầng F7 Bà Rịa Vũng Tàu,10.362004168000055,107.08071208700004
1300,752 Điện Biên . P Lộc hòa Nam Định,20.433984991000045,106.14789338900005
1301,Phú diễn Hà Nội,21.0488314,105.7634171
1302,41 vinh hoi phuờng vĩnh hội quận 4 tphc TP HCM,10.756142663000048,106.70332299300009
1303,414 Phan Huy Ích Phường 12 Gò Vấp TP HCM,10.842102681000028,106.63878777500008
1304,T182512 Times City Hà Nội,20.99355849600005,105.86899645300008
1305,Nui Thanh Đà  Nẵng,15.4342062,108.655926
1306,56 Điện Biên Phủ Đà  Nẵng,16.0669747,108.1997848
1307,Nhà hát chèo quân đội Hà Nội,21.01618071300004,105.84765305600008
1308,tp thanh hoá Thanh Hóa,19.8053115,105.752611
1309,bắc ninh,21.3282166,106.4625257
1310,Ecolife 58 Tố Hữu Hà Nội,20.9936207,105.7864347
1311,Số 4 ngõ 132 đường dọc phố xã chàng sơn Hà Nội,21.0283334,105.854041
1312,Nghĩa Đô Cầu Giấy Hà Nội,21.0407864,105.7959977
1313,lào Cai,22.3069302,104.1829592
1314,43/23 vườn lài an phú đông TP HCM,10.860034,106.6919862
1315,11/12c Đường tỉnh 44a xã phước hưng Bà Rịa Vũng Tàu,10.4185355,107.2188482
1316,Tan Phu Ward TP HCM,10.8592943,106.8010938
1317,Binh chanh TP HCM,10.6638681,106.5703407
1318,Linh xuân TP HCM,10.8727102,106.7649932
1319,tỉnh Thái Nguyên,21.9610968,105.8440789
1320,207 Hoàng Thế Thiện Đà  Nẵng,16.0203321,108.226063
1321,Nghĩa Đàn Nghệ An,19.3554807,105.5100674
1322,gia nghĩa dak nong Đăk Nông,0.0,0.0
1323,Tp.quy Nhơn Bình Định,13.7701048,109.2324201
1324,312 vành đai trong to an lạc tphcm TP HCM,10.751240600000015,106.6155571
1325,bình tân hcm TP HCM,10.7936653,106.5897712
1326,Kcn giang điền Đồng Nai,10.8955446,106.9838959
1327,Đại Từ Thái Nguyên,21.6038357,105.6118951
1328,Thôn nội 3 xã hát môn Hà Nội,21.09561461800007,105.61516010700008
1329,Xuân đỉnh Bắc từ liêm Hà Nội,21.0687481,105.786552
1330,Ninh binh Ninh Bình,20.2421142,105.9746207
1331,Cầm Mỹ Đồng Nai,10.7689956,107.3454128
1332,Quận 11 TP HCM,10.7656343,106.647607
1333,Q. Hoàng Mai Hà Nội,20.975392,105.8573399
1334,Q Tây Hồ Hà Nội,21.0682703,105.8239615
1335,Tp Hồ Chí Minh TP HCM,10.8073613,106.7565052
1336,178 pham van chi f4 q6 TP HCM,10.745221728000049,106.64732133800004
1337,Tĩnh Gia Thanh Hóa,19.447655,105.7919882
1338,TP Lào Cai,22.418802,103.9990618
1339,Phường An Khánh TP HCM,10.7850885,106.7293654
1340,Quận Tây Hồ Hà Nội,21.0682703,105.8239615
1341,Tp.thủ Đức TP HCM,10.8510238,106.7548953
1342,TP Cần Thơ,10.0362046,105.7872656
1343,P. Bình Hưng TP HCM,10.7193081,106.6555215
1344,TP Nam Định,20.4377742,106.1475588
1345,Tp. Hà Nội,21.0283334,105.854041
1346,Tp Việt Trì Phú Thọ,21.3323873,105.366022
1347,TP Tuyên Quang,21.7746611,105.2357063
1348,Quốc lộ 37 Nam Sách Hải Dương,20.992313036623404,106.34625912623588
1349,P. Bình Hòa TP HCM,10.905052,106.7274208
1350,Q Ngô Quyền Hải Phòng,20.8527702,106.6971035
1351,Tân hưng TP HCM,10.739937,106.7034261
1352,5 thị trấn Đông Anh Hà Nội,21.139853300000027,105.84565080000004
1353,Xà Châu Ninh Hưng Yên,20.8067824,105.9278863
1354,Kiến An Hải Phòng,20.8078776,106.6249332
1355,Q Bắc Từ Liêm Hà Nội,21.0730119,105.7613958
1356,Ciputra Tây Hồ Hà Nội,21.08337780000005,105.80253290000007
1357,phường Hoa Lư Ninh Bình,20.2421142,105.9746207
1358,Quang Trung Huyện An Lão Hải Phòng,0.0,0.0
1359,718/34 quoc lo 13 TP HCM,10.8400549,106.7161085
1360,415 Nguyễn xiển hà nội,20.97697,105.8110618
1361,79/13 Phường Bình Hoà TP HCM,10.905052,106.7274208
1362,p Ngũ Hành Sơn Đà  Nẵng,16.010798,108.253178
1363,Cổ Nhuế Hà Nội,21.062981,105.7804106
1364,32B Phạm Văn Đồng Hà Nội,21.0634126,105.7842941
1365,H. Văn Lâm Hưng Yên,20.9765273,105.9741795
1366,151 đường 59 phường An Hội Tây TP HCM,10.8559507,106.6512438
1367,P Trung Mỹ Tây TP HCM,10.8590957,106.6177145
1368,Huyện Vụ Bản Nam Định,0.0,0.0
1369,Lideco Hà Nội,21.0703921,105.7130487
1370,Vin Tây Mỗ Hà Nội,21.009224345000064,105.73784567500007
1371,Xã Long Điền An Giang,10.5127671,105.4624413
1372,Xuân ĐỈnh Hà Nội,21.0671949,105.7959044
1373,Bien hoa Đồng Nai,10.9507929,106.8263284
1374,TT Sóc Sơn Hà Nội,21.2575735,105.8519156
1375,Tp Bắc Ninh,21.1751704,106.0593983
1376,An Hải Phòng,20.8608834,106.6373233
1377,679 Nguyễn Xiển Hà Nội,20.97697,105.8110618
1378,Quận 9 TP HCM,10.8441928,106.7791529
1379,2B Nguyễn Văn Huyên Hà Nội,21.0380336,105.7964125
1380,Quan Triều Thái Nguyên,21.6105443,105.8077114
1381,Tây  Ninh Tây Ninh,36.6172544,101.7761582
1382,Quận Lê Chân Hải Phòng,20.8355627,106.6814858
1383,củ chi TP HCM,10.9744159,106.4948968
1384,An Biên Hải Phòng,20.8300834,106.6800525
1385,Lk 199 dv5 đìa lão kiến hưng hà nội,21.0283334,105.854041
1386,Khu đô thị Lideco Hà Nội,21.0703921,105.7130487
1387,98 Hoàng Văn Thái Đà Nẵng,16.0406667,108.1338774
1388,Lô 7a Lê Hồng Phong Hải Phòng,20.859794257000036,106.69652310500004
1389,Thanh Thuỷ Phú Thọ,21.123781,105.287858
1390,Phan Thiết Bình Thuận,10.9418092,108.0823313
1391,Thi trấn Tây đằng Hn Hà Nội,21.2055605,105.4264312
1392,tỉnh Thanh Hoá Thanh Hóa,19.8053115,105.752611
1393,132 hoàng văn thái Hà Nội,20.9960233,105.8232053
1394,Bến đình thành phố vũng tàu Bà Rịa Vũng Tàu,10.3570943,107.0738157
1395,Xa Thường Xuân Thanh Hóa,19.903584,105.3465072
1396,Cần thơ,10.0362046,105.7872656
1397,lê văn lương Hà Nội,21.0002495,105.7981278
1398,Tphcm (quận 9) TP HCM,10.8060049,106.6638135
1399,246 duong dt 766 xã trà tân Lâm Đồng,11.0363956,107.4536561
1400,Quan Tan Phu TP HCM,10.7918681,106.6277515
1401,Bmt Đăk Lăk,12.6462782,108.0159906
1402,Thu duc TP HCM,10.8464061,106.7716521
1403,Phường Long Bình Đồng Nai,10.9726546,106.8874294
1404,Cẩm Phả Quảng Ninh,21.0096177,107.272916
1405,118 nguyễn khánh toàn cầu giấy Hà Nội,21.0388338,105.7960829
1406,25chương dương Bình Định,10.0657035,105.8217025
1407,510 Hùng Vương Đăktô Kon Tum,14.638151556000023,107.84645421300009
1408,Đông bắc quận 12 TP HCM,10.85777569999999,106.62853080000002
1409,phường trấn biên. Đồng Nai,10.9507748,106.8221068
1410,294 quang trung f10 go vap TP HCM,10.830535158000032,106.66984347600004
1411,14 trần trọng cung tân thuận đông quận 7 TP HCM,10.743387538000036,106.73047400100006
1412,phường An Lạc TP HCM,10.7381994,106.6148874
1413,Thanh Hoa Thanh Hóa,19.8128131,105.7677621
1414,Việt Trì phú Thọ,21.3178347,105.4386546
1415,68 tăng bạt hổ p Bồng Sơn Bình Định,13.773188036000022,109.23253405200006
1416,Song hành hóc môn tphcm TP HCM,10.8688683,106.6002657
1417,q7 TP HCM,10.7223724,106.7421981
1418,1072 Nguyễn thị định quận 2 TP HCM,10.758474732000025,106.78823115100003
1419,80 trần thủ độ TP HCM,10.7828088,106.6250452
1420,Lào Cai Yên Bái,21.8091042,104.5182832
1421,đắk Nông Đăk Nông,14.7983368,107.6897784
1422,Đại Mỗ. Hà Nội,20.9933193,105.7766692
1423,Đông nai Đồng Nai,10.9182878,106.8481538
1424,Q.nam Từ Liêm Hà Nội,21.0185679,105.7576128
1425,699 Lạc Long Quân Hà Nội,21.0535398,105.8095105
1426,đà nẵng Đà  Nẵng,16.071571,108.2093029
1427,Tam Giang Bắc Ninh,21.2214595,105.9320473
1428,Vân Xuân Vĩnh tường Vĩnh phúc,0.0,0.0
1429,Hải Phong Hải Phòng,22.6832417,115.1349841
1430,Vị thanh hậu giang,9.7953516,105.4489125
1431,1135/51 Huỳnh tấn phát TP HCM,10.724003676000052,106.73788781800005
1432,Tp Ho Chi Minh TP HCM,10.7923429,106.6789793
1433,Huyện Krong Ana Đăk Lăk,12.4950915,108.0771053
1434,291 Bà Hom TP HCM,10.7552192,106.6281759
1435,Chàng sơn thạch thất hà nội,21.0414119,105.5877984
1436,132 Quốc lộ 62 Long An,10.5402012,106.4083388
1437,Hạ Long Quảng Ninh,20.9472556,107.1164673
1438,Bình Xuyên Vĩnh Phúc,21.3129798,105.6622199
1439,P. Hoà Cường Đà  Nẵng,16.0416286,108.2175304
1440,Thuy Nguyen Hải Phòng,20.9179864,106.6748497
1441,Q. gò vấp TP HCM,10.8353538,106.6740337
1442,Huỳnh Tấn Phát TP HCM,10.6796302,106.7499844
1443,127b/5 ấp 2 An Phú Tây TP HCM,10.675667139027269,106.60444833662147
1444,Thành phố hải dương,20.9330747,106.330626
1445,12b/23/238 Chợ Hàng. Lê Chân. Hải Phòng,20.83933538200006,106.68463106800004
1446,Xã Suối Hai Hà Nội,21.1243133,105.376273
1447,hà Đông Hà Nội,20.9702189,105.7749565
1448,Chí linh hai dương Hải Dương,21.1086948,106.3853107
1449,Phước tân Đồng Nai,10.8934856,106.907039
1450,Thường tín Hà Nội,20.8719979,105.86414
1451,tp pkeiku Gia Lai,13.98154441500003,107.99436019500008
1452,Phường Phú Diễn Hà Nội,21.0488314,105.7634171
1453,90t Lê Quang Sung P6 Q6 tphcm TP HCM,10.751331814000023,106.64783403700004
1454,793/62/18 Trần Xuân soạn phường Tân Hưng quận 7 TP HCM,10.746744358165644,106.6992787886852
1455,kp5 trảng dài Đồng Nai,10.9926055,106.865226
1456,Toà B11d khu đô thị Nam Trung Yên Hà Nội,21.01892459000004,105.78827007600006
1457,81 Lê Thánh Tông Hải Phòng,20.8623541,106.7205663
1458,27/39/19 Nguyễn Văn Săng TP HCM,10.797922408000034,106.63479033000004
1459,Phường Nguyệt Viên Thanh Hóa,19.8233549,105.8175295
1460,H21/31 hòa phát cẩm lệ đà nẵng Đà  Nẵng,16.013911200000052,108.18914354800006
1461,2 ngõ 373/36 An Dương Vương Hà Nội,21.08839885900005,105.79915198800006
1462,p. Phước Long Đồng Nai,11.8539016,106.9963391
1463,Đống đa hà nội,21.0242336,105.8410067
1464,P.bình Hòa Bình Dương,10.8994617,106.7353644
1465,Tố hữu Hà Nội,20.9843598,105.7732219
1466,319 Lý thường kiệt phường 15 quận 11 TP HCM,10.777668423000025,106.65601661100004
1467,tp Quy Nhơn Bình Định,13.7701048,109.2324201
1468,Tân long thái nguyên,21.6178734,105.7949898
1469,21 tien son 17 Đà  Nẵng,16.028855633000035,108.22028119100008
1470,Số 8 châu văn liêm Hà Nội,21.0096533,105.771201
1471,Đặng Trần Đức Hà Nội,20.9945604,105.8848664
1472,242 Ngõ 264 Ngọc Thụy Hà Nội,21.0951837,105.7181249
1473,tỉnh Bắc Ninh Bắc Giang,21.3740092,106.4663176
1474,Quảng Thọ Quảng Điền Thừa Thiên Huế,0.0,0.0
1475,Số 2 Ngõ 4b Đăng Văn Ngữ Kim Liên Hà Nội,21.0100331,105.8323427
1476,Da Nang Đà  Nẵng,16.071571,108.2093029
1477,mỹ đình Hà Nội,21.0205027,105.7639271
1478,P. Trấn Biên Đồng Nai,10.9507748,106.8221068
1479,Thanh Hoá Hà Nội,19.8490002,105.7633207
1480,huyện Quỳnh Phụ Thái Bình,0.0,0.0
1481,ngã tư Hiệp bình phước quốc lộ 1 TP HCM,10.86027299400007,106.72418201400006
1482,179 Nguyễn Ngọc Vũ Hà Nội,21.0090615,105.8124783
1483,Kon Tum,14.6995372,107.9323831
1484,An phú thuận an Bình Dương,10.986488,106.727314
1485,tỉnh Phú thọ,21.3007538,105.1349604
1486,9/18 Đông Thạnh 3 Xã Đông Thạnh TP HCM,10.8989625,106.6368525
1487,54 Nguyễn trung trực Gia Lai,13.9587299,108.0031604
1488,112 thôn 3 xã ngọc liên tỉnh Thanh Hóa,19.888319267000043,105.37455612900004
1489,Huyện Đăk Song Đăk Nông,0.0,0.0
1490,22 hồng bàng hải phòng,20.868587,106.6518479
1491,22/6 đường thống nhất phường đông hoà tphcm TP HCM,10.8873754,106.8133487
1492,53 chiến thắng phố 4 đông thành Ninh Bình,20.2572874,105.971931
1493,TP Đà Nẵng Đà  Nẵng,16.071571,108.2093029
1494,Bai. Cháy Quảng Ninh,20.9552964,107.0236075
1495,Thôn thanh đông xã đông lâm Thái Bình,20.389767032000066,106.54413360200004
1496,Phường Cẩm Phả Quảng Ninh,21.0096177,107.272916
1497,Hai Phong Hải Phòng,20.856022,106.6875207
1498,130 đường số 3 cư xá lữ gia TP HCM,10.7715947,106.6542061
1499,Hải dương,20.9602884,106.3604393
1500,đối diện Công an quận Cầu Giấy) Hà Nội,21.037972319000065,105.79270297000004
1501,Văn chương Hà Nội,21.0230765,105.8335648
1502,591 Nguyễn Lương Bằng Đà  Nẵng,16.0935851,108.1398136
1503,14 Phan Tứ Đà  Nẵng,15.6724309,108.2179664
1504,81 vạn phúc hà đông Hà Nội,20.9803574,105.7756187
1505,139 Nguyễn Thái Học Ba Đình Hà Nội,21.030389,105.8348081
1506,tỉnh Ninh Bình Hà Nam,20.5340294,105.9810248
1507,An Dương Hải Phòng,20.8675793,106.6099929
1508,Thanh Thủy Phú Thọ,21.123781,105.287858
1509,Nguyễn xiển Hà Nội,20.9793221,105.8068592
1510,gia lai,14.0201373,108.6354524
1511,An Phú Bình Dương,10.986488,106.727314
1512,Cần Giuộc Long An,10.6078883,106.67114
1513,Số 5 nguyễn văn huyên Hà Nội,21.0360565,105.7976361
1514,Khâm thiên Hà Nội,21.019068,105.8306926
1515,Huyện Gia Viễn Ninh Bình,20.3298145,105.8729676
1516,Cầu Nhật Tân Hà Nội,21.0987496,105.8236617
1517,Huyện Thanh Trì Hà Nội,20.9415559,105.8360164
1518,Phường Võ Cường Bắc Ninh,21.1751704,106.0593983
1519,6 Phan Huy Chú Hà Nội,21.0205628,105.8569277
1520,H. Hoài Đức Hà Nội,21.0630487,105.7061118
1521,Q.Gò Vấp TP HCM,10.8353538,106.6740337
1522,Lê Chân Hải Phòng,20.8450107,106.676396
1523,Tp Tân An Long An,10.5389424,106.4045422
1524,H. Củ Chi TP HCM,10.9744159,106.4948968
1525,Q.Ngô Quyền Hải Phòng,20.8527702,106.6971035
1526,Phúc Thọ Hà Nội,21.1096017,105.5395353
1527,phường Định Công Hà Nội,20.9834576,105.8285614
1528,P. Hạnh Thông TP HCM,10.8202873,106.6832189
1529,Q. Bình Thủy Cần Thơ,10.0605676,105.721033
1530,Q.3 (ĐH Kinh Tế TP HCM) TP HCM,10.773685600000022,106.65626680000004
1531,TP Tân An Long An,10.5389424,106.4045422
1532,Q. Lê Chân Hải Phòng,20.8355627,106.6814858
1533,247 Lê Thị Riêng Quận 12 TP HCM,10.871838981000051,106.65449913800006
1534,Tdm Bình Dương,11.0605769,106.680805
1535,267 Điện Biên Phủ Quận 3 TP HCM,10.780706235000023,106.68799331000008
1536,Hà Nội ( cạnh công an phường Phú Đô) Hà Nội,21.034949048000044,105.73962949700008
1537,77/204 Hoàng Văn Thụ Đà Nẵng Đà  Nẵng,15.8766684,108.3300432
1538,640 le van luong q7 tphcm TP HCM,10.732620849000057,106.70127378300003
1539,Tp Vũng Tàu Bà Rịa Vũng Tàu,10.4908509,107.1842843
1540,TP.Pleiku Gia Lai,13.9602456,108.015887
1541,TP Bắc Ninh,21.1751704,106.0593983
1542,Cẩm Lệ Đà Nẵng,16.0153046,108.2013088
1543,Quảng Trị,17.2166964,106.9548246
1544,336 Nguyễn Văn Luông Q6 TP HCM,10.750132421000046,106.63547696000006
1545,Phường Tương Mai Hà Nội,20.9899766,105.8528436
1546,Phố núi bắc ninh,21.0747341,106.1555623
1547,dong anh ha noi Hà Nội,21.1537878,105.8515777
1548,Thành phố hoà bình Hòa Bình,24.4723735,114.9310404
1549,311 Trần Nguyên Hãn Hải Phòng,20.849018,106.671559
1550,P. Tân Thới Nhất TP HCM,10.8292198,106.6126261
1551,238 Cự Khối Long Biên Hà Nội,21.0121398,105.9113706
1552,415 Nguyễn Xiển Hà Nội,20.97697,105.8110618
1553,Lục Nam Bắc Giang,21.2981736,106.3979159
1554,H. Bình Xuyên Vĩnh Phúc,0.0,0.0
1555,Km 35+500 Ql 10 Ngã tư Quang Thanh An Lão Hải Phòng,20.81813099999999,106.5367892
1556,Mỹ Đình Hn Hà Nội,21.0205027,105.7639271
1557,Cam Le Đà Nẵng,16.0153046,108.2013088
1558,Phổ yên thái nguyên,21.4517905,105.7568528
1559,phường Cầu Giấy Hà Nội,21.0286704,105.7866045
1560,TT Khoái Châu Hưng Yên,20.832588,105.9790322
1561,T139 Nguyễn Xiển Hà Nội,20.9793221,105.8068592
1562,94 tổ 16 kp 30 phường tam hiệp Đồng Nai,10.955976315000044,106.85990869100004
1563,Xã la Bằng Thái Nguyên,21.6421625,105.6261495
1564,Himlam Tan Hung TP HCM,10.74443839999998,106.69784520000002
1565,46 võ thị sáu p.thống nhất Biên Hòa Đồng Nai,10.948905720000027,106.83595812600004
1566,Xã Thoại Sơn An Giang,10.2340408,105.2282326
1567,Thuỷ Dương Thừa Thiên Huế,16.4419752,107.6183917
1568,112 Nguyễn Chánh Hà Nội,20.9653389,105.8240128
1569,TPHCM TP HCM,10.7659087,106.6446124
1570,An Khánh Hà Nội,21.0023161,105.7179738
1571,195 Phạm Văn Đồng Hà Nội,21.0625027,105.7837371
1572,55 tố hữu Hà Nội,20.9843598,105.7732219
1573,38BT1 Khu Đô Thị Pháp Vân Hà Nội,20.95613000000003,105.84809700000004
1574,427/4a Xvnt TP HCM,10.970122859000073,106.53675200600009
1575,Tp. Bắc Ninh,21.1751704,106.0593983
1576,Quận bình tân TP HCM,10.7703543,106.5995759
1577,Ngõ 234 hoàng quốc việt cầu giây ha noi Hà Nội,21.0491685,105.784442
1578,phường Bình Trưng TP HCM,10.7887654,106.7551053
1579,Trạm trôi hoài đức Hà Nội,21.0681821,105.7099045
1580,49 Hoàng Đạo Thành Hà Nội,20.9826484,105.8109642
1581,nam định,19.9952624,106.485807
1582,83 d6 khu đô thôi đại kim cũ Hà Nội,20.974591117000045,105.83487597600003
1583,Bình Thuận,36.2001682,113.429176
1584,Đăk Găn Đăk Mil Đăk Nông,0.0,0.0
1585,Tp thanh hoá Thanh Hóa,19.8053115,105.752611
1586,69/1 đường số 17 hiệp bình chánh thủ đức TP HCM,10.82286913300004,106.71782138400005
1587,gò vấp TP HCM,10.8158694,106.6846752
1588,Hoàn Long Hưng Yên,20.9029715,105.9844897
1589,Quảng Bình,17.5157162,106.6225405
1590,240 Phạm Văn Đồng Hà Nội,21.054262,105.7817064
1591,tỉnh Khánh hoà Khánh Hòa,12.4894951,109.1238365
1592,Chí Linh Hải Dương,21.1086948,106.3853107
1593,218 Thánh Thiên Bắc Giang,21.2704731,106.1975103
1594,Sơn La,21.2276769,104.1575944
1595,Tran Hung Dao Hà Nội,21.0248898,105.8478484
1596,133 Nguyễn Văn Tiết Bình Dương,10.988592717000074,106.65331185200006
1597,Số 1 đại Linh Hà Nội,21.1379567,106.0977834
1598,buôn Ma Thuột Đăk Lăk,12.6612624,108.0310213
1599,khánh hải ninh Thuận,11.6154537,108.9954244
1600,Xã nghĩa dân hưng yên,20.7776476,106.0338979
1601,200 Đ. Bùi Thị Xuân Lâm Đồng,10.6903313,107.7427374
1602,hà nam,34.0000001,113.9999999
1603,Ha Nôi Hà Nội,21.0242336,105.8410067
1604,249 lê văn hiến Đà  Nẵng,15.9986256,108.2596493
1605,Tam lộng hương sơn bình xuyên vĩnh phúc,21.317337373000043,105.64536725600004
1606,Duong Noi Hà Nội,20.9752796,105.7510178
1607,Gia Nghĩa Đăk Nông,12.0013238,107.6871901
1608,Đại Mỗ Nam Từ Liêm Hà Nội,20.9924616,105.7552413
1609,92 lương ngọc quyến Thái Nguyên,21.5943377,105.8246529
1610,29 Tố Hữu Hà Nội,20.9924709,105.7876888
1611,30/4 Bà Rịa Vũng Tàu,10.3471705,107.0763626
1612,Khu đô thị xa la Hà Đông Hà Nội,20.9627096,105.7920734
1613,Số 5 Nguyễn Khánh Toàn Hà Nội,21.0386741,105.801641
1614,171 ngũ hành sơn Đà  Nẵng,16.010798,108.253178
1615,Số 9 Mạc Thái Tông Hà Nội,21.0111503,105.7912927
1616,Ải phượng sơn lục ngạn bắc giang,21.3361891,106.4571443
1617,Hoà Bình Hòa Bình,24.4723735,114.9310404
1618,Thành Phố Ninh Bình,20.2570797,105.9793194
1619,Nguyenthiminhkhai TP HCM,10.821295799999971,106.56407359999996
1620,Tpvt Bà Rịa Vũng Tàu,10.38776820000004,107.12210890000006
1621,Thanh hoá Thanh Hóa,19.8128131,105.7677621
1622,Gia Lâm Ninh Bình,20.4091682,105.7861121
1623,Xuân đỉnh Từ liêm Hà Nội,21.069249,105.7859403
1624,Đà Bắc Hòa Bình,20.884047,105.3694992
1625,tp Hải Dương,20.9330747,106.330626
1626,Vĩnh  Phúc Vĩnh Phúc,21.0449967,105.8107125
1627,Vĩnh Long,10.046765,106.2947443
1628,Thị trấn Củ Chi TP HCM,10.9756026,106.4992306
1629,Ecopark Hà Nội,20.9491509,105.9413434
1630,Mai Dịch Hà Nội,21.0382943,105.7780554
1631,Xã Khổng Lào Lai Châu,22.5909635,103.3780847
1632,Nha trang Khánh Hòa,12.2084991,109.2871204
1633,Xã kép Bắc Ninh,21.4148621,106.2996392
1634,Tỉnh Ninh Bình,20.2867258,106.1000359
1635,Văn Quán Hà Nội,20.9777315,105.7847989
1636,Tdp Minh Tân 6. Phường Yên Bái Lào Cai,22.3069302,104.1829592
1637,hà nôi Hà Nội,21.0242336,105.8410067
1638,Phúc lộc Hà Nội,21.1493417,105.5720271
1639,phường phước long b TP HCM,10.824553,106.7690916
1640,Hoà Thọ Đông Đà  Nẵng,16.0106526,108.1944816
1641,Buôn Hồ Đăk Lăk,12.8510379,108.2864454
1642,An thắng an lão hải phòng,20.8198386,106.5787
1643,đồng Nai,10.9182878,106.8481538
1644,Lạng Sơn,21.8487579,106.6140692
1645,Vân nội đông anh hn Hà Nội,21.1319158,105.9042259
1646,613/21 đường 3/2 p8q10 TP HCM,10.765672472906374,106.66478119609536
1647,hô tây Hà Nội,21.0580419,105.8139655
1648,70a duong so 24 tam bình thu Đức TP HCM,10.8727255,106.7465365
1649,sơn la,21.2276769,104.1575944
1650,Đồng nai,11.4285446,107.1624245
1651,Van Chuong Ha Noi Hà Nội,21.0230765,105.8335648
1652,quận Bình Thạnh TP HCM,10.812271,106.7040393
1653,vạn hạnh phường phú mỹ thành phố hò chí minh Bà Rịa Vũng Tàu,10.705414500000018,106.73825290000002
1654,Đak Lak Đăk Lăk,12.4232112,108.1776243
1655,Khu Đô Thị Văn Phú Hà Nội,20.9604548,105.7679613
1656,01 nguyễn Văn tố Kiên Giang,20.941997049000065,106.33236626100006
1657,Bắc Thái Ninh Hưng Yên,20.5200967,106.4958764
1658,Thôn 10 ea ktur đắk lắk Đăk Lăk,12.5912019,108.1382564
1659,nghệ an,19.1976001,105.060676
1660,Thiện phiến tien lữ Hưng Yên,0.0,0.0
1661,Tp.HCM TP HCM,10.7923429,106.6789793
1662,Phường Hạc Thành Thanh Hóa,19.8128131,105.7677621
1663,Tp. Vũng Tàu Bà Rịa Vũng Tàu,10.4908509,107.1842843
1664,Tp Đồng Nai,10.9182878,106.8481538
1665,Thái Bình,20.4031348,106.5941615
1666,167/5 khu vuc 1 phuong an binh nk can tho Cần Thơ,10.014898919849315,105.75141699979474
1667,Tổ 10 kp song Vĩnh ở Tân phước tp hcm Bà Rịa Vũng Tàu,10.410592455000028,107.19516289300007
1668,cn9 phương canh nam từ liêm hà nội,21.0315918,105.7529955
1669,Bửu Long biên hòa đồng nai,10.9629837,106.7936911
1670,vĩnh hưng  hoàng mai Hà Nội,20.9814723,105.8751032
1671,Tp.thái Nguyên,21.5874871,105.8015959
1672,Hưng Khánh Trung B Chợ Lách Bến Tre,0.0,0.0
1673,P. Bắc Giang,21.2803713,106.2143272
1674,1 Lê Văn Khương Quận Gò Vấp TP HCM,10.863378521000072,106.64959829700008
1675,Phú mẫn xã yên phong tỉnh bắc ninh,21.19179935300008,105.98672705400008
1676,Hải Châu Đà  Nẵng,16.0589539,108.2194844
1677,Phường Kinh Môn Hải Phòng,20.9879641,106.5555019
1678,P. Thạnh Mỹ Lợi TP HCM,10.7779824,106.7612965
1679,xã Tân Trường (mao Điền mới) Hải Dương,20.9602884,106.3604393
1680,Chợ bình châu Bà Rịa Vũng Tàu,10.55533497700003,107.54799517800006
1681,385 Hữu Hưng Tây Mỗ Hà Nội,20.9957805,105.7465303
1682,phú Thọ,21.3007538,105.1349604
1683,Tp Bắc Kan Bắc Kạn,22.140219,105.8349959
1684,Số nhà 122 phố mã phù linh thị trấn sóc Sơn Hà Nội,21.0283334,105.854041
1685,tp Hà Nộ Hà Nội,21.175535,105.8586376
1686,Q Đống Đa Hà Nội,21.01451,105.8234093
1687,195 Đội Cấn Hà Nội,21.0353582,105.8238746
1688,Ayunpa Gia Lai,0.0,0.0
1689,401 Quốc Lộ 13 Tp Thủ Đức TP HCM,10.8511866,106.7198425
1690,Sài Gòn TP HCM,10.782305,106.6771626
1691,gia sàng Thái Nguyên,21.5790298,105.8502201
1692,Xã sao vàng tỉnh thanh hoá Thanh Hóa,19.887928,105.4617309
1693,H. An Dương Hải Phòng,20.8675793,106.6099929
1694,Xã Kẻ sặt Tp Hải phòng,20.9086787,106.1472066
1695,bình phước,11.8000378,106.9151381
1696,Phú ninh Đà  Nẵng,15.5261301,108.4226366
1697,Tp. Đà Nẵng Đà  Nẵng,16.071571,108.2093029
1698,Ba Vì Hà Nội,21.0184475,105.3930256
1699,Kiến Xương Thái Bình,20.4500988,106.3489724
1700,Huyện Thanh Liêm Hà Nam,0.0,0.0
1701,Số 11 đường phúc sơn Bắc Ninh,21.1937103,106.0725064
1702,Phuong yen bai Lào Cai,21.7097514,104.8872083
1703,Sân bay Nội Bài Hà Nội,21.2169534,105.7937453
1704,Xa thanh son Phú Thọ,21.2008157,105.2011766
1705,88 nguyễn chánh cầu giấy Hà Nội,21.0201437,105.7857425
1706,Chung cu opal riverside phuong hiep binh TP HCM,10.8244969,106.7259963
1707,Đại thanh hà nội,20.9343343,105.8190047
1708,Số 10 Ngõ 102 Trần Phú Hà Đông Hà Nội,20.9789021,105.7849432
1709,Q6 Tphcm TP HCM,10.7487057,106.6392083
1710,Thạch thất hà nội,21.0666388,105.5617779
1711,Hoàng Quốc Việt Hà Nội,21.0531725,105.7817224
1712,Oceanpark Hà Nội,20.994004,105.9586274
1713,32a trương định p.xuân hoà tphcm TP HCM,10.7799431,106.687329
1714,Tp Bmt Đăk Lăk,12.7102349,108.0495256
1715,củ TP HCM,10.8179793,106.6562645
1716,Sn 455 Đường Nguyễn Văn Cừ Hạ Long Quảng Ninh,20.94869475400003,107.12947516500007
1717,2 ngõ 55/13 hoang hoa tham phuong ba dinh Hà Nội,21.038704551000023,105.82755326800007
1718,Thành Phố Thái Nguyên,21.5874871,105.8015959
1719,Phường Thành Vinh Nghệ An,18.6722509,105.674112
1720,2450 QL 1A Quận 12 TP HCM,10.84441784200004,106.61681942200003
1721,243 hoàng liên lào cai,22.3332357,103.8227534
1722,Huyện Châu Thành Kiên Giang,0.0,0.0
1723,lai xá Hà Nội,20.9329136,105.9457172
1724,119 lê hồng phong tân đông hiệp dĩ an bình dương,10.925103400000069,106.76469990000004
1725,Thanh ba Phú Thọ,21.4507067,105.1662612
1726,Quỳnh Lưu Nghệ An,19.2324936,105.5980713
1727,Hậu Giang,9.7881262,105.6390398
1728,Lô 9 khu công nghiệp Long bình an Tuyên Quang,21.817852784000024,105.21769942300006
1729,328 Thăng Long .Cẩm Lệ Đà Nẵng,15.9945984,108.1819724
1730,Phường 7 Bến Tre,10.2290303,106.3568358
1731,Lộc Ninh Bình Phước,11.8044635,106.626604
1732,Vĩnh tuy hà nội,20.9982944,105.8677016
1733,Tổ 3 mô lao hà đông Hà Nội,20.981338,105.7839611
1734,Quận 9 ( Grandpark) TP HCM,0.0,0.0
1735,115 xuân đoàn Đăk Lăk,12.9182458,108.3715578
1736,Kđt Thanh Hà Nội,20.9681919,105.82714
1737,Cầu giấy hà nôi Hà Nội,21.0388103,105.7818897
1738,Tt quảng phú Đăk Lăk,12.8202511,108.0738431
1739,An Khê Gia Lai,14.0223835,108.6950293
1740,My hoa hiep bac ffong hoà Phú Yên,13.02293190000006,109.34126740000004
1741,96 Phạm Đình Hổ Phường Bình Tây TP HCM,10.7522625,106.6496625
1742,987 Tam Trinh Hoàng Mai Hà Nội,20.9674695,105.8683797
1743,Tân uyên Bình Dương,11.0524088,106.6786935
1744,tỉnh Phú Thọ (vĩnh Phúc cũ) Vĩnh Phúc,21.3134631,105.6050409
1745,Tứ liên hồng hà nội Hà Nội,21.0650669,105.833701
1746,Phường Thịnh Đán thành phố thái nguyên,0.0,0.0
1747,686 nguyễn văn cừ long biên Hà Nội,21.0258427,105.9222801
1748,Xã Chương Dương Tp Hà Nội,20.8353914,105.8982681
1749,Tp Quảng Ngãi,15.1647997,108.8354927
1750,Tp Thanh Hoá Thanh Hóa,19.8053115,105.752611
1751,Châu đức Bà Rịa Vũng Tàu,10.6621029,107.2428985
1752,Tỉnh Sơn La,21.2276769,104.1575944
1753,Thôn 3 Ba Chẽ Quang Ninh Quảng Ninh,21.1718046,107.2012742
1754,Tp Huế Thừa Thiên Huế,16.4564881,107.5780488
1755,Ninh Hòa Khánh Hòa,12.5483851,109.061072
1756,Nam Triệu Hải Phòng,20.9257,106.7427174
1757,Hàm nghi Hà Nội,21.0341243,105.7673945
1758,646lam Sơn thị trấn nông cống thanh hoá Thanh Hóa,19.624483852000026,105.64611735300008
1759,18cao Ba Quát Ninh Thuận,11.781538133000026,108.77850050100004
1760,Hà đông hà nôi Hà Nội,20.9821011,105.7902466
1761,Thái Nguyên Hà Nội,21.3024294,105.881465
1762,302 Cầu Giấy Hà Nội,21.0353,105.794528
1763,Lệ Thủy Quảng Bình,11.9357998,107.439811
1764,tứ minh Hải Dương,20.9359109,106.3053196
1765,Thái Bình Hưng Yên,20.4031348,106.5941615
1766,04 lê thị hai Kiên Giang,10.003317099000071,105.09510219900004
1767,101 Phạm Hùng Hà Nội,21.0093628,105.7891381
1768,Gò Dầu Tây Ninh,11.0845811,106.2669584
1769,tòa Ct36 Hà Nội,16.463351841000076,107.59430531000004
1770,chung cư 4s linh Đông Thủ Dức hcm TP HCM,10.8443812,106.7402103
1771,Hòa Lạc Hà Nội,20.9900478,105.526951
1772,Thôn 5 Hà  Tĩnh,18.5053574,105.5176064
1773,The vesta phú lương hà đông Hà Nội,20.946925416000056,105.75680189400003
1774,97 khương trung Hà Nội,20.9988768,105.8221088
1775,Phường đông hà quảng trị,16.8203308,107.0982066
1776,Cao Bằng,22.7426936,106.1060926
1777,Hương khê hà tĩnh Hà  Tĩnh,18.1926506,105.6792793
1778,nhơn trạch Đồng Nai,10.7376129,106.9451341
1779,Lương Thịnh Yên Bái,21.721899,104.8935896
1780,Tỉnh phú thọ Vĩnh Phúc,21.3647247,105.5836703
1781,86/16 bình thới TP HCM,10.7629692,106.6423264
1782,Hàng than Ba Đình Hà Nội,21.0436598,105.8472974
1783,đà Lạt Lâm Đồng,11.9082632,108.4572089
1784,524 Ngô Gia Tự TP HCM,10.7635483,106.6714927
1785,Lê chân Hải Phòng,20.8450107,106.676396
1786,cầu giấy hà nôi Hà Nội,21.0388103,105.7818897
1787,429/10 Xa Lộ Hà Nội TP HCM,10.8577649,106.7877182
1788,25 nguyễn phúc chu p. phú thủy t.lâm đồng,10.972833351000077,106.86750124700006
1789,Xã Thạch Đồng Phú Thọ,11.3120731,107.5119107
1790,bà rịa vũng tàu,10.3471705,107.0763626
1791,167 Nguyễn Văn Cừ Đăk Lăk,12.6915171,108.0664619
1792,Ngọc Thụy Long Biên Hà Nội,21.0438263,105.86562
1793,61 Nghiêm Xuân Yêm Đà  Nẵng,16.02788719800003,108.24041605200006
1794,Vĩnh long,10.046765,106.2947443
1795,370 tô hiệu Hải Phòng,20.8502459,106.6759653
1796,Dong anh hn Hà Nội,21.1537878,105.8515777
1797,P. Thới An TP HCM,10.8794994,106.6581461
1798,388  Nguyễn Xiển Thanh Xuân Hà Nội,20.9825917,105.8114969
1799,Gia Lai Đăk Lăk,12.659314297000035,108.03008895200009
1800,Bình Hưng TP HCM,10.7193081,106.6555215
1801,Quảng bị hà nội,20.8632249,105.6995337
1802,Tp Vinh Nghệ An,18.7358406,105.6906101
1803,Thinh liet ha noi Hà Nội,20.9752859,105.8493293
1804,301 bình tân TP HCM,10.7725186,106.6215932
1805,114/192 tô ngọc vân gò vấp TP HCM,10.856248,106.6741615
1806,Tân Đông Hiệp dĩ an Bình Dương,10.9230601,106.7686184
1807,huyện Yên Thành Nghệ An,19.0205344,105.4145724
1808,Thành phố Bà Rịa Vũng Tàu,10.4833276,107.1863677
1809,phường an nhơn Bình Định,13.8714072,109.1254529
1810,Hcmc TP HCM,10.8283337,106.761474
1811,Số 2 thôn Tân Phúc xã sơn đông Hà Nội,21.064886500000057,105.49397790000006
1812,tx Đông Hoà Phú Yên,0.0,0.0
1813,phường Đông Sơn Thanh Hóa,19.7956864,105.7922692
1814,phường nguyễn thái học tp yên bái,0.0,0.0
1815,Vũ Đức Thận Long Biên Hà Nội,21.05653767171566,105.89106377441176
1816,phường Hàm Rồng Thanh Hóa,19.8389439,105.7860937
1817,Việt Nam Hà Nội,21.0283334,105.854041
1818,vinh lôc Thanh Hóa,20.0408855,105.6489677
1819,kdc vĩnh lộc TP HCM,10.8073186,106.5924728
1820,p. Thanh Bình Hải Dương,20.9474224,106.3301848
1821,Việt trì Phú Thọ,21.3178347,105.4386546
1822,Hiep hoa bg Bắc Giang,21.3734103,105.9495911
1823,Nơ 9b linh đàm Hà Nội,20.963632,105.8327575
1824,191 Xuân Thủy. Phường Lộc Hòa tp Nam định,20.41321592300005,106.18774932300003
1825,Buôn mê thuật Đăk Lăk,12.6769539,108.0465393
1826,Binh Thanh Ward TP HCM,11.5389371,106.9159522
1827,Tp hcm,10.7737261,106.7166008
1828,81 yen the Đà  Nẵng,16.0540338,108.1775875
1829,Dong anh ha noi Hà Nội,21.1537878,105.8515777
1830,74 quang trung Đà  Nẵng,16.0749416,108.2193576
1831,Xã đoan hùng Phú thọ,21.6181495,105.1831278
1832,555 Hồ Học Lãm TP HCM,10.7161664,106.6148053
1833,TP. Hải Phòng,20.8623278,106.6799266
1834,99 thạnh lộc 16 quận 12 thành phố hồ chí minh  TP HCM,10.867195051000069,106.68505429300006
1835,Vinh Nghệ An,18.7358406,105.6906101
1836,Huế Thừa Thiên Huế,16.4564881,107.5780488
1837,Hải Thành Đồng Hới Quảng Bình,0.0,0.0
1838,Công viên hoà binh Hà Nội,21.0663226,105.7867101
1839,An Khánh hoài đức Hà Nội,21.0190367,105.7114495
1840,17/20 đường 18 linh Xuân hcm TP HCM,10.8574508,106.7776089
1841,Ha dong Hà Nội,20.9702189,105.7749565
1842,323 Nguyễn Tri Phương Đà Nẵng,15.8712301,108.3445601
1843,Le van quoi TP HCM,10.7753504,106.6163694
1844,98 Hoàng Văn Thái Đà  Nẵng,16.0406667,108.1338774
1845,31/2 Đường B2 . Xã cưebua Đăk Lăk,12.691232540000044,108.03029984100004
1846,304 nguyễn văn linh Đăk Lăk,12.7233814,108.0963977
1847,39 lê văn lương Hà Nội,21.0059266,105.8053824
1848,11a Cao Bá Quát Hà Nội,21.0299786,105.8400632
1849,Phường Hải Dương Hải Phòng,20.9380005,106.3350879
1850,Thị xã Kỳ Anh Hà  Tĩnh,18.0527966,106.3567324
1851,Hùng Vương Hải Phòng,20.8737471,106.6366708
1852,Bến Cát TP HCM,11.153211,106.5903403
1853,Go vap TP HCM,10.8242738,106.6863133
1854,Phường Bắc Giang,21.2815961,106.1988847
1855,Tp Tân an Long An,10.5389424,106.4045422
1856,xã Kiều Ph Hà Nội,0.0,0.0
1857,Buôn Ma Thuột Gia Lai,13.7339471,108.0155389
1858,453/67 Lê Văn Khương TP HCM,10.8849672,106.6481251
1859,Kcn Sông mây xã Bình Mình Tỉnh Đồng Nai,10.977310664705143,106.99267343743094
1860,126 y moanl Đăk Lăk,12.682160152000051,108.04291718600008
1861,phường Tùng Thiện Hà Nội,21.1224604,105.4586831
1862,TP Thủ Dầu Một Bình Dương,11.0603116,106.6879506
1863,Kiên Giang,9.7667502,104.4726437
1864,xã bà điểm TP HCM,10.8402684,106.5990908
1865,2814 huynh tan phat TP HCM,10.6741126,106.7645825
1866,Tân Xuân. Đông Ngạc. BTL Hà Nội,21.0871833,105.78585
1867,Tan Phú TP HCM,10.7761892,106.6384144
1868,Hải Châu Đà Nẵng,16.0589539,108.2194844
1869,Xuong giang bắc Giang,21.2654585,106.2013887
1870,tỉnh quảng ninh,21.1718046,107.2012742
1871,Yên Mô ninh bình,20.1281337,106.0122765
1872,Bình Tân Hcm TP HCM,10.7936653,106.5897712
1873,Phước lợi phước Đồng Nha Trang Khánh Hòa,12.18880579200004,109.17038495200006
1874,173 hoàng đình ái hoà Xuân Cẩm lệ Đà Nẵng Đà  Nẵng,15.997339554000064,108.21508432700006
1875,Tiền hải Thái Bình,20.4765176,106.5768519
1876,vinh Bao Hải Phòng,20.6870769,106.4807178
1877,Lương Nỗ Tiên Dương Đông Anh Hà Nội,21.15456690900004,105.84108899100003
1878,Kp mỹ khoan Đồng Nai,10.749208,106.9403974
1879,Kđt Vĩnh Điềm Trung Khánh Hòa,12.2560517,109.1686741
1880,Phường Chũ Bắc Giang,21.3820872,106.587715
1881,Lào cai,22.3069302,104.1829592
1882,phường Hà Đông Hà Nội,20.9732937,105.7787998
1883,xã Di Trạch Hà Nội,21.0454379,105.7232685
1884,Phu Thuy Bình Thuận,10.9409021,108.1231314
1885,793 quốc lộ 13 TP HCM,10.8518586,106.7204263
1886,thái bình,20.4031348,106.5941615
1887,Trung sơn ninh bình,20.1427398,105.9230385
1888,Việt trì pgis Phú Thọ,0.0,0.0
1889,Việt hưng hà nội,21.0637621,105.9058988
1890,Phuong nam thanh Ninh Bình,20.2421142,105.9746207
1891,Bảo Lộc Lâm Đồng,11.5460816,107.8094962
1892,3526 Hh4a Kđt Linh Đàm Hoàng Mai Hà Nội,20.970863000000065,105.82687820000008
1893,Sơn cẩm thái nguyên,21.6327768,105.7847999
1894,Tp Long Khánh Đồng Nai,10.9394857,107.234507
1895,16 phan đăng lưu Bảo Lộc lâm đồng,11.5448432,107.8121004
1896,240 nguyễn văn linh p. Tân thuận tây quận 7 TP HCM,10.749654548000024,106.72230035700004
1897,Tiên Du Bắc Ninh,21.1265907,106.0286451
1898,Phường Thuận Giao TP HCM,10.9610952,106.7111158
1899,Tây hồ Hà Nội,21.0627805,105.8184637
1900,Tứ liên tây hồ Hà Nội,21.0628026,105.8321345
1901,trà ôn Vĩnh Long,9.965542,105.9223145
1902,36/1 Triệu Việt Vương Lâm Đồng,11.9261335,108.4339977
1903,D4/44 ấp xã Hưng Long tp Hcm,10.664087372134588,106.61066408907652
1904,Phước Long TP HCM,10.824553,106.7690916
1905,thị trấn phong nha Quảng Bình,0.0,0.0
1906,P Bình Hòa TP HCM,10.905052,106.7274208
1907,đức Nhuận TP HCM,10.8059609,106.6784893
1908,Tứ Minh Hải Phòng,20.9325486,106.247508
1909,Lê duẩn phường an phú tỉnh Gialai Gia Lai,14.0201373,108.6354524
1910,Đại Mỗ Hà Nội,20.9933193,105.7766692
1911,17/2 Hùng Vương phương xuâ hương đà lạt Lâm Đồng,11.947718060000057,108.47460196500003
1912,3 đường Hoà Bình TP HCM,10.7669366,106.6414534
1913,Phường 2 tpvũng Tàu Bà Rịa Vũng Tàu,10.34127875400003,107.07814923000008
1914,bắc Giang,21.3740092,106.4663176
1915,hắc dịch Bà Rịa Vũng Tàu,0.0,0.0
1916,TP. Thái Nguyên,21.5874871,105.8015959
1917,quận 2 hồ chí minh TP HCM,10.7699715,106.7893002
1918,Phố Hoa Lư Ninh Bình,20.2516254,105.9747603
1919,TP Nha Trang Khánh Hòa,12.2084991,109.2871204
1920,chung cư estella TP HCM,10.756213000000002,106.7013311
1921,Quận 4 TP HCM,10.7607538,106.7070798
1922,Khu Chế Xuất Tân Thuận TP HCM,10.7591929,106.741469
1923,Nguyễn Tất Thành TP HCM,10.7620889,106.7090227
1924,P Xóm Chiếu TP HCM,10.7601949,106.7120907
1925,Quốc Oai Hà Nội,20.9924146,105.6401518
1926,Hà T Hà Tĩnh,18.0412239,106.4171429
1927,329 đê la thành Hà Nội,21.1075533,105.7650948
1928,86 tam Khương thượng hà nội,21.0041843,105.8271471
1929,thủ Đức TP HCM,10.8505674,106.7585291
1930,Q. Thủ Đức TP HCM,10.7505709,106.6310244
1931,an phú đông quận 12 TP HCM,10.8570791,106.6208792
1932,Xã Toàn Thắng Huyện Kim Động Tỉnh Hưng Yên,0.0,0.0
1933,tp hochii TP HCM,10.836386100000029,106.6891968
1934,Tân Phú Đồng Nai,11.2679691,107.4298962
1935,Q. Bắc Từ Liêm Hà Nội,21.0730119,105.7613958
1936,Huyện An lão Hải Phòng,20.8204717,106.5537256
1937,việt hưng long biên Hà Nội,21.0148162,105.9123125
1938,679 Nguyễn Xiển (chân trụ cầu T139) Hà Nội,21.0283334,105.854041
1939,191 đường 3/2 F11 Q10 TP HCM,10.771754953000029,106.67460313900006
1940,Nho Quan Ninh Bình,20.3115449,105.7485879
1941,Chợ Lớn TP HCM,10.7518172,106.658971
1942,tp Bg Bắc Giang,21.0574456,105.9506746
1943,Tổ 5 kp4 vĩnh tân uyên bình dương,11.0522383,106.6708227
1944,Đề Thám Thái Bình,20.4484904,106.3410838
1945,Đình Cả Võ Nhai Thái Nguyên,21.7515716,106.074215
1946,Hồ chí Minh TP HCM,11.2185851,106.4571997
1947,Từ sơn Bắc Ninh,21.1159424,105.9559119
1948,Đại Học Bách Khoa Hà Nội,21.0055269,105.8435926
1949,129 Lê đại hành Đà  Nẵng,16.024587,108.2085979
1950,B Chánh TP HCM,10.7900823,106.7109342
1951,Phường Hoa Lư Ninh Bình,20.2421142,105.9746207
1952,12 Nguyễn công trứ phường 4 tp cao lãnh Đồng Tháp,10.449532633000048,105.63457888200008
1953,Trung Van Đăk Lăk,12.6791972,108.045487
1954,Phường An Xuyên Cà Mau,9.2218303,105.1784503
1955,An hữu cái bè Tiền Giang,0.0,0.0
1956,PHường Tây Thạnh TP HCM,10.8130355,106.6227282
1957,đak đoa Gia Lai,14.1155411,108.1756836
1958,An Khánh TP HCM,10.7850885,106.7293654
1959,Thành phố hồ chí minh TP HCM,10.8073712,106.7564593
1960,185a Trích Sài Hà Nội,21.0527053,105.8124844
1961,thanh pho Bac Giang Bắc Giang,21.1345952,105.9890361
1962,Đak Nhau Bình Phước,0.0,0.0
1963,Thừa Thiên Huế,16.4639321,107.5863388
1964,43 Nguyễn Tri Phương Đà  Nẵng,15.8712301,108.3445601
1965,1452 Phạm Văn Đồng TP HCM,10.8427617,106.7450704
1966,Phường Bình Đông TP HCM,10.7283105,106.6379651
1967,Phổ Yên Thái Nguyên,21.4517905,105.7568528
1968,Phạm Văn Đồng Gia Lai,13.9952142,107.9988855
1969,9/12 tăng ngơn phú TP HCM,10.827547156000035,106.77140804200008
1970,Phạm hùng kangnam Hà Nội,21.01605664300007,105.78379755200008
1971,TP Chí Linh Hải Dương,21.1086948,106.3853107
1972,Liên Minh Hà Nội,21.1587992,105.4115465
1973,Ha noi Hà Nội,21.0242336,105.8410067
1974,Phường Gia Định TP HCM,10.8008668,106.6971226
1975,192 Đường Số 30 TP HCM,10.737553,106.7114344
1976,nh phường Phước Nguyên Bà Rịa Vũng Tàu,10.49284911600006,107.18855802100006
1977,bắc gia Bắc Giang,13.869511,109.1657134
1978,đường Võ Liêm Sơn phường Chánh Hưng TP HCM,10.737049500051103,106.67559899997514
1979,238 Đường Trần Hưng Đạo Phú Mỹ Bà Rịa Vũng Tàu,10.587866899999996,107.05602340000002
1980,Bau bang Bình Dương,11.3267808,106.674253
1981,Phong nam Đà  Nẵng,15.9818243,108.1938694
1982,Phường Buôn Ma Thuột Đăk Lăk,12.6843232,108.0508288
1983,Số 6 đường số 3 KĐT Hà Quang 2 TP Nha Trang Khánh Hòa,12.24689862100007,109.17947484400008
1984,Số 6 đường số 3 KĐT Hà Quang 2 Tp Nha Trang Khánh Hòa,12.24689862100007,109.17947484400008
1985,Q.Cẩm Lệ Đà Nẵng,16.016946,108.2033469
1986,phường Trường Vinh Nghệ An,18.6595616,105.6970309
1987,121 tự phước phường xuân trường đà lạt Lâm Đồng,11.9446998,108.4955748
1988,Đào Sư Tích Bắc Giang,21.2815944,106.2064579
1989,Nghi Sơn Thanh Hóa,19.4531301,105.7325181
1990,Ngõ 12 phố Quang Trung Hà Đông Hà nội (Đối diện cổng Trường Chuyên Nguyễn Huệ mới) Hà Nội,20.960178276000025,105.76078302800003
1991,liên bão Bắc Ninh,21.1181336,106.0372281
1992,Hạ long Quảng Ninh,20.9472556,107.1164673
1993,long thành Đồng Nai,10.7814707,106.9542817
1994,Số 15 ngõ 139 đường Tam Trinh Vĩnh Tuy Hà Nội,20.9929883,105.864346
1995,26 mỹ đình Hà Nội,21.0330125,105.763343
1996,Quỳnh Phụ Thái Bình,20.6426339,106.3334363
1997,68 nguyễn tư giản TP HCM,10.8326452,106.6386462
1998,1 Đ. Ni Sư Huỳnh Liên TP HCM,10.7835604,106.6488803
1999,Biên Hoà Đồng Nai,10.9507929,106.8263284
2000,Nam từ liêm Hà Nội,21.0067943,105.7864181
2001,Cẩm giàng hải dương,20.9667289,106.1720565
2002,Huyện lục nam tỉnh bắc giang,0.0,0.0
2003,quận Tân phú TP HCM,10.7918681,106.6277515
2004,Xã Việt Tiến Hải Phòng,20.7168279,106.4814932
2005,282/7 lê thị riêng quận 12 TP HCM,10.864674900000011,106.65472269999998
2006,p. Bình Trưng TP HCM,10.7887654,106.7551053
2007,Số 2 châu văn liêm nam từ liêm hà nội,21.00732770000002,105.76736090000004
2008,Việt trì phú thọ,21.3178347,105.4386546
2009,quảng trị,17.2166964,106.9548246
2010,P Phong Châu Phú Thọ,21.4144881,105.2293463
2011,phường Phúc Yên Vĩnh Phúc,21.242436,105.7010112
2012,Nguyễn An Ninh Hà Nội,13.9686046,107.9928253
2013,định hòa Bình Dương,11.0957299,106.667765
2014,Phường Đông Hưng Thuận TP HCM,10.835914,106.6221978
2015,Thi sob kim bang ha nam Hà Nam,0.0,0.0
2016,Châu Thành Tiền Giang,10.4491834,106.3420434
2017,Thôn yên sơn xã ba vì huyện ba vì ha nội Hà Nội,21.107682021000077,105.36686670300008
2018,Thanh mieu phu tho Phú Thọ,21.3323873,105.366022
2019,Từ liêm Hà Nội,21.0216051,105.766512
2020,Xã yên châu tỉnh sơn la,21.0807033,104.2943233
2021,203 Nguyễn thị Búp p Tân Chánh hiệp quận 12 TP HCM,10.87429323400005,106.62995892300006
2022,Tăng nhơn phú TP HCM,10.8449268,106.7864288
2023,P Yên Bái,21.7097514,104.8872083
2024,Chon thanh binh phuoc Bình Phước,11.494025,106.8226114
2025,Thành phố Hòa Bình,20.884047,105.3694992
2026,645 Song Hành Tân Xuân Hóc Môn TP HCM,10.875804724000034,106.59506450400004
2027,03 Vincom Kiên Giang,21.706797445000063,104.88113495400006
2028,thanh xuân hà n Hà Nội,20.9916633,105.7969224
2029,Tân Dương Đồng Tháp,10.2799081,105.7164348
2030,Long BIên Hà Nội,21.0232241,105.898496
2031,Đống đa Vĩnh Phúc,15.922568,107.6493936
2032,Định công hoàng mai Hà Nội,20.9816823,105.849816
2033,Thị xã Phú Thọ,21.4144881,105.2293463
2034,23 Tô Hiến Thành Đà  Nẵng,16.0637252,108.2417867
2035,Thuy Loi 2 Tan Minh Soc Son Hà Nội,21.28561700000006,105.85999900000007
2036,Đường 10 khánh an yên khánh ninh binh Ninh Bình,20.226665400554666,106.0292452109084
2037,Đông Hải Phòng,20.9270534,106.7466105
2038,Ngoc hà Nội,20.9621245,105.8421237
2039,Ngõ 90 phố Gia Quất Long Biên Hà Nội,21.056338999698923,105.8813835010756
2040,Thanh Sơn Phú Thọ,21.0872683,105.1965704
2041,97 Lê Đức Thọ P7 Gv Hcm TP HCM,10.850638500000002,106.6622099
2042,Sóc Sơn hà nôi Hà Nội,21.2605178,105.8271978
2043,295 Tân Kỳ Tân Quý TP HCM,10.8013362,106.62605
2044,thái Nguyên,37.8699921,112.5437075
2045,33 mạc thái tổ cầu giấy Hà Nội,21.0175285,105.7907464
2046,KDT Việt Hưng Long Biên Hà Nội,21.06139741800007,105.90212398900007
2047,Hochiminh TP HCM,10.7242204,106.7311013
2048,Kim thành hải dương,20.9242925,106.3190155
2049,Toà park 9 times city Hà Nội,20.9910857,105.8688406
2050,thành phố bắc giang,21.2215587,106.2395228
2051,Định Quán Đồng Nai,11.2099682,107.3138765
2052,324 Chu Văn An Bình Thạnh TP HCM,10.812343,106.7024133
2053,Đà nẵng,16.068,108.212
2054,p an phú Bình Dương,10.986488,106.727314
2055,711 Hùng Vương Bình Định,20.4320364,106.1854461
2056,Cẩm Khê Phú Thọ,21.3846984,105.1054532
2057,Vĩnh Cửu Đồng Nai,10.6866644,106.8387326
2058,Thạch Hà Tĩnh,18.3583029,105.8211328
2059,431 đường hạ long bãi cháy quảng ninh,20.947574,107.0293264
2060,tp Thanh Hóa,19.8053115,105.752611
2061,199e Phạm Văn Đồng Gia Lai,14.0170122,107.9921046
2062,Phường vĩnh yên tỉnh phú thọ,21.2971727,105.5705848
2063,Quỳnh phụ Thái Bình,20.6426339,106.3334363
2064,Dăk Lăk Đăk Lăk,12.4232112,108.1776243
2065,TP Vị Thanh Hậu Giang,9.7812488,105.4688292
2066,34 vạn kiếp thượng lý hồng bàng hải phòng,20.8586306,106.6691652
2067,S102.15a06 vinhomes ocean Park gia lâm Hà Nội,20.995464500000026,105.94339910000008
2068,Ha Nội Hà Nội,21.0242336,105.8410067
2069,1105 tỉnh lộ 10.tân tạo.tp hcm,10.756752,106.5892927
2070,Đường Phan Bội Châu Quảng Ngãi,14.589817,108.2913015
2071,160 Lương khánh thiện Hải Phòng,20.8552391,106.6854248
2072,phường cẩm phả Quảng Ninh,21.0096177,107.272916
2073,Tx Hồng Lĩnh Hà Tĩnh,18.5339385,105.7118457
2074,Kd8 84 vinhomes ocean park2 Hưng Yên,20.99236872900008,105.94538835800006
2075,P Bến Thành Q1 TP HCM,10.7703806,106.6951066
2076,6/14 đường 3/4 phường Xuân hương Lâm Đồng,11.930429342000023,108.44564968600008
2077,Truong Quang Trong Quảng Ngãi,15.1477105,108.7979161
2078,188 Nguyễn Xí TP HCM,10.8164225,106.7070812
2079,tan khanh tan uyen binh duong Bình Dương,11.0133376,106.7063801
2080,Kiên an Hải Phòng,20.8078776,106.6249332
2081,Đức Thọ Hà Tĩnh,18.4888555,105.6054353
2082,48 Bạch Đằng Hà Nội,21.0242073,105.8620283
2083,An biên Hải phòng,20.8300834,106.6800525
2084,6/16a kp5 phường thống nhất Biên Hoà Đồng Nai,11.4285446,107.1624245
2085,Trung văn Hà Nội,20.9910797,105.7926402
2086,Ngõ 242 đường vạn phúc Hà Nội,21.1419755,105.8314833
2087,Phú Thái Hải Phòng,20.9701087,106.505421
2088,07 Hoàng Minh Giám P Đức Nhuận TP HCM,10.8107872,106.6757405
2089,Lâm Thao Phú Thọ,21.3265218,105.2894504
2090,Tinh Gia Lai Bình Định,14.1086959,109.1145897
2091,tổ 28 long biên Hà Nội,21.0282128,105.8976863
2092,phường Ngô Quyền Hải Phòng,20.8669098,106.7014839
2093,tp Thái nguyên,21.5874871,105.8015959
2094,Hải Thượng Lãn Ông _ Lam Sơn _ tp Hưng Yên,20.665491000073928,106.05079874065606
2095,Quang trung Tp Thái Nguyên,21.5761311,105.8283617
2096,xã phụng công Hưng Yên,20.960813,105.9165939
2097,P. Bình Đông (Q.8 cũ) TP HCM,10.738776700000017,106.643504
2098,Bàu Báng Bình Dương,11.3256492,106.6724513
2099,Thành phố Bắc Giang,21.2215587,106.2395228
2100,Phường 15 Quận Tân Bình TP HCM,10.7989297,106.7209052
2101,trảng bom Đồng Nai,10.9531344,107.0041964
2102,Phú Nhuận TP HCM,10.7954498,106.6754705
2103,phù đổng gia lâm hà noi Hà Nội,21.0416977,105.9394166
2104,Phường năng tĩnh Nam Định,20.4145609,106.1697942
2105,phường Tân An Đăk Lăk,12.7099722,108.1085201
2106,bắc giang,21.3740092,106.4663176
2107,Quốc lộ 3 Thị trấn Đông Anh Hà Nội,21.12895798259665,105.84351490152602
2108,Khối 5 phù lỗ sóc sơn hà nội,21.194177957000026,105.84707734500006
2109,tp ninh bình,20.2718862,105.9650163
2110,quận Phú Nhuận TP HCM,10.8010061,106.6797643
2111,phổ yên thái nguyên,21.4517905,105.7568528
2112,Kim Động Hưng Yên,20.755142,106.0301909
2113,4 to ba ria tinh Brvt Bà Rịa Vũng Tàu,10.492079320000071,107.16420481000006
2114,chung cư Ehome 2 TP HCM,10.8105682,106.7864312
2115,tỉnh lào cai,22.3069302,104.1829592
2116,Hà Nộ Hà Nội,21.175535,105.8586376
2117,Fpt đà Nẵng Đà  Nẵng,15.9829318,108.2616003
2118,phường Vỹ Dạ Thừa Thiên Huế,16.4796817,107.5989146
2119,Long Nguyên TP HCM,11.3040262,106.5073316
2120,Pham van dong Hà Nội,21.0634126,105.7842941
2121,Phường Đức Nhuận TP HCM,10.8059609,106.6784893
2122,Binh duong Bình Dương,14.2930359,109.0885885
2123,Cau Giay. Ha Noi Hà Nội,21.0292159,105.8033629
2124,tỉnh Tuyên Quang,22.3382057,105.0715846
2125,Nơ 20 Pháp Vân Hà Nội,20.9681689,105.8426436
2126,2quỳ hợp nghệ an,19.1976001,105.060676
2127,77 khu phố long thới phường lái thiêu tp thuận an TP HCM,10.8996397,106.6975349
2128,21/7 Lê Thành Phương Phú Yên,21.323564,105.6029061
2129,Khu công nghiep hoà cầm Đà  Nẵng,16.0055145,108.1785831
2130,Tỉnh Bắc Ninh (mới) Bắc Giang,21.1258442,105.9748505
2131,Bac Quang Hà Giang,22.416992,104.8248675
2132,Nhơn Trạch Đồng Nai,10.7376129,106.9451341
2133,Gia nghĩa Đăk Nông,12.0013238,107.6871901
2134,nha trang Khánh Hòa,12.2084991,109.2871204
2135,La phù hoài đức hà nội,0.0,0.0
2136,phú yên,13.1998999,109.2390033
2137,118 lê quang đạo nam Hà Nội,21.0150873,105.7679704
2138,Buôn ma thuột Đăk Lăk,12.6612624,108.0310213
2139,thành phố Lạng Sơn,21.855262,106.7432662
2140,Tp Hà Giang,22.8168007,104.9504515
2141,Diễn Châu Nghệ An,19.0219957,105.5783775
2142,KM 57 thị trấn Eakar Đăk Lăk,0.0,0.0
2143,31 đường số 21b phường bình trị đông b quận bình tân tphcm TP HCM,10.75455898000007,106.61828935000004
2144,2 đặng thái thân Hà Nội,21.0226535,105.858495
2145,huyện Tân Thạnh Long An,10.6069908,106.0467695
2146,yên lạc Vĩnh Phúc,21.3064256,105.5985972
2147,so 6 duong so 1 khu dan cu trung son TP HCM,10.737195747000044,106.65454860600003
2148,P. Vườn Lài TP HCM,10.7667271,106.6738236
2149,Sóc sơn Hà Nội,21.2597163,105.8508041
2150,Đường đôi tế tiêu Mỹ Đức Hà Nội,20.6757637,105.7519785
2151,Thành phố ninh bình,20.2570797,105.9793194
2152,binh Đinh Bình Định,13.887191,109.101382
2153,861 Trần Xuân Soạn quận 7 TP HCM,10.751668472000064,106.69679230500007
2154,Tây Mỗ Hà Nội,21.0004862,105.7484798
2155,tri Tôn An Giang,10.4122221,104.9709438
2156,Ninh giang Hải Dương,20.2996561,106.2863466
2157,Xã yên thành Nghệ An,19.0003488,105.4726175
2158,thuỷ nguyên Hải Phòng,20.9179864,106.6748497
2159,Thành Phố Hải Phòng,20.8830967,106.6790381
2160,Giáp Bát Hà Nội,20.9785715,105.8405631
2161,từ sơn Bắc Ninh,21.1159424,105.9559119
2162,Bình Phước (cũ) Bình Phước,10.4556135,105.5522014
2163,29 lê lợi xã đak đoa tỉnh gialai Gia Lai,14.0201373,108.6354524
2164,Bắc Từ Liêm Hà Nộ Hà Nội,0.0,0.0
2165,Bình Minh Hải Dương,19.9707169,106.0747324
2166,Tp đồng xoài. Bình Phuoc Bình Phước,11.5287323,106.8752552
2167,PleiKu Gia Lai,13.9773432,108.0002025
2168,xã Sông Hinh Phú Yên,0.0,0.0
2169,Vĩnh yên vĩnh húc Vĩnh Phúc,0.0,0.0
2170,xã Tân An Hội TP HCM,10.9702851,106.4651356
2171,hoàng mai Hà Nội,20.9741008,105.8621072
2172,Huyện Krông Pắk Đăk Lăk,12.6872326,108.2951241
2173,phường bà rịa Vũng Tàu,10.3490123,107.0785793
2174,21 Trần Đại Nghĩa .p An Cựu .tp.huế Thừa Thiên Huế,16.433820827000034,107.59208427400006
2175,Đồng XOài Bình Phước,11.4938387,106.8711091
2176,ngũ hành sơn Đà  Nẵng,16.00402,108.2627745
2177,Quan Hoa cầu giấy Hà Nội,21.0254507,105.7895637
2178,Le loi vinh Nghệ An,18.682645,105.6746544
2179,4b/22/155 Trần Thái Tông Nam Định,20.439549444000026,106.17243982600009
2180,42 Trần Quang Cơ TP HCM,10.778013,106.6242952
2181,Long Bien Hà Nội,21.0399392,105.8499991
2182,Tổ Dân Phố Giao Quang Hà Nội,21.003110606000064,105.75851778800006
2183,buôn ma thuột Đăk Lăk,12.6612624,108.0310213
2184,daklak Đăk Lăk,12.4232112,108.1776243
2185,052 hoàng sơn thanh sơn phú thọ,10.794681,106.6195854
2186,văn Miếu Quốc Tử Giám Hà Nội,21.0242336,105.8410067
2187,Lê văn tám Gia Lai,13.9745314,108.0162146
2188,53 Triều Khúc Hà Nội,20.9847258,105.8000419
2189,Xuân trường Nam Định,20.4436536,106.1849015
2190,Phường phú lợi thủ dầu một Bình Dương,10.9946813,106.6528914
2191,hải ph Hải Phòng,20.856022,106.6875207
2192,Thị trấn xuân trường Nam Định,0.0,0.0
2193,Tp Trà Vinh tỉnh Trà Vinh,9.9516235,106.3322332
2194,158 phô viet hung Hà Nội,21.0540867,105.9028076
2195,Xã Phú Lý Bình Dương,20.5177468,105.9430789
2196,3/12 Nguyễn Duy Trinh Đăk Lăk,12.9450065,108.2593917
2197,Phường Xuân Trường Lâm Đồng,11.9461521,108.490862
2198,347 tran khat chân Hà Nội,21.0083719,105.865898
2199,Đường Do nha 4 phường Hồng an Tp Hải Phòng,20.8923544,106.6020213
2200,Lê chân hải phòng,20.8450107,106.676396
2201,614luybanbich TP HCM,19.891523370000076,105.40319549800006
2202,Xà Thuận An Hà Nội,21.0329011,105.9821383
2203,P9 Đà Lạt Lâm Đồng,11.9402416,108.4375758
2204,Nhân Chính Hà Nội,21.0049809,105.8019364
2205,159 Đổ Quang Đà Nẵng,15.5749675,108.4701618
2206,Hòa Khánh Đà Nẵng,16.0502691,108.1546403
2207,Đông anh hà nội,21.1537878,105.8515777
2208,Xã Hồ Vương Thanh Hóa,20.0190581,106.0066905
2209,Điện Biên,21.6546566,103.2168632
2210,P. T M Tây TP HCM,10.866232799999976,106.5815659
2211,tỉnh Phú Thọ,21.3007538,105.1349604
2212,Số 45 ngõ 102 Khuất Duy Tiến Hà Nội,20.997409937000043,105.80060144200009
2213,Hoàng Vân Bắc Ninh Bắc Giang,21.2752355,106.2050002
2214,linh đông thủ đức TP HCM,10.8423609,106.7445931
2215,Đuờng Tân Bình Phường Cẩm Phả Quảng Ninh,21.007591482000063,107.28789590100008
2216,47 Nguyễn Cư Trinh Thừa Thiên Huế,16.4662422,107.5691991
2217,Đà nẳng Đà  Nẵng,16.071571,108.2093029
2218,Phường Vĩnh Phúc Phú Thọ,21.3169419,105.6047367
2219,Phạm hồng thái Đà lạt Lâm Đồng,11.9398259,108.4546475
2220,Long An TP HCM,10.480828,107.2008562
2221,Bách quang thái nguyên,21.5050603,105.8689946
2222,Vạn phúc hà đông Hà Nội,20.9803574,105.7756187
2223,Đức linh Lâm Đồng,11.1947987,107.5343184
2224,Yên Trung Bắc Ninh,21.2303034,105.9987577
2225,26 thôn 1 Quảng Bị Chương Mỹ Hà Nội,20.866760862000035,105.70196290200003
2226,K70 Thái Phiên Đà  Nẵng,16.0654052,108.221501
2227,Nghĩa hưng chư păh gia lai,0.0,0.0
2228,10k Phan Đăng Lưu. P. Gia Định TP HCM,10.8023824,106.6983713
2229,8 Trương Hán Siêu Khánh Hòa,12.2191735,109.1911152
2230,quảng Nam. Quảng Nam,24.0506895,105.0628917
2231,n16 ngõ 275 trần đăng ninh Cầu Giấy hn Hà Nội,21.03953270300008,105.79118861700005
2232,tỉnh Lâm Đồng Bình Thuận,10.9685906,108.0032715
2233,phường Biên Hoà Đồng Nai,10.9339773,106.8029158
2234,Thủ Dầu Một TP HCM,10.9808621,106.6537419
2235,Q12 hcm TP HCM,10.8613668,106.7055311
2236,Ho chi minh quan 7 TP HCM,10.7767437,106.7032488
2237,35 lê hoàn phường hà nam tỉnh ninh bình Hà Nam,20.5845748,105.927529
2238,tp vũng tàu Bà Rịa Vũng Tàu,10.4908509,107.1842843
2239,17 Vu Pham Ham Cau Giay HN Hà Nội,21.0195848,105.8007395
2240,149 Lý Thái Tổ Thừa Thiên Huế,16.487298,107.5437131
2241,Bến Tre,9.8837431,106.7340154
2242,54 hồ hoà kp5 P.tân Triều T.đồng Nai,11.4285446,107.1624245
2243,Xã Kim Anh Hà Nội,21.2954733,105.7737938
2244,TP. Việt Trì Phú Thọ,21.3323873,105.366022
2245,Q.Tân Bình TP HCM,10.8030699,106.6522252
2246,70 Trương Công Giai Hà Nội,21.0274506,105.7880054
2247,Q Tân Phú TPHCM TP HCM,10.7918681,106.6277515
2248,Quận Từ Liêm Hà Nội,21.0367697,105.7673841
2249,phường Hoàng Liệt TP Hà Nội,20.9619101,105.83654
2250,5 Trương Văn Lĩnh phường Vinh Phú Nghệ An,18.686768,105.6957727
2251,ha Noi Hà Nội,21.0242336,105.8410067
2252,Tp.Thủ Đức TP HCM,10.8510238,106.7548953
2253,Phường Xuân Đỉnh Hà Nội,21.0668425,105.7960227
2254,Tổ 9 Bồ Đề Long Biên Hà Nội,21.04621696400005,105.88375352600008
2255,Q Nam Từ Liêm Hà Nội,21.0185679,105.7576128
2256,Phường Dịch Vọng Hậu Hà Nội,21.0347452,105.784706
2257,Đông Ngạc Hà Nội,21.07612,105.7789506
2258,khu đô thị Hoà Vượng Nam Định,20.435680012000034,106.15987165900005
2259,Xã  la Bằng Thái Nguyên,21.6421625,105.6261495
2260,38 Châu Thị Hoá P4 Q8 TP HCM,10.737612427000045,106.67597335700005
2261,Số 1 Dương Đình Nghệ Hà Nội,21.0290614,105.7953929
2262,Lkg 03.6 Hoàng Huy Riverside Hải Phòng,20.85591000000005,106.66549300000008
2263,Hạ Yên Quyết Hà Nội,21.0233342,105.7952342
2264,466 Hoàng Hoa Thám Hà Nội,21.0463572,105.807238
2265,Phường việt trì Phú Thọ,21.3162569,105.3827352
2266,Ngọc Khánh ba đình hà nội,21.0305405,105.806702
2267,long hương Bà Rịa Vũng Tàu,10.5167208,107.1601957
2268,Duong Kinh Hải Phòng,20.7773054,106.7293245
2269,99 Tân Mai Hà Nội,20.9842861,105.8475292
2270,2697/3a Quốc Lộ 1a An Phú Đông Q12 TP HCM,10.858621001000074,106.70804136500004
2271,17 lê Chân. Nha trang Khánh Hòa,12.242585,109.1849789
2272,Thới Tam Thôn Hóc Môn TP HCM,10.8837405,106.6086761
2273,Binh tan TP HCM,10.7936653,106.5897712
2274,mộ lao hà đông Hà Nội,20.981338,105.7839611
2275,Ngọc Hồi Hà Nội,20.9233689,105.8426967
2276,Đường số 85 Tân Quy quận 7 TP HCM,10.73948800005741,106.710568999661
2277,395 Nguyễn Xiển Hà Nội,20.9793221,105.8068592
2278,25 Brg Lê Văn Lương Nhân Chính Hà Nội,21.005627521000065,105.80538399500006
2279,TP. Hạ Long Quảng Ninh,20.9527405,107.1057622
2280,Số 11 nghách 142/16 tập thể giày da Yên Viên Hà Nội,21.0283334,105.854041
2281,phường Tân Chánh Hi TP HCM,0.0,0.0
2282,Đường Quốc Lộ 51 Đồng Nai,10.9015117,106.8520055
2283,Quan 5 TP HCM,10.7558252,106.6682845
2284,quận 8 TP HCM,10.7211158,106.6292079
2285,Q Hai Bà Trưng Hà Nội,21.005453,105.8606225
2286,TP. Thanh Hóa,19.8053115,105.752611
2287,Hoàng Mai (gần Bx Nước Ngầm) Hà Nội,20.98977750000006,105.86853140000004
2288,537/28 nguyễn oanh phường 17 gò vấp TP HCM,10.85011630400004,106.67633739300004
2289,Thành Phố Việt Trì Phú Thọ,21.3323873,105.366022
2290,21H Phạm Hùng TP HCM,10.7070845,106.6852167
2291,Phường Phú Định TP HCM,10.7236637,106.6294917
2292,Tc1 Bến Cát Bình Dương,11.314046099999985,106.631571
2293,Phước Đồng Khánh Hòa,12.2062702,109.1433185
2294,52 Lương Định Của P.An Khánh Quan 2 TP Thủ Đức TP HCM,10.77746910000002,106.7102165
2295,29 Trần phú phường nam Hồng lĩnh Hà Tĩnh Hà  Tĩnh,18.5317633,105.6864424
2296,160/8 trần hưng đạo Quảng Ngãi,15.1237651,108.8001216
2297,La Bằng Thái Nguyên,21.6421625,105.6261495
2298,Phường Cầu Giấy Hà Nội,21.0286704,105.7866045
2299,Greenbay Hà Nội,20.9982648,105.787668
2300,tỉnh thái nguyên,21.9610968,105.8440789
2301,120 trần thái tông TP HCM,10.8191814,106.6322158
2302,Ninh Sơn Ninh Thuận,11.5860355,108.9864476
2303,Lê Hồng Phong Đà Lạt Lâm Đồng,11.9332239,108.4302132
2304,phường Vĩnh Phúc,21.3169419,105.6047367
2305,72 đường 15 p4 quận 8 TP HCM,10.74037396400007,106.67157850600006
2306,Hoàng Vân Bắc Ninh,21.3903396,105.9801135
2307,Chợ nguyên khê đông Anh Hà Nội,21.176378800000062,105.84708570000004
2308,390 Nguyễn văn cừ Long biên Hà Nội,21.026504,105.9225411
2309,Phường Phú Bài Thừa Thiên Huế,16.409296,107.6779818
2310,Thôn 5 thọ ngọc triệu sơn thanh hóa,19.86836965900005,105.59573167900004
2311,594/11 hương lộ 2 phường bình tri đông TP HCM,10.7672836,106.5983863
2312,119 Lê Văn Lương Hà Nội,20.9994931,105.7972341
2313,Thanh  Hóa Thanh Hóa,19.8053115,105.752611
2314,Số 4 đường 3/4 đà lạt Lâm Đồng,11.933503631000065,108.44543424100004
2315,Hóc  Môn Tp hcm,10.8860463,106.5927134
2316,Quận Bình Thạnh TP HCM,10.812271,106.7040393
2317,Phường Tứ Minh Hải Phòng,20.9289429,106.2788236
2318,198 song hành phường tân hưng thuận quận 12 TP HCM,10.834084099999984,106.62299410000004
2319,Linh đàm Hà Nội,20.9674993,105.8365778
2320,phường Chương Mỹ Hà Nội,20.9230945,105.7036533
2321,Biên giang Hà Nội,20.9295202,105.7223742
2322,K10 bến thuỷ p trường vinh nghệ an,18.6463915,105.7085556
2323,tp hà nội,21.0283334,105.854041
2324,31 Lê Văn Lương Hà Nội,21.0038722,105.8032068
2325,175 vạn phúc hà đông Hà Nội,20.9803574,105.7756187
2326,Đông hiếu nghệ an,19.2796939,105.4770346
2327,650 su van hanh p12 quan 10 TP HCM,10.77022186800002,106.67055766400006
2328,Xã Phù Ninh Phú Thọ,21.4144881,105.2293463
2329,61 Duong 5 Q2 Tphcm TP HCM,10.7917184,106.7786096
2330,Tổ 4 Đồng Hỷ Thái nguyên,21.660016,105.8300235
2331,phường tân phú TP HCM,10.7761892,106.6384144
2332,399 Nguyễn Xiển Hà Nội,20.97697,105.8110618
2333,152 Phủ Thượng Đoạn Hải An Hải Phòng,20.85765903400005,106.71587342800008
2334,2 Nguyễn Khuyến Hà Nội,21.028482,105.837812
2335,111 lê lai Đà  Nẵng,15.57123,108.4755565
2336,Phường 7 Bạc Liêu,9.2855006,105.723904
2337,phường An khê tình Gia lai,13.9530571,108.6568354
2338,Thái Thuỵ Thái Bình,20.5399197,106.5530372
2339,Vũng tàu Bà Rịa Vũng Tàu,10.3505359,107.0715014
2340,Lê Văn Thiêm Hà Nội,21.002393,105.803019
2341,Long Thành Đồng Nai,10.7814707,106.9542817
2342,159 Chu Mạnh Trinh P8 Bà Rịa Vũng Tàu,10.359735340000045,107.09247387700007
2343,42 Hàng Cháo Hà Nội,21.0301112,105.8345747
2344,Cầu Giấy (Sau Tổng cục Hải quan) Hà Nội,21.021647339000022,105.78815635100004
2345,256 trần phú đa nẵng Đà  Nẵng,16.0664573,108.2236852
2346,Đông hưng Thái Bình,20.5560224,106.3491844
2347,Thành phố Hà Tĩnh Hà  Tĩnh,18.3728753,105.9358416
2348,biên hoà Đồng Nai,10.9141107,106.8917166
2349,Quận Ngũ Hành Sơn Đà Nẵng,16.0063515,108.2507478
2350,Kiến Hưng Hà Nội,20.954362,105.7750818
2351,Tân Uyên Bình Dương,11.0524088,106.6786935
2352,Bàu bàng Bình Dương,11.3150122,106.6787898
2353,726 kinh dương vương TP HCM,10.7500717,106.6291614
2354,phường Phan Đình Phùng Thái Nguyên,21.5873786,105.840539
2355,Tiền thăng hả noi Hà Nội,21.2328597,105.6674831
2356,Phường chiềng cơi Sơn La,21.3186571,103.914079
2357,An thắng an lao hai phong Hải Phòng,20.8198386,106.5787
2358,94 trân thi bầu xã tân an hôi tphcm TP HCM,10.9580343,106.4941077
2359,39nguyên hồng p. năng tĩnh tp. nam định,20.420560436000077,106.16894750900008
2360,Hung Yen Hà Nội,20.9329913,105.9914078
2361,139/6h Tân Hiệp TP HCM,10.91354300000006,106.58319100000006
2362,Xa An Lao Hải Phòng,20.8218683,106.5560419
2363,46 ngô quyền Hà Nội,21.1430752,105.5005122
2364,An Giang,10.3188672,105.0432488
2365,Phường tăng nhơn phú A. thủ đức.quận 9 TP HCM,10.844707700000017,106.7865281
2366,Tdp yên xá/phường mỹ hào Hưng Yên,20.9169391,106.1220827
2367,264 Võ Văn Kiệt Đăk Lăk,12.6386503,108.0101211
2368,Giải Phóng Hà Nội,20.9711666,105.8416752
2369,Tân Thuận TpHCM TP HCM,10.7525163,106.7283777
2370,Xã Thiên Lộc Hà Nội,21.1258664,105.760677
2371,Tp bắc ninh,21.1751704,106.0593983
2372,99a nguyễn xiển vĩnh phương nha trang khánh hoà Khánh Hòa,12.294192681000029,109.17712996500006
2373,Thành phố Huế Thừa Thiên Huế,16.4564881,107.5780488
2374,Quảng Ngãi,14.9953739,108.691729
2375,tỉnh Gia Lai,14.0201373,108.6354524
2376,thái bình Phú Thọ,20.4945085,106.3395089
2377,Dak Lak Đăk Lăk,12.6921651,108.0637031
2378,ấp bàu đưng TP HCM,11.0854075,106.4838208
2379,tp Vũng Tàu Bà Rịa Vũng Tàu,10.4908509,107.1842843
2380,xã Bến Cầu Tây Ninh,11.1160901,106.1779933
2381,đà Nẵng Đà  Nẵng,16.071571,108.2093029
2382,Bắc ninh,21.3282166,106.4625257
2383,tỉnh Đắk Lắk Đăk Lăk,12.4232112,108.1776243
2384,Ninh bình,20.2572874,105.971931
2385,hà tĩnh Hà  Tĩnh,18.3728753,105.9358416
2386,125 nguyễn sơn long biên Hà Nội,21.04481247500007,105.88431963400006
2387,Phước Sơn Bình Định,13.8706782,109.1887184
2388,Phú yên,13.1998999,109.2390033
2389,Tinh lam dai thanh quoc oai Hà Nội,20.961537527000075,105.71084438300004
2390,phường Gia Định TP HCM,10.8008668,106.6971226
2391,Phú Mỹ Hưng TP HCM,10.7312959,106.7075999
2392,Hạ Long Vân Đồn Quảng Ninh,21.082538,107.4392617
2393,Km13 quốc lộ 26 Đăk Lăk,12.6996102,108.142239
2394,phường Nam Định,20.4229775,106.1725798
2395,Ngo gia tự phường quán bàu thành phố vinh Nghệ An,18.69242037900005,105.67075833100006
2396,631 tổ 26 ấp trung mỹ hiệp chợ mới An Giang,10.48177613200005,105.56346950800008
2397,Tp Hà Tĩnh Hà  Tĩnh,18.3728753,105.9358416
2398,14e24 thảo điền TP HCM,10.8082769,106.7332769
2399,tổ 9 tân thịnh tp hòa bình,20.832746755000077,105.34187638400005
2400,Bình gia Lạng Sơn,22.0584826,106.2786565
2401,389a Nguyễn Xiển Hà Nội,20.97697,105.8110618
2402,188 Nghi Tàm Tây Hồ Hà Nội,21.0584641,105.8323558
2403,tổ 17 ngọc thụy bồ đề hà nội,21.0443475,105.8655672
2404,tổ 61 Phan Đinh Phùng Thái Nguyên,21.59358540300008,105.84946119500006
2405,51 Bình Thuận tổ 12 Tân Quang phường Minh Xuân Tuyên Quang,22.3382057,105.0715846
2406,Toà S1.10 Vinhome Ocean Park 1 Hưng Yên,20.957158777000075,105.98068891100009
2407,Khu đô thị Hinode Royal Park Hà Nội,21.06498223400007,105.71626537100008
2408,Thôn 2 xã đồng tuyển tp Lào cai,22.49995942000004,103.96580419300004
2409,47 Ngõ 38 Khúc Thừa Dụ P. Cầu Giấy Tp Hà Nội,21.03416760000005,105.79143390000009
2410,85 nguyễn thị xiếu. Tân thuận. Tphcm TP HCM,10.7521895,106.7216064
2411,chung cư gold mark city Hà Nội,21.015619252000025,105.79216618300006
2412,128 nguyễn xiển thanh xuân Hà Nội,20.9825917,105.8114969
2413,phường xuân đỉnh Hà Nội,21.0668425,105.7960227
2414,Sn42 ngõ 31 Lương Khánh Thiện Hà Nội,20.98617772200004,105.85207424900004
2415,Khai quang vĩnh yên Vĩnh Phúc,21.3069987,105.6319456
2416,Lê thạch Đà  Nẵng,16.0492285,108.1738521
2417,Long Khánh Đồng Nai,10.9394857,107.234507
2418,Khu phố 5 TP HCM,10.7549327,106.682412
2419,Thành phố hoa lư tỉnh Ninh Bình,20.2498255,105.9565342
2420,tỉnh Lai Châu,22.2921668,103.1798662
2421,Tòa nhà Vimeco Phạm Hùng Cầu Giấy Hn Hà Nội,21.00831985900004,105.79009355400008
2422,Khối Hải Nam phường Cửa Lò Nghệ An,18.79808277800004,105.72941952000008
2423,Tây hồ hà nội,21.0627805,105.8184637
2424,Vinhomes thăng long Hà Nội,20.9981325,105.7196537
2425,Cảm hội Hà Nội,21.0115441,105.8613694
2426,Lê trọng tấn thanh xuân hà nội,20.9919008,105.8334299
2427,55 tố hữu nam từ liêm hà nội,20.99267009100004,105.78687439400004
2428,T2 đức diễn phú diễn hà nội,21.0533488,105.7534306
2429,Da nang Đà  Nẵng,16.071571,108.2093029
2430,Ngọc Hồi  Hà Nội,20.9233689,105.8426967
2431,122 lĩnh nam Hà Nội,20.9764947,105.8962454
2432,Tỉnh Thái Nguyên,21.9610968,105.8440789
2433,Phường rạch giá Kiên Giang,10.0382245,105.0793489
2434,vĩnh Phúc,24.9835232,109.9783989
2435,khánh Hoà Khánh Hòa,12.4894951,109.1238365
2436,qn Quảng Ninh,20.9397383,107.1225796
2437,Phường thành sen Hà  Tĩnh,18.3393261,105.9028546
2438,Xuân Sơn Quảng Ninh,21.0805158,106.5456086
2439,thị trấn Kim Tân Thanh Hóa,10.6761017,107.248198
2440,Krông Păc Đăk Lăk,12.6872326,108.2951241
2441,Huyện tam dương vĩnh phúc Hà Nội,21.349727049000023,105.51896063400004
2442,thái nguyên,37.8699921,112.5437075
2443,Viet Nam Quảng Bình,17.5157162,106.6225405
2444,xã An Nhơn Tây TP HCM,11.088628,106.5140228
2445,huyện Lạng Giang Bắc Giang,21.3633935,106.2613052
2446,Tp hưng yên,20.6589314,106.0619857
2447,Thủ Thiêm TP HCM,10.7697025,106.707918
2448,Xã Quỹ Nhất Tỉnh Ninh Bình Nam Định,20.0456105,106.1708178
2449,Tổ 2 xã Trùng Khánh tỉnh Cao Bằng,22.8365009,106.52612
2450,Quận Tân Phú TP HCM,10.7918681,106.6277515
2451,3/8a nguyễn thị sóc xã bà điểm TP HCM,10.8489494,106.6000789
2452,92 Nguyễn Hữu Cảnh . Thạnh Mỹ Tây TP HCM,10.7902251,106.7181598
2453,147 vạn phúc hà đông hà nội,20.9803574,105.7756187
2454,Mo Lao Ha Dong Hà Nội,20.9808899,105.7853506
2455,Phường Bảy Hiền TP HCM,10.7895387,106.6472288
2456,Hồng Bàng Hải Phòng,20.868587,106.6518479
2457,phường Thành Nhất Đăk Lăk,12.6437385,108.0047747
2458,Hai bà trưng hà nội,21.0149457,105.8520631
2459,198 Trần Quang Khải Hà Nội,21.0280269,105.8576497
2460,Quan 5 hcm TP HCM,10.7558252,106.6682845
2461,Quảng Phú Đăk Lăk,12.8170477,108.0801717
2462,Tp Hồ Chí Minh Bà Rịa Vũng Tàu,10.4908509,107.1842843
2463,TP  HCM TP HCM,10.7923429,106.6789793
2464,Khối 6 Phường vinh Lộc Nghệ an,18.66790560900006,105.70476563700004
2465,Nam Trung Yên Hà Nội,21.0101811,105.7909347
2466,nam sách Hải Dương,20.9770836,106.3612919
2467,167 lạc long quân hiệp định thanh điền Tây ninh,11.299323190000052,106.12238540300008
2468,Chung Cu B6B _ Nam Trung Yên Hoà Cầu Giấy Hà Nội,21.01843222100007,105.78901208600008
2469,Tp Hcm Bình Dương,11.0603116,106.6879506
2470,Khu đô thị icc lạch tray hải phòng,20.8423179,106.6911686
2471,Quận Ninh Kiều Cần Thơ,10.0321481,105.7664361
2472,phường bến thành TP HCM,10.7703806,106.6951066
2473,phu tho Phú Thọ,21.4144881,105.2293463
2474,quận 1 TP HCM,10.7753939,106.6996249
2475,Thôn 10 hoà hậu lý nhân hà nam,20.488590036000065,106.16473832400004
2476,Sam son Thanh Hóa,19.7428636,105.8807008
2477,Phuong chanh nghĩa Bình Dương,10.9647894,106.6865399
2478,Hàng kênh Lê Chân Hải Phòng,20.8505452,106.6852714
2479,Quận Đống Đa Hà Nội,21.01451,105.8234093
2480,tu liem Hà Nội,21.0216051,105.766512
2481,Phường Tân Hưng TP HCM,10.739937,106.7034261
2482,19 lô 15b Lê Hồng Phong Hải Phòng,20.9179565,106.6411355
2483,Ngã Tư Sở Hà Nội,21.001498,105.8267372
2484,Phường Hoà Cường Đà Nẵng,16.0416286,108.2175304
2485,Phường Vinh Phú Nghệ An,18.7034318,105.6832045
2486,P. Cầu Giấy Hà Nội,21.0286704,105.7866045
2487,Tp Hn Hà Nội,21.0242336,105.8410067
2488,Q Ninh Kiều Cần Thơ,10.0321481,105.7664361
2489,Q. Hoàn Kiếm Hà Nội,21.0307816,105.8540626
2490,Quận Long Biên Hà Nội,21.036727,105.898499
2491,Hương lộ 2 tphcm TP HCM,10.7676667,106.5963691
2492,292 Độc lập Ql 51 Phường Phú Mỹ TP HCM,10.6522306,107.0398167
2493,Q.Bình Thạnh TP HCM,10.812271,106.7040393
2494,Q11 TP HCM,10.7737261,106.7166008
2495,An phú Đông TP HCM,10.8609713,106.6917863
2496,n5c Hoàng Đạo Thuý Hà Nội,21.0063724,105.8030719
2497,Kđt Mễ Trì Hạ Hà Nội,21.016654,105.780491
2498,15 nguyển thị mười p4q8 TP HCM,10.737748172000067,106.67867842900006
2499,Quận 06 TP HCM,10.7201426,106.7287487
2500,Phường 2 Bảo Lộc Lâm Đồng,11.5837341,107.7358796
2501,Binh thanh TP HCM,10.8111809,106.7033938
2502,huyện Hóc Môn TP HCM,10.8777329,106.5760523
2503,Quận 4 Tphcm TP HCM,10.7607538,106.7070798
2504,Phường Phú Thạnh TP HCM,10.7720313,106.626956
2505,659 lạc long quân. Hà Nội,21.0702469,105.8116436
2506,84 chùa láng Hà Nội,21.0257503,105.8046496
2507,73 Nguyễn Chí Thanh phường Minh PhụngnTPHCM TP HCM,10.756347681000022,106.64931414300008
2508,11 Phường Bình Trị Đông TP HCM,10.7679017,106.6095921
2509,92 Đào Tấn Hà Nội,21.0327928,105.8079839
2510,Gia thuỵ long biên Hà Nội,21.0447291,105.8949017
2511,khu đô thị PG an đồng hải phòng,20.8458431,106.6520769
2512,032 lý công uẩn . P lào cai,22.482221,103.9738387
2513,350 lê duẩn Đà  Nẵng,15.7752409,108.3287801
2514,Thon Bau xa Thien Loc Hà Nội,21.0470744921941,105.65296284555892
2515,Trung Hoa Cầu Giấy Hn Hà Nội,21.0318827,105.7970678
2516,Quận Bình tân TP HCM,10.7703543,106.5995759
2517,Ngã tư sở Hà Nội,21.001498,105.8267372
2518,Hải an Hải Phòng,20.8247021,106.7215727
2519,54 hàng gai hoàn kiếm Hà Nội,21.0317467,105.8498075
2520,Sala hcm TP HCM,10.9079981,106.6612862
2521,Tan phong Q7 TP HCM,10.8025154,106.6776064
2522,ngo quyen Hải Phòng,20.8669098,106.7014839
2523,Kcn Nam Thăng Long Hà Nội,21.0809966,105.7615604
2524,Phường thạnh mỹ lợi TP HCM,10.7770448,106.7650737
2525,336 Nguyễn thị lưu Bắc Giang,21.2838498,106.2036366
2526,Lương Thế Vinh Hà Đông Hà Nội,21.08536,105.6575981
2527,4/86 hiệp thành 2 hiệp thành quận 12 hcm TP HCM,10.880891119000069,106.64385233600008
2528,hoàn kiếm hà nội,21.0323032,105.8506925
2529,T9 Times City Hà Nội,20.993436,105.869589
2530,153 Quốc Lộ 13 P.bình Thạnh TP HCM,10.809905,106.7122456
2531,66 Ô Chợ Dừa Hà Nội,21.023723,105.8271072
2532,Thành Phố Vinh Nghệ An,18.7358406,105.6906101
2533,Cái Rằn Cần Thơ,9.0785945,105.063948
2534,Vt Ecopark Hưng Yên,20.95277599032457,105.93726978996084
2535,209 trần Thành mai TP HCM,10.7552835,106.5887472
2536,25 Nguyễn Minh Châu Tân Phú TP HCM,10.7826261,106.6418442
2537,Vinhomes Riverside Hà Nội,21.046071,105.9116194
2538,205 Khuất Duy Tiến Hà Nội,21.0024229,105.7942726
2539,Phương Hai Bà Trưng Hà Nội,21.0149457,105.8520631
2540,168 Nguyễn Khánh Toàn Hà Nội,21.0377187,105.8011512
2541,QL1A  Bình Tân TP HCM,10.7936653,106.5897712
2542,1340 đường 3/2 p2 quận 11 TP HCM,10.756922873000065,106.64702457300008
2543,nhơn hội thành phố Quy Nhơn Bình định,0.0,0.0
2544,phường hạc thành Thanh Hóa,19.8128131,105.7677621
2545,P11 Q6 TP HCM,10.8294548,106.5905713
2546,R4 royal city Hà Nội,21.0010858,105.8167971
2547,kieulongit@gmail.com Hà Nội,10.934865520000074,106.74583418000007
2548,326 nguyễn thượng hiền TP HCM,10.8149914,106.687778
2549,Tỉnh Thanh Hóa,19.9781573,105.4816107
2550,262 Luỹ Bán Bích TP HCM,10.7893383,106.6372407
2551,Số 1 hoàng diệu Hải Phòng,20.8655172,106.68856
2552,Trảng Dài Đồng Nai,10.9926055,106.865226
2553,saigon pearl TP HCM,10.7909137,106.7190326
2554,gia Lai,14.0201373,108.6354524
2555,lạng giang bắc Giang,21.2918816,106.2346575
2556,Vinhome Tây Mỗ Nam Từ Liêm Hà Nội,21.009224345000064,105.73784567500007
2557,994 kha vạn cân p linh chiểu q thủ đức TP HCM,10.85353886300004,106.75474315900004
2558,Bình chánh TP HCM,10.6638681,106.5703407
2559,tp Hà Nội,21.0283334,105.854041
2560,Symphony midtown Phu My Hung Quận 7 TP HCM,10.723305021000044,106.72745871900008
2561,Cau Giay Ha Noi Hà Nội,21.0292159,105.8033629
2562,3/2 Q11 TP HCM,10.7738826,106.6777462
2563,80 Trung Tuu Hà Nội,21.0669838,105.7362731
2564,346 Ben Van Don P1 Q4 TP HCM,10.756723477000037,106.69142854300009
2565,68 đường số 10 Kdc trung Sơn bình Chánh TP HCM,10.734104056000035,106.68871756300008
2566,Ha Nôi. Hà Nội,21.0242336,105.8410067
2567,Buon Ma Thuot Đăk Lăk,12.6612624,108.0310213
2568,Me tri ha noi Hà Nội,21.0091306,105.7798218
2569,Tp Nam Định,20.4377742,106.1475588
2570,46 Lang Ha Hà Nội,21.0139878,105.8085138
2571,Vinhome Ocean park2 Hưng Yên,20.433695232000048,106.17287873000004
2572,Cau Giay Hà Nội,21.0292159,105.8033629
2573,phường phú thạnh TP HCM,10.7720313,106.626956
2574,An dương vương phú thượng tây hồ Hà Nội,21.0847163,105.8166344
2575,7b/27/5 Thành Thái p.14 q.10 TP HCM,10.768882164000049,106.66148860800008
2576,154 nguyễn thị duệ phường thanh bình hải dương,20.9389472,106.3121426
2577,378 Phạm Văn Đồng Hà Nội,21.0654691,105.7849246
2578,Viện K Tân Triều Hà Nội,20.9634112,105.7992438
2579,Trung van Nam từ liêm hà nội,21.0315918,105.7529955
2580,Quận 7(bãi gửi xe titi) TP HCM,21.2111651,105.7927639
2581,163/125 hoàng văn thụ Bà Rịa Vũng Tàu,10.365463828000031,107.08647864800008
2582,58 Song Hào Nam Định Ninh Bình Nam Định,20.4121459,106.1646423
2583,171 Lê Tấn Bê An Lạc Bình Tân TP HCM,10.719988363000027,106.60539642600008
2584,Phuong Chanh Hung TP HCM,10.7450005,106.6758155
2585,H3 Vinhome Ocean Paảk gia lâm hà nội,20.99273860000005,105.94239560000004
2586,99 Hoàng Diệu Đà  Nẵng,15.877162,108.3328248
2587,388 Phạm Văn Đồng Hà Nội,21.0577809,105.7824149
2588,an lao Hải Phòng,20.8218683,106.5560419
2589,xã tân hiệp TP HCM,10.1304014,105.3207952
2590,195 diep minh châu đà năng Đà  Nẵng,16.0056413,108.2245202
2591,Vinhome quận 9 TP HCM,10.80177809999998,106.7393475
2592,B112/95 bạch đằng TP HCM,10.815000240368876,106.66862815406614
2593,phường bình thạnh TP HCM,10.8111809,106.7033938
2594,tỉnh Khánh Hoà Khánh Hòa,12.4894951,109.1238365
2595,Tây hồ Hà nội,21.0627805,105.8184637
2596,Phường Bình Đông Tphcm TP HCM,10.7283105,106.6379651
2597,346 cổ nhuế Hà Nội,21.062981,105.7804106
2598,c2 Vov Mễ Trì Hà Nội,20.99730213700008,105.78400232400008
2599,90 Nguyễn Hữu Cảnh P22 Bình Thạnh Hcm TP HCM,10.78964436600006,106.71754955600004
2600,Phạm công trứ Cần Thơ,10.0580165,105.7788032
2601,Tổ 10 cam lộ 3 hùng vương hồng bàng Hải Phòng,20.869788878000065,106.63805466000008
2602,An khánh Hà Nội,21.0023161,105.7179738
2603,Phường Thanh Liệt Hà Nội,20.9703922,105.8024692
2604,28 Xuân Tảo Hà Nội,21.0604125,105.8067276
2605,Hà Đông hà nôi Hà Nội,20.9821011,105.7902466
2606,Kđt Văn Phú Hà Nội,20.9543159,105.7629708
2607,Phường Tây Nha Trang Khánh Hòa,12.2675972,109.1624264
2608,Huyện Thuận Châu Hà Nội,21.158394600000065,105.73016780000006
2609,Quận Bình Thủy Cần Thơ,10.0605676,105.721033
2610,46 láng hạ Hà Nội,21.0139878,105.8085138
2611,Thành phố Thủ Đức TP HCM,10.8510238,106.7548953
2612,821 Nguyễn Hữu Thọ Đà  Nẵng,16.0191879,108.2115565
2613,An Nhơn Bình Định,13.8848571,109.125042
2614,Tây Tựu Hà Nội,21.0648277,105.7394807
2615,Bình Thu Cần Thơ,10.1092709,105.6220048
2616,vinhomes vũ yên Hải Phòng,20.8756885,106.7214305
2617,Thành phố Hải Phòn Hải Phòng,20.770529000339472,106.74754700044473
2618,vo cuong bac ninh Bắc Ninh,21.1751704,106.0593983
2619,Thành Phố Thanh Hóa,19.8053115,105.752611
2620,phường Hiệp Bình Phước TP HCM,10.861158,106.7234836
2621,văn miếu quốc tử giám Hà Nội,21.0242336,105.8410067
2622,cầu tó tả thanh oai hà nội,20.887250400000028,105.7743034
2623,54 Kinh Dương Vương TP HCM,10.7500717,106.6291614
2624,xã Hồ Tràm TP HCM,10.5242284,107.3972208
2625,Bình Thủy Cần Thơ,10.0605676,105.721033
2626,chung cư picity quận 12 TP HCM,10.8659899,106.6640602
2627,Phường Chánh Mỹ Bình Dương,11.1378389,106.6145301
2628,Thành phố Hải Dương,20.9330747,106.330626
2629,Kim Giang Hà Nội,20.9783961,105.8158356
2630,Nhà 8 Ngõ 16 Nguyễn Trường Tộ.tp Vinh Nghệ An,18.68218465600006,105.66352615500006
2631,phường quyết tâm thành phố sơn la,0.0,0.0
2632,Hưng yên,20.6065846,106.2843471
2633,53 phan bội châu.cửa nam hoàn kiếm hà nội,21.02418964400005,105.84289375600008
2634,665 Nguyễn Đức Cảnh Quang hanh  Quảng Ninh,21.0065861,107.2230409
2635,36 Đường Bờ Bao Tân Thắng TP HCM,10.799966799999993,106.6139139
2636,Bd Bình Dương,11.0603116,106.6879506
2637,Hoàn kiếm Hà Nội,21.0323032,105.8506925
2638,47 Tô Hiến Thành. Phường 13. Quận Hoà Hưng TP HCM,10.781642156000032,106.67051169500007
2639,79 nguyễn thị thập Đà  Nẵng,16.0729194,108.1748058
2640,Thị xã Hoà Thành Tây Ninh,11.2578497,106.1501484
2641,Quan Bình Thạnh TP HCM,10.812271,106.7040393
2642,Phường Cầu Ông Lãnh TP HCM,10.7629746,106.6910898
2643,tp đà nẵng Đà  Nẵng,16.071571,108.2093029
2644,Hòa Vang Đà  Nẵng,15.9703571,108.028329
2645,Quang binh Quảng Bình,22.4111778,104.5731796
2646,688/107 Quang Trung Phường Thông Tây Hội Tphcm TP HCM,10.839586824000037,106.65884333200006
2647,Thành phố Thanh Hóa,19.8053115,105.752611
2648,262 Trần Hưng Đạo P.NCT Quận 1 TP.HCM TP HCM,10.759860458000048,106.68804280200004
2649,xã lợi bình nhơn Long An,0.0,0.0
2650,6 hồ Tùng Mậu phường Long xuyên An Giang,10.3614446,105.4363606
2651,Trà Vinh,9.5815192,106.5306792
2652,Huyện Hòa Thành Tây Ninh,11.261739,106.1384222
2653,P9 vũng tàu Bà Rịa Vũng Tàu,10.3355326,107.0865645
2654,khu 22 hoàng xá tu vũ phú thọ,21.0154513,105.2984842
2655,Bình Quới TP HCM,10.8273371,106.7368775
2656,Ngã Bảy Cần Thơ,9.8231546,105.8179873
2657,Cầu diễn Hà Nội,21.0412207,105.7626912
2658,521/99 khu phố 1 biên Hòa đồng nai,10.965306225000065,106.87109254200004
2659,176c đồng lạc 3  lâm đồng,11.6111969,108.1287422
2660,Hoà Khánh Đà  Nẵng,16.0502691,108.1546403
2661,31. Trung Nghĩa 9 Đà  Nẵng,16.0607887,108.1708424
2662,Phường thanh miếu Phú Thọ,21.2948077,105.4310195
2663,q10 TP HCM,10.7737261,106.7166008
2664,Xã Phú thành Hòa Bình,10.3912335,106.5828804
2665,Số 2 Nguyễn Văn Huyên Hà Nội,21.0360565,105.7976361
2666,Xã Liên Châu Vĩnh Phúc,0.0,0.0
2667,trần duy hưng Hà Nội,21.0052276,105.7988875
2668,tổ 12 Tây nam Khánh Hòa,10.540580380000051,105.99622000000004
2669,Tuyên quang,22.3382057,105.0715846
2670,Trần đình tri Đà  Nẵng,15.5688366,108.4751756
2671,Long Trường TP HCM,10.7980997,106.8083853
2672,Vinhomes Grand Park TP HCM,10.8395793,106.8421165
2673,Quang trung hà đông hà nội,20.965523,105.7692474
2674,TDP Ngọc Khám Thuận Thành Bắc Ninh,21.037780200000043,106.08593350000008
2675,Quảng trường Lam Sơn Thanh Hóa,19.9781573,105.4816107
2676,Nghĩa lạc nghĩa hưng nam định,0.0,0.0
2677,Q Bình Tân TP HCM,10.7703543,106.5995759
2678,vĩnh trường Khánh Hòa,11.5834231,108.9692089
2679,Bình Tân tphcm TP HCM,10.7936653,106.5897712
2680,95a láng hạ Hà Nội,21.0139878,105.8085138
2681,144 đường số 20 phường 5 gò vập TP HCM,10.83471901300004,106.68726415400003
2682,Thanh Đa TP HCM,10.8179914,106.7193749
2683,Phường Xuân Phương Hà Nội,21.0312367,105.7479104
2684,tỉnh hòa bình,20.7090533,105.2576439
2685,Chung cư 1050 phan chu trinh phường Bình Hoà TP HCM,10.8160586,106.7010047
2686,Le trong tan TP HCM,10.8056587,106.6299444
2687,Triệu Sơn Thanh Hóa,19.8021715,105.5950609
2688,An Khánh Hoài Đức Hà Nội,21.0190367,105.7114495
2689,141 nguyễn tất thânhf Thừa Thiên Huế,16.444361400000048,107.61506304300008
2690,141 nguyễn tất thành Thừa Thiên Huế,16.4426949,107.6206104
2691,cẩm lệ Đà  Nẵng,16.0153046,108.2013088
2692,141 Nguyễn Tất Thành Thừa Thiên Huế,16.4426949,107.6206104
2693,306/20 Đặng Thuỳ Trâm TP HCM,10.8240848,106.7032871
2694,Phan thiet binh thuan Bình Thuận,10.9448752,108.1003789
2695,Tp.hcm (bình Dương Cũ) Bình Dương,10.8040647,106.7460498
2696,Thái BÌnh,20.4031348,106.5941615
2697,Tỉnh Đắk Lắk Đăk Lăk,12.4232112,108.1776243
2698,Đại hưng mỹ đức hà nội,20.6657737,105.7633756
2699,số 1 Mễ Trì Hạ Hà Nội,21.0064092,105.7859407
2700,cam lộ Quảng Trị,16.7847145,106.9442751
2701,Ngõ 43 cổ nhuế Hà Nội,21.0589536,105.780221
2702,Thành phố Hưng Yên,20.6589314,106.0619857
2703,1352 đường 3 tháng 2 phường minh phụng TP HCM,10.7575439,106.6484833
2704,Quảng ngãi,14.9953739,108.691729
2705,Gia viễn ninh bình,20.3298145,105.8729676
2706,02 Nguyễn hữu thọ Đà Nẵng,16.0191879,108.2115565
2707,Thôn yên ninh xã nội bài tp hà nội,20.96626478109482,105.81800984667716
2708,nhà bè Tp Hcm,10.6956953,106.7395591
2709,590 Tây Sơn Tp Quy Nhơn Bình Định,13.767088255000033,109.19843356400008
2710,Ct4b khu đô thị xa la hà đông hn Hà Nội,20.9612475,105.7935194
2711,Sơn đồng hà nội,21.0440724,105.7006493
2712,đối diện cây xăng 28 nhơn phú quy nhơn Bình Định,13.779070400000023,109.18443330000008
2713,Tam cảnh hạ bằng thạch thất  Hà Nội,21.00398879100004,105.56737978100006
2714,Ba đồn Quảng Bình,0.0,0.0
2715,1134 Cmt8 P.4 Tân Bình TP HCM,10.791481141000077,106.65611364800009
2716,Phúc Thịnh Hà Nội,21.1587267,105.8087258
2717,Vạn phúc Hà Đông Hà Nội,20.9803574,105.7756187
2718,thành phố Vinh Nghệ An,18.7358406,105.6906101
2719,phường từ liêm hà nội,21.0216051,105.766512
2720,Hà noiij Hà Nội,21.031540216000053,105.80204100000007
2721,Đồng xoài Bình Phước,11.4938387,106.8711091
2722,19 Duy Tân Đà  Nẵng,15.5802488,108.5136532
2723,599 Lý Thái Tổ Đồng Nai,10.9204129,107.2411585
2724,4c xo viet nghe tinh TP HCM,10.8102697,106.7130124
2725,154 đội cung phường hạc thành thanh hoá Thanh Hóa,19.8171381,105.7834375
2726,Phú loi binh duong Bình Dương,14.2775184,109.1134963
2727,Số 10 Lý Nhân Tông Thừa Thiên Huế,16.506604,107.5078017
2728,Tân An Long An,10.5260739,106.3990103
2729,D8 Thien Ha Villa TP HCM,10.746427799999992,106.68959769999998
2730,Tp.hcm Bà Rịa Vũng Tàu,10.4908509,107.1842843
2731,Hoà Lợi Bình Dương,11.0856134,106.6716704
2732,Xóm 2 cổ điển hai bối đông anh hà nội,21.110737700000072,105.79370280000006
2733,Phường Bình Thuận,10.9375322,108.0877776
2734,38 đường 46 tân tạo tphcm TP HCM,10.7522781,106.5998256
2735,P. Cẩm Lệ Đà  Nẵng,16.0153046,108.2013088
2736,số nhà 42b thôn 5 xã hồi xuân tỉnh thanh hoá Thanh Hóa,19.9781573,105.4816107
2737,Nguyễn Xiển Thanh Xuân Hà Nội,20.9825917,105.8114969
2738,dak lak Đăk Lăk,12.6921651,108.0637031
2739,Krong Buk Đăk Lăk,13.0137552,108.19366
2740,517/25 Đỗ Đăng Tuyển xã An Nhơn Tây Tp.hcm TP HCM,11.0729087,106.4677625
2741,đống đa hà nội,21.0242336,105.8410067
2742,Vinhome Timecity Hà Nội,21.036038500000014,105.7607592
2743,359a Nguyễn Xí TP HCM,10.8117777,106.7109108
2744,6 cao bá quát Hà Nội,21.0298459,105.8409294
2745,Dĩ An TP HCM,10.9079224,106.7694761
2746,Mỹ hào hưng yên,20.9410339,106.0592239
2747,Liên Mạc Hà Nội,21.1886147,105.6607596
2748,Đường 48 hiệp bình Chánh TP HCM,11.0140521,106.773997
2749,P Kim Tân Lai Châu,22.3921248,103.4770789
2750,Phường Nam Định,20.4229775,106.1725798
2751,225b Nguyễn Văn Ràng Xã phước lộc nhà bè TP HCM,10.693091200000026,106.68041140000004
2752,Yên phong Bắc Ninh,21.210484,105.9758325
2753,45/11 ta35 thới an q12 TP HCM,10.872487916000068,106.65326964600008
2754,Hà Nội Lâm Đồng,21.0565047,105.9564838
2755,Xã Bảo Lạc tỉnh Cao Bằng,22.950808,105.6810931
2756,No. 489 Hoang Quoc Viet Street Hà Nội,21.045905540000035,105.78280288700006
2757,Vân Đình Hà Nội,20.7324048,105.770073
2758,Sn 12 tổ 18 phường tienphong Thái Bình,20.44323692794194,106.33483127604262
2759,Hai Ba Trung Hà Nội,21.0149457,105.8520631
2760,16a đường 13 kp 1 p Hiệp Binh. Thủ TP HCM,10.851276900000016,106.72962130000002
2761,103 hang gai hoan kiem ha noi Hà Nội,21.0317467,105.8498075
2762,Tp hải dương,20.9330747,106.330626
2763,Tri Tôn An Giang,10.4122221,104.9709438
2764,60 Dương Khuê Hà Nội,21.0482686,105.8085061
2765,Bãi cháy Quảng Ninh,20.9552964,107.0236075
2766,129 bui vien phuong an bien Hải Phòng,20.8244501,106.6886488
2767,Ninh hòa Khánh Hòa,12.5483851,109.061072
2768,Tỉnh Vĩnh Phúc,21.3647247,105.5836703
2769,111 Phạm Hồng Thái Gia Lai,13.9809345,107.9977849
2770,Khu 2 thị trấn quan hoa thanh Hóa,10.4859164,107.2218953
2771,85/28/11 Tx52 Phường Thạnh Xuân Q12 TP HCM,10.894166800157734,106.68337708958109
2772,619 Đỗ Xuân Hợp TP HCM,10.7937913,106.7813191
2773,Huyện sơn động Bắc Giang,21.137381,106.0230322
2774,phường Đông Quang Thanh Hóa,19.760575,105.7380471
2775,Ngõ 259 yên hoà Hà Nội,21.0207791,105.7911899
2776,Tân Sơn Hòa TP HCM,10.7971454,106.6646052
2777,01 Vũ Lập. Hòa Khánh Đà  Nẵng,16.0520351,108.1590736
2778,257 Trần Hưng Đạo Đà  Nẵng,16.0607904,108.2303821
2779,Hòa Lợi Bình Dương,11.0531819,106.3258027
2780,P Đông Ngạc Hà Nội,21.07612,105.7789506
2781,Bình Hưng Hoà TP HCM,10.7979027,106.6032118
2782,Tây Thạnh Tân Phú TP HCM,10.9844985,106.5536073
2783,phường việt hưng tỉnh quang ninh Quảng Ninh,20.9948838,106.9715282
2784,Lại xá 2 thanh hà tphap Hải Phòng,18.693371970000044,105.38113119000008
2785,Cao xanh Quảng Ninh,20.9744781,107.0811077
2786,tỉnh Sơn La,21.2276769,104.1575944
2787,Thanh hóa,19.9781573,105.4816107
2788,Nguyễn Trãi Hà Nội,20.9727763,105.7815108
2789,ấp an lợi xã tri tôn tỉnh an giang,10.442111195000052,105.00313670100007
2790,Hưng thịnh hưng nguyên nghệ an,0.0,0.0
2791,Tân Hiệp Bình Dương,11.0035869,106.7031146
2792,phường Tân Bình TP HCM,10.7995218,106.6412817
2793,286 Nguyễn xiển Hà Nội,20.9832736,105.8085208
2794,248 Trần Phú Phường An Đông TP HCM,10.7563493,106.6730631
2795,Trạm thu phí Bình Thung Dĩ An Bình Dương,10.898018300000048,106.81129030000004
2796,TP Hòa Bình,20.884047,105.3694992
2797,714 tân kỳ tân quý.tphcm TP HCM,10.8035058,106.6327654
2798,tan binh TP HCM,10.7995218,106.6412817
2799,Tam Thái Nghệ An,19.226333,104.5327261
2800,Phường Bình Lợi Trung TP HCM,10.8227002,106.7032473
2801,cc 4s đường 17 Hiệp Bình Chánh tp Hồ chí Minh TP HCM,10.821984200000031,106.71810070000004
2802,117 ngõ 2 hoàng sâm Hà Nội,21.0421667,105.7991631
2803,Số 1 Mỹ Đình Hà Nội,21.0170751,105.7767093
2804,Ba Dinh Hà Nội,21.0395325,105.836423
2805,5 An Phú Đông 10 TP HCM,10.853616,106.696372
2806,Thành phố Sơn La,21.3428865,103.9228175
2807,tỉnh Bắc Ninh,21.3282166,106.4625257
2808,thanh trì Hà Nội,20.9415559,105.8360164
2809,go vap TP HCM,10.8242738,106.6863133
2810,Hoà Minh Đà  Nẵng,16.0626028,108.1683623
2811,Cầu giấy hn Hà Nội,21.0388103,105.7818897
2812,35a Trịnh Quang nghị F7 Q8 Hồ Chí Minh TP HCM,10.704289000169233,106.62313749963045
2813,Phường Hà Đông Hà Nội,20.9732937,105.7787998
2814,Số 395 Nguyễn Xiển Hà Nội,20.9879587,105.8071589
2815,Tân lạc Hòa Bình,12.256969,109.1945349
2816,Huyện Nam Đàn Nghệ An,18.6727977,105.5225448
2817,An Phú Thuận An Bình Dương,10.986488,106.727314
2818,69/4 lê hồng phong Phường Tam thắng Bà Rịa Vũng Tàu,10.64552369000006,107.24918179000008
2819,hh4b linh dam hoang mai ha noi Hà Nội,20.963578618558472,105.82648023997116
2820,đông ngạc Hà Nội,21.07612,105.7789506
2821,Thôn Chi Đông 2 xã Quang Minh Hà Nội,21.063841887693,105.83681211478734
2822,121 miếu hai xã lê chân hải phòng,20.8435031,106.6799678
2823,Ho chi minh TP HCM,11.3759209,106.607924
2824,638 ngô gia tự Hà Nội,21.056425,105.8898257
2825,Hoài đức Hà Nội,21.0228962,105.7035484
2826,15 Hoà Nam 12 Đà Nẵng Đà  Nẵng,16.079659204000052,108.16100295800004
2827,68 Trấn Vũ Ba Đình Hà Nội,21.0438433,105.8382717
2828,Mạo khê quảng ninh,21.0584359,106.5985485
2829,phường 14 TP HCM,10.8165805,106.8110627
2830,Nếnh Tỉnh Bắc Ninh Bắc Giang,21.2340634,106.1108247
2831,Sóc Trăng,9.3203771,106.1059371
2832,Phú Thọ Vĩnh Phúc,21.3647247,105.5836703
2833,Quang Trung Hải Dương,20.9429638,106.3339662
2834,396 trần văn giàu TP HCM,10.7707319,106.5516008
2835,Long bien Ha Noi Hà Nội,21.0398713,105.8500216
2836,Long khanh Đồng Nai,10.9261189,107.24822
2837,Quỳnh lưu Nghệ An,19.2324936,105.5980713
2838,Nghi lâm. Nghi lộc. Nghệ an,0.0,0.0
2839,160/72 xo viet nghe Tinh TP HCM,10.8079722,106.7116427
2840,Số 5 đại lộ võ nguyên giáp thành phố hải dương,20.91973927500004,106.32009648200004
2841,126/8 Trần Cao Vân Đà  Nẵng,15.8835063,108.3257867
2842,ha dong Hà Nội,20.9702189,105.7749565
2843,phu cu hung yen Hưng Yên,20.7133931,106.1816041
2844,Mường Khương Lào Cai,22.685684,104.103016
2845,97 Nguyễn Hữu Cảnh TP HCM,10.7851395,106.708583
2846,48 Trà Lộ Đà  Nẵng,15.9809465,108.2722644
2847,An Phú TP HCM,10.9578225,106.7374547
2848,315 Hùng vương phường móng cái 3 Quảng Ninh,21.5374463,107.9450144
2849,số 23 đường 32a bình trị đông B.bình tân.tphcm TP HCM,10.759095300000013,106.60934630000004
2850,203 Nguyễn Huy Tưởng Hà Nội,20.9972378,105.8030618
2851,Ha3vin1 Hà Nội,16.463351841000076,107.59430531000004
2852,Kinh Bắc Ninh,21.1751704,106.0593983
2853,Gia Lam Hà Nội,21.0516399,105.8787541
2854,Hải châu Đà  Nẵng,16.0589539,108.2194844
2855,Ciputra Hà Nội,21.0786445,105.8014109
2856,Phường Tân Mỹ TP HCM,10.7258082,106.7238126
2857,196 Tô Ký TP HCM,10.4908901,107.1741232
2858,525 đường 29/3 Đà  Nẵng,16.00964459900007,108.22162552400005
2859,Phường Thành Công Đăk Lăk,13.0706622,107.8838692
2860,Phu thọ hoà tphcm TP HCM,10.7893832,106.6273127
2861,Thanh tri Hà Nội,20.9415559,105.8360164
2862,Số 11 đường số 7 khu dân cư hiệp thành 3 Bình Dương,11.001386912000044,106.66846278500007
2863,148/6a phú châu Kp1 tâm Bình thủ đức TP HCM,10.87297289999998,106.74585230000002
2864,Hoàn kiếm  hà nội,21.0323032,105.8506925
2865,sông cầu Phú Yên,13.4620619,109.2235856
2866,42 Hai Bà Trưng Nam Định,20.4265983,106.1760016
2867,phường Vàng Danh Quảng Ninh,21.084108,106.8035504
2868,Thành phố Thái nguyên,21.5874871,105.8015959
2869,Xã Xuân Thành tỉnh Đồng nai,10.7689956,107.3454128
2870,đường 4 Water front cầu rào 2 Hải Phòng,20.829866501775093,106.698897499984
2871,bình chánh TP HCM,10.6638681,106.5703407
2872,tỉnh thanh hoá Thanh Hóa,19.8053115,105.752611
2873,191 Tân Phước Hcmc TP HCM,10.9471493,106.7518204
2874,phường Phước nguyên Bà Rịa Vũng Tàu,10.501016499999992,107.1802057
2875,601 Kđt Đặng Xá Gia Lâm Hà Nội,21.020182100000056,105.94961600000003
2876,vĩnh phúc,24.9835232,109.9783989
2877,Số 8 Đường 23 Khu Đô thị Thành Phố Giao Lưu Hà Nội,21.0552917,105.7795998
2878,P. Vĩnh Tân Bình Dương,11.1414981,106.6892828
2879,quận 4 TP HCM,10.7607538,106.7070798
2880,P Bắc Giang,21.2815961,106.1988847
2881,68 đường 16 kv4 an khánh Cần Thơ,10.039116522000027,105.75380942500004
2882,1b hoàng diệu TP HCM,10.7612883,106.7007595
2883,287 Nguyễn Đình Chiều TP HCM,10.7717166,106.6836904
2884,Phú Thuận TP HCM,10.7311388,106.7351885
2885,Phường Chánh nghĩa thành phố thủ dầu một bình dương,10.9647894,106.6865399
2886,quan 8 TP HCM,10.7211158,106.6292079
2887,p. Hạnh Thông TP HCM,10.8202873,106.6832189
2888,KCX Tân Thuận F. Tân Thuận Q.7 TP HCM,10.755604600000026,106.74468890000004
2889,tổ 26 thị trấn đông anh huyện đông anh Hà Nội,21.17108822800003,105.84288481500003
2890,151 ngũ hành sơn Đà  Nẵng,16.010798,108.253178
2891,275 Quan nhân Hà Nội,21.0039088,105.8084053
2892,241b Tân Hoà Đông phường Phú Lâm TP HCM,10.7552358,106.6334032
2893,Đại Đồng Bắc Ninh,21.0950606,105.997746
2894,Gio Linh Quảng Trị,16.9130121,107.0440313
2895,Thanh pho ho chi minh TP HCM,10.7704304,106.650936
2896,Thành Phố Hà Nội,21.0283334,105.854041
2897,Gò Vấp TP HCM,10.8158694,106.6846752
2898,phường bình phú TP HCM,10.7385058,106.6274357
2899,95 nguyễn trãi TP HCM,10.7580446,106.6806157
2900,Tân Bình Hcm TP HCM,10.7995218,106.6412817
2901,thôn đồng bụt xã kiều phú huyện quốc oa Hà Nội,20.99654024900008,105.60755327700008
2902,tân uyên Bình Dương,11.0524088,106.6786935
2903,phường 4 Bà Rịa Vũng Tàu,10.3951133,107.105454
2904,Tân thành xã Tân thông hội huyện củ chi tphcm TP HCM,10.970400293000068,106.50521553500003
2905,182 bạch đằng Hà Nội,21.0245035,105.8617644
2906,Phạm Văn đồng hà nội,21.0654691,105.7849246
2907,Thủ dầu một Bình Dương,11.0524088,106.6786935
2908,Đoan Hùng Phú Thọ,21.6147084,105.155587
2909,An Phú Đông TP HCM,10.8609713,106.6917863
2910,Trần khắc chân TP HCM,10.7989364,106.6787791
2911,Cầu tham lương q12 TP HCM,10.8245627,106.6277579
2912,Số 4 đường 13 phường Khánh Hội TP HCM,10.7573275,106.7024499
2913,Long an,23.1038568,107.6946613
2914,Ngã ba cửa rừng. Xã nthon’hạ Lâm Đồng,10.6211481,106.8065218
2915,TP  Bắc Giang,21.2215587,106.2395228
2916,kdc 586 cần thơ,9.9985785,105.7724412
2917,Kdc 586 Cần Thơ,9.9985785,105.7724412
2918,my tho tien giang Tiền Giang,10.3571156,106.3634556
2919,Thị trấn cần giuộc Long An,10.6010785,106.6600828
2920,Anh Hà Vĩnh Phúc,20.6709423,106.6593346
2921,32 Tân thới hiệp 14 TP HCM,10.8661924,106.6377753
2922,phuòng Thành Nam Định,20.4102707,106.1430699
2923,Tương Mai Hà Nội,20.9899766,105.8528436
2924,xã Tâ Bình Phước,15.7245084,108.1161287
2925,Dương nội hà đông Hà Nội,20.9830443,105.7913246
2926,Tân Biên Tây Ninh,11.5401635,106.00992
2927,Tan Thuận Dong Q7 TP HCM,10.7584558,106.7318698
2928,tỉnh Nghệ An,19.1976001,105.060676
2929,Phường 8 TP HCM,10.7814919,106.6938719
2930,Trung giã sóc sơn hà nội,21.3024294,105.881465
2931,Thành Phố Đà Nẵng Đà  Nẵng,16.071571,108.2093029
2932,Tiên Lục Bắc Ninh,21.4126445,106.2214287
2933,98/66 Phan Huy Ích TP HCM,10.8266369,106.631285
2934,Ấp hòa hưng .bắc hòa.tân thạnh .long an,10.66494780000005,105.89206016000009
2935,tp Hcm,10.7737261,106.7166008
2936,Thôn chớp hiệp hoà bắc giang,0.0,0.0
2937,Tử dương Tô Hiệu xã chương Dương Hà nội,20.805519,105.88047
2938,thành phố huế Thừa Thiên Huế,16.4564881,107.5780488
2939,Q9 TP HCM,10.8043502,106.7830762
2940,9 Nguyễn minh trường p3 Tân an .long an,10.526072469000042,106.42176407000004
2941,191a Trần Đại Nghĩa Bình Định,10.7416732,106.5443228
2942,Chung cư Intracom Riverside Hà Nội,21.11335497600004,105.82792560100006
2943,Giang điền trảng bom đồng nai,10.8957668,106.9848616
2944,Huyện Long Thành Đồng Nai,10.7918574,106.945749
2945,Hà Đông Hà Nội,20.9702189,105.7749565
2946,Bình giang Hải Dương,20.8556803,106.201087
2947,Q Hà Đông Hà Nội,20.9540708,105.7600855
2948,Phường Việt Hưng Hà Nội,21.0637621,105.9058988
2949,315 Đường Trường Chinh Hà Nội,21.0007588,105.8291824
2950,156 đoàn  phú  Tứ  phường liên chiếu đà nẵng Đà  Nẵng,16.0676387,108.1458655
2951,Quận Ngô Quyền Hải Phòng,20.8527702,106.6971035
2952,Phường Gò Vấp TP HCM,10.8384167,106.6753431
2953,Nam Từ Liêm Hà Nội,21.0067943,105.7864181
2954,Xã Hoài Đức Hà Nội,21.0630487,105.7061118
2955,Phường Thạnh Mỹ Tây TP HCM,10.7992914,106.7178441
2956,Thành phố Hải Phòng,20.8830967,106.6790381
2957,Số 316 Cầu Giấy Hà Nội,21.0482897,105.7790869
2958,quận 6 TP HCM,10.7458901,106.6391994
2959,Q.gò Vấp TP HCM,10.8353538,106.6740337
2960,P.Phương Liệt Hà Nội,20.9912923,105.8380022
2961,TP Biên hoà Đồng Nai,10.9233892,106.9240877
2962,Q Nam Từ Liêm ( cạnh tòa Keangnam)  Hà Nội,21.03695968200003,105.76562911200006
2963,Thành Phố Từ Sơn Bắc Ninh,21.1182873,105.954369
2964,Phường Tân Ninh Tây Ninh,11.3136555,106.0966969
2965,P.Long Phước TP HCM,10.811931,106.859645
2966,TP. Nha Trang Khánh Hòa,12.2084991,109.2871204
2967,Thanh Miếu Phú Thọ,21.2948077,105.4310195
2968,Huyện Bình Xuyên Vĩnh Phúc,21.3288937,105.6628709
2969,Thành Phố Nam Định,20.4377742,106.1475588
2970,Chung cư intracom riverside Nhật Tân Hà Nội,21.11335497600004,105.82792560100006
2971,Quận Gò Vấp. TP HCM,10.8353538,106.6740337
2972,Nghĩa Đô thành phố Hà Nội,21.0432977,105.7943681
2973,P7 Go Vap TP HCM,10.8242738,106.6863133
2974,TTVH Nhà thi đấu quận Hà Đông Hà Nội,20.96768572600007,105.77020449500009
2975,Mỹ Tho Tiền Giang,10.3656594,106.357926
2976,long biên hà nội,21.0232241,105.898496
2977,P.Trung Mỹ Tây TP HCM,10.8590957,106.6177145
2978,Phúc lợi long biên hà Nội,21.0350029,105.9095522
2979,Số 316 Cầu Giấy  Hà Nội,21.0482897,105.7790869
2980,Quận Hai Bà Trưng Hà Nội,21.005453,105.8606225
2981,37 lôp kdc bình hưng bình chánh TP HCM,10.722560850000036,106.66208708000003
2982,Q.Đống Đa Hà Nội,21.01451,105.8234093
2983,P. Đông Hưng Thuận TP HCM,10.835914,106.6221978
2984,An Thới Đặc Khu Phú Quốc tỉnh An Giang,10.0120931,104.0148104
2985,38 chùa hà Nội,21.0094268,105.8542976
2986,Tây mỗ nam từ liêm hà Nội,21.0058017,105.7485162
2987,Q6 TP HCM,10.7487057,106.6392083
2988,Hà Nội Hải Phòng,21.0064706,105.9227758
2989,Tp.Thủ Dầu Một Bình Dương,11.0603116,106.6879506
2990,P. Phương Liệt Hà Nội,20.9912923,105.8380022
2991,tỉnh tây ninh Long An,11.1122161,106.1334176
2992,Tân lập Thái Nguyên,21.5611219,105.8282735
2993,Nguyên xá vũ thư thái bình,0.0,0.0
2994,Ngoại giao đoàn Xuân Tảo Hà Nội,21.0651024,105.8005538
2995,351 Nguyễn hữu thọ Đà  Nẵng,16.0191879,108.2115565
2996,Tb TP HCM,10.7737261,106.7166008
2997,Số 129 tổ 1 khu 13 xã Long Đức huyện Long thành Đồng Nai,10.822976615000073,106.96363862200008
2998,Duyên ứng xã Quảng bị hà nội,20.88739362700005,105.72203257900009
2999,Nha TRang Khánh Hòa,12.2084991,109.2871204
3000,Đường Huỳnh Lan Khanh TP HCM,10.8047752,106.6685417
3001,Mỹ Đình 2 Hà Nội,21.0274134,105.7833341
3002,Ngõ 211 phố Khương Trung Hà Nội,20.9936992,105.8231767
3003,Lào Cai,22.3069302,104.1829592
3004,đồng hới Quảng Bình,17.4689738,106.5998415
3005,Vĩnh Tuy Hà Nội,20.9982944,105.8677016
3006,Khoái Châu Hưng Yên,20.8403664,105.9784462
3007,p. tân lập tp buôn ma thuột Đăk Lăk,0.0,0.0
3008,tp Huế Thừa Thiên Huế,16.4564881,107.5780488
3009,Kim Lien Hà Nội,21.0062617,105.8311588
3010,315 Trường Chinh Hà Nội,21.0012001,105.8346843
3011,ngõ 71 Tân Ấp Ba Đình Hà Nội,21.04820909800003,105.84516722100004
3012,dốc vân mai lâm đông anh hà nội,21.088967900000057,105.90378590000006
3013,Bát Tràng Gia Lâm Hà Nội,20.9900848,105.9130156
3014,Duong N3 an phú binh duong Bình Dương,11.0290688,106.6971101
3015,Tây Hồ hà Nội,21.0627805,105.8184637
3016,360a Ben Van Don TP HCM,10.7554832,106.6908951
3017,Thành Phố Quảng Ngãi,15.1647997,108.8354927
3018,Tổ 33 quan triều Thái Nguyên,21.60495751000008,105.80324938000008
3019,Chiềng Hặc Sơn La,20.9789294,104.4247114
3020,Phường Hoàng Liệt Hà Nội,20.9619101,105.83654
3021,72c Đinh Tiên Hoàng TP HCM,10.7904837,106.6973896
3022,Xóm 1 bắc xã thiên lộc thành phố hà nội,21.1287141,105.7943635
3023,01 tô hiệu tp đalat Lâm Đồng,11.969586075000052,108.43762828600006
3024,Q.6 TP HCM,10.7458901,106.6391994
3025,Bồ Đề Hà Nội,21.0573506,105.8662488
3026,12 đào công chính Đà  Nẵng,16.0216635,108.2029879
3027,56 Nguyễn Văn Linh TP HCM,10.6960501,106.6152646
3028,173 Đ. Ngọc Hồi Hà Nội,20.9387566,105.8443615
3029,Lý Thái Tổ Bắc Giang,21.2743,106.1911412
3030,Ocean Park Gia Lâm Hà Nội,20.9939238,105.9595538
3031,Tp. Cao Lãnh Đồng Tháp,10.4601787,105.6122905
3032,anhtuanautovp@gmail.com Hà Nội,10.934865520000074,106.74583418000007
3033,.Đồng nai,11.4285446,107.1624245
3034,Tp Thái Bình,20.4528848,106.340023
3035,đống đa Hà Nội,21.0242336,105.8410067
3036,Hoa lư ninh Bình Hà Nội,20.2166603,105.9381671
3037,Xo Viet Nghe Tinh TP HCM,10.7923226,106.7071325
3038,Khu 10 phù Ninh. Phú Thọ,21.4083045,105.305774
3039,Văn Cao Ba Đình Hà Nội,21.0403168,105.8157537
3040,Tam Hiep Đồng Nai,10.952389,106.8589282
3041,quận 3 TP HCM,10.7788914,106.6869967
3042,Tuần Châu Quảng Ninh,20.9729813,106.9320891
3043,Tây ninh,36.824463,101.440811
3044,Thuân thành bắc ninh,21.0381566,106.0778751
3045,tp Hoa lư Ninh Bình,20.2498255,105.9565342
3046,84 phạm hùng TP HCM,10.7279935,106.6776568
3047,Phường Đại Mỗ Hà Nội,20.9933193,105.7766692
3048,Xã Hà Trung Thanh Hóa,19.9921815,105.8437839
3049,Cổ Loa Hà Nội,21.1332778,105.8733924
3050,Khánh Hoà Khánh Hòa,12.4894951,109.1238365
3051,vista nam an khánh Hà Nội,21.0012599,105.7146552
3052,số 11 võ thị lòng ấp 1a xã tân thạnh tây TP HCM,10.98280819164478,106.57626796699316
3053,tư nghĩa Quảng Ngãi,15.0913545,108.7675545
3054,Cà Mau,9.0180177,105.0869724
3055,Hòa Khánh Đà  Nẵng,16.0502691,108.1546403
3056,Sn 121 Thanh Hóa,16.00506714900007,108.21866361100008
3057,79 A hoàng hoa thám P10 Đàlat Lâm Đồng,11.93440918500005,108.46465138400004
3058,tỉnh Ninh Bình,20.2867258,106.1000359
3059,Đông ngạc Hà Nội,21.07612,105.7789506
3060,Mỗ Lao Hà Nội,20.981338,105.7839611
3061,P Bình Lợi Trung TP HCM,10.8227002,106.7032473
3062,Hoà xá hà nội,21.0112161,105.5361998
3063,Cẩm phả Quảng Ninh,21.0096177,107.272916
3064,thành phố Bắc Ninh,21.1751704,106.0593983
3065,hà  nội Hà Nội,21.0242336,105.8410067
3066,Hoà Thành Tây Ninh,11.2578497,106.1501484
3067,Phường Phan Đình Phùng Thái Nguyên,21.5873786,105.840539
3068,294 lý thái tổ TP HCM,10.7679031,106.670622
3069,Số 2 Lê Văn Thiêm Hn Hà Nội,21.002393,105.803019
3070,đức an Đăk Nông,14.8022834,107.6862492
3071,167 Nguyễn Văn Cừ BMT Đăk Lăk,12.689781999000049,108.06983330000008
3072,Đại Lộc Đà  Nẵng,15.89528,108.1066478
3073,Đan phương Hà Nội,21.0895225,105.6650693
3074,Khu đô thị Xa La Hà Đông Hà Nội,20.9627096,105.7920734
3075,1216/60/8 đường 30/4 P12. Tp Vt Bà Rịa Vũng Tàu,10.40917,107.145246
3076,tan son nhi TP HCM,10.8028966,106.6360979
3077,Phước Ninh Đà  Nẵng,16.0639116,108.2213419
3078,93 trung mỹ tây tphcm TP HCM,10.8590957,106.6177145
3079,59/1d pham van chiêu TP HCM,10.847354246701173,106.64625299188214
3080,252 Lê Duẩn Phường Nam Đông Hà Quảng Trị,16.7970644,107.1284742
3081,Số nhà 17 hà cầu kiến hưng hà nội,20.96310600000004,105.76874200000007
3082,28/33 lê thị hồng phường 17 gò vấp tphcm TP HCM,10.832945432000033,106.67879859200008
3083,quán chua Thanh Hóa,21.0338564,105.8037076
3084,Cổng tuàn châu bãi cháy quảng ninh,20.95308923500005,107.05623475100003
3085,Trung tâm hành chính Dĩ an Bình Dương,10.8916141,106.7629631
3086,P. Phú Thọ Hòa TP HCM,10.7893832,106.6273127
3087,Tứ Minh Hải Dương,20.9359109,106.3053196
3088,18 A phường Xuân Hương Đà Lạt Lâm Đồng,11.9524083,108.4418061
3089,Phương liệt TP Hà Nội,20.993676,105.8316123
3090,Phú quốc Kiên Giang,10.0203848,104.010911
3091,Đạo đức bình xuyên Vĩnh Phúc,0.0,0.0
3092,Nhà Bed TP HCM,11.909488529000043,107.79609962700005
3093,tỉnh Qn Quảng Ninh,21.5473263,107.9093955
3094,Le thanh nghị hai duong Hải Dương,20.9348417,106.3310237
3095,phường trường vinh Nghệ An,18.6595616,105.6970309
3096,Tp bắc Ninh,21.1751704,106.0593983
3097,Thành Phố Tây Ninh,11.3656049,106.1296188
3098,50 phạm Ngọc thạch phường bà rịa tp hcm Bà Rịa Vũng Tàu,10.507427067000036,107.17653482600008
3099,183 y ngông Đăk Lăk,12.6758472,108.01271
3100,An phu tp thu duc TP HCM,10.8021999,106.7422332
3101,Khu Phố 23 TP HCM,10.7855641,106.7481717
3102,Đại Đồng Hưng Yên,20.9912327,106.0656075
3103,27 ha dinh Hà Nội,21.0369867,105.8357925
3104,Ngã tư Quang thanh an lão Hải phòng,20.81813099999999,106.5367892
3105,Thị Trấn Kép Lạng Giang Bắc Giang,0.0,0.0
3106,Sô 3 đường nguyễn hiền Thừa Thiên Huế,16.5194099,107.4799784
3107,Đông Anh Hà noi Hà Nội,21.1537878,105.8515777
3108,Khu dân cư đại phúc green villas TP HCM,10.716848152500042,106.68691689125008
3109,Q Hải Châu Đà  Nẵng,16.062514,108.2204436
3110,Số 11 Phạm văn Bạch Cầu Giấy Hà Nội,21.0258881,105.7883704
3111,22/14 Le Trong Tan TP HCM,10.8069297,106.6245911
3112,ha nội Hà Nội,21.0242336,105.8410067
3113,b4 làng quốc tế thăng long cầu giấy hà nội,21.0384777,105.7934353
3114,389 phạm thế hiển p3 q8 TP HCM,10.748001508000073,106.68134713800004
3115,Câu nhật tân hà nội,21.0987496,105.8236617
3116,Trần phú phường hà giang 2 Hà Giang,22.819715,104.987118
3117,tp Lạng Sơn,21.855262,106.7432662
3118,Bà rịa Vũng Tàu,10.3471705,107.0763626
3119,Ba ria vung tau Bà Rịa Vũng Tàu,10.4908509,107.1842843
3120,Dốc Thị Vạn Ninh Khánh Hòa,12.664633967000045,109.20698393800006
3121,Thon Me Gia Vien Ninh Bình,20.245343728000023,105.85278911800005
3122,huyện Mê Linh Hà Nội,21.1822074,105.7218568
3123,Lâm Đồng Đăk Nông,12.2807367,107.742636
3124,58 Tố Hữu Hà Nội,20.9936207,105.7864347
3125,33 phan huy chú tp bmt Đăk Lăk,12.644961558000034,108.01262045900006
3126,Xô Viết Nghệ Tĩnh Đà Nẵng,16.033082,108.2249116
3127,49/9 kp bình quới A . P. Thuận giao . Tp.hồ Chí Minh Bình Dương,10.99176095300004,106.66255543000004
3128,862 lê đức thọ p15 gò vấp TP HCM,10.848625981000056,106.66700783200008
3129,Sóc Sơn . Hà Nội,21.2597163,105.8508041
3130,p Hoà Bình Hòa Bình,20.884047,105.3694992
3131,Ngã 3 Nam Phước Đà Nẵng,15.8276724,108.2577288
3132,230 Phạm Văn Đồng Hà Nội,21.0625027,105.7837371
3133,Nguyễn văn đào phuong thuy xuân tp hue Thừa Thiên Huế,16.4527348,107.5680677
3134,Ngõ 138 phố Mễ Trì Thượng Hà Nội,21.0069775,105.7778898
3135,Cầu Giấy ( đối diện công an quận ) Hà Nội,21.037972319000065,105.79270297000004
3136,Buôn Mê Thuột Đăk Lăk,12.6843232,108.0508288
3137,Huyện Trảng Bom Đồng Nai,10.9486947,107.0089318
3138,Khu công nghiệp Thạch Thất Quốc Oai Hà Nội,21.0093935,105.6329208
3139,Pleiku Hà Nội,20.902591950000044,105.85014256000004
3140,vinh Nghệ An,18.7358406,105.6906101
3141,Quảng Chính Thanh Hóa,19.6204227,105.7941641
3142,36/27/85/1 TP HCM,10.761545047000029,106.58839392100003
3143,do luong Nghệ An,18.9127862,105.3187342
3144,8 Dvc P binh trung hcm TP HCM,10.738776700000017,106.643504
3145,714 tan ky tan quý tp Hcm,10.8024543,106.6272967
3146,Bình Nguyên Phú Thọ,21.2788689,105.6560777
3147,TP. Ninh Bình,20.2718862,105.9650163
3148,Thọ Sơn việt trì Phú thọ,0.0,0.0
3149,an Lạc TP HCM,10.7381994,106.6148874
3150,phường Tăng Nhon Phú TP HCM,10.8449268,106.7864288
3151,210 linh trung TP HCM,10.8567889,106.7841807
3152,154 phạm phú thứ f4 q6 TP HCM,10.744262620000027,106.64403047700006
3153,Sóc sơn hà nội,21.2597163,105.8508041
3154,khu phố 6 . Phường 3 . Tp Tây Ninh,10.8491656,106.6167544
3155,Trần phú Hải Dương,20.9331312,106.333803
3156,23/1 ấp hưng hiệp xã Dầu Giây Đồng Nai,10.997887900000023,106.79921284000004
3157,Tân Biên Hòa Đồng Nai,10.9580869,106.828624
3158,187 lê kim lăng hòa thọ đông thành phố Đà Nẵng Đà  Nẵng,16.0172741,108.2006939
3159,Đường nhạn Thư lâm Hà Nội,21.1717565,105.8892085
3160,61/14 đường số 1 p10 tân bình TP HCM,10.78642166700007,106.64681776900004
3161,21b3kp 11 Tân triều Đồng Nai,11.000708261000057,106.80351140800008
3162,Hoàng huy Hải Phòng,20.8400241,106.6958013
3163,huyện Vị Xuyên tỉnh Hà Giang (cũ) Hà Giang,22.699,104.9697222
3164,Xóm 4 thôn đình cao xã tiên tiến Hưng Yên,20.6065846,106.2843471
3165,270 Nguyễn Xiển Hà Nội,20.97697,105.8110618
3166,P710 Vinhomes 54a Nguyễn Chí Thanh Hà Nội,21.023079573000075,105.80981522200004
3167,36 vũ trọng Khánh hà đông Hà Nội,20.9815946,105.7840438
3168,thành phố Bình Dương,37.8041724,113.6232839
3169,Văn giang hưng yên,20.9293208,105.9326937
3170,Phú thọ,21.3007538,105.1349604
3171,TP Bắc Giang,21.2215587,106.2395228
3172,Tỉnh Bắc Ninh,21.3282166,106.4625257
3173,Dĩ An Bình Dương,10.8700455,106.7511285
3174,Cẩm Mỹ Đồng Nai,10.7689956,107.3454128
3175,Cần Thơ Cần Thơ,10.0433764,105.7864891
3176,Phường Xuân Hòa TP HCM,10.7824046,106.6895335
3177,Ha long Quảng Ninh,20.9488856,107.1035074
3178,Starlake Nguyễn Văn Huyên Hà Nội,21.03458609199491,105.7973172636436
3179,tp Phần Rabg Ninh Thuận,11.5698922,108.9998581
3180,tây thạnh thành phố hồ chí minh TP HCM,10.8130355,106.6227282
3181,Hc TP HCM,10.7937062,106.7556595
3182,360c/11 Bến Vân Đồn p1 q4 TP HCM,10.754152787000066,106.68958114100008
3183,tp hồ chí minh TP HCM,10.8073712,106.7564593
3184,Phường võ cường tỉnh Bắc Ninh,21.166563,106.0505153
3185,Nông trang việt trì phú thọ,21.3217131,105.3746173
3186,30 Lê Quý Đôn.q3 TP HCM,10.782718357000022,106.68941613900006
3187,sóc sơn Hà Nội,21.2597163,105.8508041
3188,Phường Duy Tiên Hà Nam,20.6416179,106.0200825
3189,Khanh hoa Khánh Hòa,12.5483851,109.061072
3190,56 Nguyễn Viết Xuân Nghệ An,18.6676373,105.7141371
3191,Nguyễn Văn Khối P9 Gò Vấp TP HCM,10.843638804000022,106.64930980000008
3192,quận 11 TP HCM,10.7656343,106.647607
3193,F1/018 Gia Kiệm Đồng Nai,11.016334605000054,107.17669952400009
3194,29a hồ bún sáng Cần Thơ,21.01115479200007,105.83068814700005
3195,Lai Thành Kim Sơn Ninh Bình,20.5445676,105.9339242
3196,Vĩnh Phúc Phú Thọ,21.3647247,105.5836703
3197,Tp hồ TP HCM,10.8797358,106.8061911
3198,Xuân tảo nghĩa đô hà nôi Hà Nội,21.0501635,105.7975356
3199,200 nguyễn sơn Hà Nội,21.0446246,105.8815435
3200,Ấp 3 Tân Long Phú giáo bình dương,11.337241151000056,106.66242196500008
3201,Núi Bà Đen Tây Ninh,11.3823834,106.170221
3202,Nơ Trang Long P12 Q.bình Thạnh TP HCM,10.815754400000005,106.6994312
3203,tỉnh ninh bình,20.2867258,106.1000359
3204,quận Gò Vấp TP HCM,10.8353538,106.6740337
3205,220 Nguyễn Hữu Cảnh TP HCM,10.7963449,106.719698
3206,Thuỷ nguyên Hải Phòng,20.9179864,106.6748497
3207,ngõ 105 đường Xuân La Hà Nội,21.0663437,105.8030801
3208,Xã bến lức tỉnh long an,10.6275407,106.5105059
3209,Đường quang trung P . An hội tây TP HCM,10.8439465,106.6427632
3210,Tổ1 phường môc châu sơn la,20.8659974,104.5812291
3211,Ba đình hà bội Hà Nội,21.1071283,105.8000411
3212,tp. Quảng Ngãi,15.1647997,108.8354927
3213,melosa khang điền võ chí công TP HCM,10.799709334000056,106.79266712500004
3214,xã vân đình thành phố hà nộ Hà Nội,20.73451999999997,105.77085599999998
3215,Q Nam Từ Liêm ( cạnh tòa Keangnam) Hà Nội,21.03695968200003,105.76562911200006
3216,Công chính Thanh Hóa,19.5643527,105.6594185
3217,24 phú thuận phường tân phú q7 TP HCM,10.730362485000056,106.73069873900003
3218,Phường Thành Sen Hà  Tĩnh,18.3393261,105.9028546
3219,H20/08b/k83 huỳnh ngọc huệ Đà  Nẵng,16.068,108.212
3220,đan phượng hà nọ Hà Nội,21.009549,105.8555293
3221,T. Phú Thọ. Phú Thọ,21.4000047,105.2238899
3222,Thành phố Thái Nguyên,21.5874871,105.8015959
3223,tỉnh Tây Ninh,11.0800527,106.2610531
3224,Đình Thôn Mỹ Đình Hà Nội,21.018451,105.7755169
3225,Bat trang ha noi Hà Nội,20.9796328,105.9146403
3226,Viet Hung Hà Nội,21.0637621,105.9058988
3227,368 Quốc lộ 22 phường Trung Mỹ Tây quận 12 TP HCM,10.851610725000056,106.60989909900007
3228,Phường Sơn Tây tp Hà Nội,21.1427003,105.4869248
3229,Thị trấn An Châu Sơn Động Bắc Giang,0.0,0.0
3230,Lam sơn tp hưng yên,20.6712954,106.0493516
3231,1 Giáp Nhị Hà Nội,20.9775186,105.8427639
3232,7 đường 12 tthc dĩ an TP HCM,10.841605500000014,106.7254219
3233,Bồng Sơn Bình Định,14.4138951,109.0455139
3234,Thành Trì Hà Nội,20.9415559,105.8360164
3235,Tp.bacgiang Bắc Giang,21.2797206,106.217317
3236,Chợ dầu giay Đồng Nai,10.944535,107.1403481
3237,lào cai,22.3069302,104.1829592
3238,173trương phước phan quận bình tân TP HCM,10.763130002000024,106.61320650900008
3239,Số 206 phố huế Hà Nội,21.013844247000065,105.85162654900006
3240,300 nguyễn trãi Hà Nội,20.9901161,105.8009973
3241,Số 41 ngõ 54/53 đường ngọc hồi Hà Nội,20.95749600000005,105.84185670000004
3242,46 Hưng Phước 1 Phú Mỹ Hưng Quận 7 TP HCM,10.731571134000037,106.70868576400004
3243,125 hồ sỹ dương Đà  Nẵng,16.0728258,108.1511388
3244,TxBen cat binh duong Bình Dương,11.131047500000022,106.61291700000004
3245,Cổ Nhuế hà nội,21.062981,105.7804106
3246,Khu vực Cầu Giấy Hà Nội,21.0428816,105.7909744
3247,Huyện đảo lý Sơn Quảng Ngãi,0.0,0.0
3248,Thủ dầu Một Bình Dương,11.0603116,106.6879506
3249,Bau hàm 2 thống nhất đồng nai,0.0,0.0
3250,Tdt An Trang Hải Phòng,20.816012262000072,106.60897596500008
3251,An lac TP HCM,10.7381994,106.6148874
3252,Trảng bom Đồng Nai,10.9531344,107.0041964
3253,194 Phan Trung Đồng Nai,10.9606182,106.8490111
3254,Tổ 12 hoà minh Đà  Nẵng,16.0626028,108.1683623
3255,xã bình chánh TP HCM,10.6638681,106.5703407
3256,22/15 đường 25 phường hiệp Bình Chánh Tp Hcm,10.83080239900005,106.72741096700008
3257,Bờ dâu Thạnh Mỹ Tây An Giang,10.544698073000063,105.14729711400008
3258,TP Thanh Hoá Thanh Hóa,19.8053115,105.752611
3259,Tổ 19 đồng nhơn xã vĩnh thái Khánh Hòa,12.266350015000056,109.15239313300005
3260,20 Đặng Thùy Trâm Tp Quy Nhơn Bình Định,13.743558969000048,109.21064598100008
3261,447/ Trường Chinh Quảng Ngãi,14.3601636,108.0172954
3262,Chư Pư Gia Lai,13.5090099,108.0808651
3263,Thị xã Hương Trà Thừa Thiên Huế,0.0,0.0
3264,Cu Pui Đăk Lăk,12.5236906,108.559768
3265,Huyện Bảo Yên Lào Cai,22.294473,104.4179863
3266,996 tạ Quang bửu f bình đông TP HCM,10.733429887000057,106.65353000200008
3267,Tiền Gia Tiền Giang,10.2558069,104.823796
3268,Bà rịa Vũng tàu,10.3471705,107.0763626
3269,38 Bùi Thị Xuân Q1 Hcm TP HCM,10.77193320200007,106.69037281800009
3270,KĐT Dương Nội Hà Nội,20.9837382,105.7923225
3271,20 Tô Tịch Hà Nội,21.0325846,105.8502225
3272,674 Ngọc Lâm Hà Nội,21.046823,105.8795316
3273,115 Lê Văn Sỹ P.phú Nhuận TP HCM,10.7959758,106.6659817
3274,Phước Hưng Bà Rịa Vũng Tàu,0.0,0.0
3275,Khu Mã Thượng A. Xã phù Ninh . Tỉnh phú thọ,21.406677246000072,105.32012939500004
3276,Tổ 5 khu 15 xã Bình An đồng nai,10.833497321000038,106.99341475400009
3277,bình Dương,11.1826156,106.6738179
3278,Phổ yên Thái Nguyên,21.4517905,105.7568528
3279,Tam Hòa Đồng Nai,10.9345871,106.8356643
3280,Cầu Giấy hà nội,21.0292159,105.8033629
3281,đường Hoàng Minh Thảo Hà Nội,21.0624864,105.8041275
3282,Hẻm 95 Đường Bùi Trọng Nghĩa Đồng Nai,10.9747495,106.854024
3283,tổ 13 xã lục yên Bái,17.78471408000007,106.37460389000006
3284,Đồng Tâm Vĩnh Yên Vĩnh Phúc,21.2914673,105.5854814
3285,Khu8 +10 Tt.na dương _ H.lộc bình _ lạng sơn,0.0,0.0
3286,Tân uyên bình dương,11.0603116,106.6879506
3287,Văn Lâm Hưng Yên,20.9858617,106.0372519
3288,Huỳnh bá chánh Đà  Nẵng,15.9883861,108.2551306
3289,Kim Thành Hải Dương,20.9242925,106.3190155
3290,15/1 ap 11 xa xuan thoi son hoc mon tphcm TP HCM,10.873155454000027,106.58328412700008
3291,2 nguyễn khuyến Hà Nội,20.9767794,105.7882182
3292,yên bái,21.8091042,104.5182832
3293,Ngã tư quán toan Hải Phòng,20.8901772,106.6028673
3294,Thị trấn Hai Riêng Sông Hinh Phú Yên,0.0,0.0
3295,tum Kon Tum,14.3450781,108.013228
3296,Gần Chùa Bà Thủ Dầu Một Bình Dương,10.98061130000002,106.65457520000008
3297,quận hà đông Hà Nội,20.9540708,105.7600855
3298,đức trọng lâm dồng Lâm Đồng,11.695107,108.3179923
3299,86 dương đình hội phường phước long TP HCM,10.828372,106.7822683
3300,hướng hóa Quảng Trị,16.7038475,106.6776713
3301,05 Phan Tứ Đà  Nẵng,16.0455132,108.2453171
3302,421 ấp Phú Giao Sóc Trăng,9.440549675000057,105.77210009500004
3303,Số 1 Nguyễn Thị Duệ Tên Hoà Hà Nội,21.019602100000043,105.79144110000004
3304,Lâm thị hố TP HCM,10.8709694,106.6285389
3305,Phú Thứ Cần Thơ,10.0043132,105.8038069
3306,83 phan đăng lưu kiến an hải phòng,20.8089462,106.6240348
3307,Nhà Bè TP HCM,10.6956953,106.7395591
3308,Đông Nai Đồng Nai,10.9410542,106.8097889
3309,Phường Quảng Phú. Tỉnh Thanh Hoá Thanh Hóa,19.7718541,105.8380643
3310,Vĩnh Lộc TP HCM,10.8195534,106.5506807
3311,tỉnh Quảng Ngãi,14.9953739,108.691729
3312,xa Binh Hung TP HCM,10.7193081,106.6555215
3313,180 quang trung Hà Nội,21.0208142,105.6091766
3314,Bà Rịa vũng tàu,10.3471705,107.0763626
3315,68 mễ trì Hạ Hà Nội,21.0116781,105.7802722
3316,973/127/7 kp43 Trung Mỹ Tây TP HCM,10.8710395,106.6213959
3317,Yên Thịnh Yên Bái,21.721899,104.8935896
3318,603 Cc Lê Thành TP HCM,10.7215428,106.6165515
3319,T. Sơn La,48.1831905,-110.3753932
3320,mỹ an 14 Đà Nẵng,16.0488836,108.2463256
3321,pleiku Gia Lai,13.9773432,108.0002025
3322,Kien xuong thai binh Thái Bình,20.4500988,106.3489724
3323,t Thái Nguyên Bắc Kạn,22.1521207,105.8333301
3324,Tân mỹ Tuyên Quang,22.2565961,105.1988525
3325,Đồng tháp,10.425183,105.9271362
3326,Phường Bình Xuân Đồng Tháp,10.4032719,106.6404559
3327,Thuận thành bắc ninh Hà Nội,21.0222175,105.9702689
3328,48 đường 153 Bình mỹ TP HCM,10.6493298,106.769495
3329,Số nhà 14 đại linh trung văn Hà Nội,20.994044276000068,105.77665511100008
3330,Quảng nam,24.0479436,105.0519035
3331,13/1q Nguyễn Thị Ngâu TP HCM,10.90022994900005,106.60861418100006
3332,Bình dương,11.1826156,106.6738179
3333,Hợp Thịnh Bắc Giang,0.0,0.0
3334,Tân Yên Bắc Ninh,21.3891758,106.0932869
3335,phường Nông Trang Phú Thọ,21.3268648,105.3603901
3336,Vĩnh yên Vĩnh Phúc,21.313699,105.5956577
3337,Lái thiêu Bình Dương,10.8848481,106.6988171
3338,p hiệp bình phước TP HCM,10.8459813,106.7103503
3339,xã Hóc Môn TP HCM,10.8860463,106.5927134
3340,Huyện Bình Chánh TP HCM,10.6884408,106.5828017
3341,Ý yên nam định,21.0426296,105.8397096
3342,Tổ 18 phường minh Xuân tp tuyên Quang,21.827220474000057,105.21917512200008
3343,Cẩm Thượng Hải Dương,20.9458963,106.3208535
3344,số nhà 257 tổ 8 quyết tâm Sơn La,21.310529539000072,103.92790541200009
3345,Tổ 8 Tô Hiệu Tp Sơn La,21.32795652600004,103.90853114400004
3346,Quốc Lộ 1 Long An,21.0145095,105.919534
3347,phường phước long TP HCM,10.824553,106.7690916
3348,97 Tl 19 An Phu Đông Tphcm TP HCM,10.8551611,106.6857998
3349,thủ dầu một Bình Dương,11.0524088,106.6786935
3350,30 Đường 17 khu phố 6 phường hiệp Bình Chánh TP HCM,10.829888784000048,106.71490977900004
3351,9 Ng. 207 P. Bùi Xương Trạch Hà Nội,20.987510904000032,105.81916220200009
3352,Từ Sơn Bắc Ninh,21.1159424,105.9559119
3353,10 khu phố 8 tân thới hiệp TP HCM,10.8588698,106.6418896
3354,Lâm Ha lâm Đồng,11.8606211,108.2842467
3355,ninh binh Ninh Bình,20.2421142,105.9746207
3356,xã Tân Ninh Thanh Hóa,19.7504712,105.6355152
3357,Thanh my Loi Quan 2 TP HCM,10.7707318,106.7702559
3358,Thôn 4 Vĩnh Quỳnh xã Thanh Trì Hà Nội,20.9359739,105.8430165
3359,Phường Long Phước TP HCM,10.811931,106.859645
3360,P.bmt Đăk Lăk,12.7100498,108.0495191
3361,Biên hòa Đồng Nai,10.9507929,106.8263284
3362,Long bien Hà Nội,21.0399392,105.8499991
3363,1054/59 Cmt8 TP HCM,10.791661357000066,106.65787625300004
3364,35 đường số 6 kdc bình đăng p6 q8 TP HCM,10.733144655000046,106.65427506800006
3365,Thị Xã Trảng Bàng Tây Ninh,11.1046601,106.3884056
3366,Hắc Dịch Bà Rịa Vũng Tàu,0.0,0.0
3367,8 Trịnh Hoài Đức TP HCM,10.8016387,106.6973914
3368,276 nguyễn xiển Hà Nội,20.97697,105.8110618
3369,B305 Master Central Point Vinhome Grand Park TP HCM,10.792074300000024,106.7214894
3370,tp Đồng nai,11.4285446,107.1624245
3371,136 Hồ Tùng Mậu Hà Nội,21.0419326,105.7678915
3372,Phường Dĩ An TP HCM,10.8975202,106.7542156
3373,minh khai hn Hà Nội,21.0479764,105.7448067
3374,Bac giang Bắc Giang,21.2788349,106.1916752
3375,quận 10 TP HCM,10.7725282,106.6682021
3376,Vinhomes Centra TP HCM,10.792074300000024,106.7214894
3377,TP BA RIA Bà Rịa Vũng Tàu,10.5134159,107.1851769
3378,16 đường 53a Tân Tạo TP HCM,10.7522671,106.5988123
3379,300 nguyễn xiển hà nội,20.97697,105.8110618
3380,Long Bình Đồng Nai,10.9726546,106.8874294
3381,phúc thọ hà nội,21.1096017,105.5395353
3382,Tu Liem Hà Nội,21.0216051,105.766512
3383,102 trường chinh Hà Nội,20.9988928,105.8379239
3384,an giang,10.3188672,105.0432488
3385,Đà lạt lâm đồng,11.9082632,108.4572089
3386,Tp Hà Tĩnh Nghệ An,10.8111851,106.7137568
3387,đà Nẵng,16.068,108.212
3388,17/9 Bình an 7 Đà  Nẵng,16.042007,108.2153904
3389,Bắc giang,21.3740092,106.4663176
3390,806 Hà Huy Tập Hà  Tĩnh,18.2947889,105.9144411
3391,Phú hòa.  Thủ dầu một.  Bình Dương,11.0356104,106.6561363
3392,Huong khe Hà  Tĩnh,18.1926506,105.6792793
3393,Thị Trấn Bố Hạ Bắc Giang,0.0,0.0
3394,vũ thê lang tp việt trì Phú Thọ,21.3253628,105.4126926
3395,17 Võ Chí Công Hà Nội,21.0706109,105.8092269
3396,thanh Pho Hà Nội,21.0283334,105.854041
3397,Nha Be TP HCM,10.6510014,106.7258641
3398,05 kim đồng gia nghĩa daknong Đăk Nông,11.993518830000028,107.70568126900008
3399,52 Phan Chu Trinh Quảng Ngãi,14.3523607,108.0093395
3400,Nam Ban Lâm Hà Lâm Đồng,11.8246653,108.3372701
3401,Cao Xanh Quảng Ninh,20.9744781,107.0811077
3402,341/13a đường Khuông Việt TP HCM,10.770176010000055,106.63865617200008
3403,937 huynh tan phat TP HCM,10.6741126,106.7645825
3404,Vinsmartcity Tây Mỗ Hà Nội,20.999253645000067,105.75145766300004
3405,Hoai Đức Hà Nội,21.0228962,105.7035484
3406,Đt Spa Auto Hà Nội,21.189488207000068,105.43590624400008
3407,720 Điện Biên Phủ Bình thạnh TP HCM,11.0500813,106.7023838
3408,t4 Ngoại Giao Đoàn Hà Nội,21.0643628,105.7986846
3409,phú thọ,21.3007538,105.1349604
3410,Huu Lung Lạng Sơn,21.5021391,106.345456
3411,số 99 Hoàng Ngân Hà Nội,21.007429656000056,105.80952248600003
3412,Khu phố 3b Thới Hòa Tphcm Bình Dương,11.104281211000057,106.62375211400008
3413,lạng sơn,21.8487579,106.6140692
3414,Quảng Nam Đà  Nẵng,15.1794882,108.1289381
3415,1/45 Nguyễn Văn Quá Phưhưthua TP HCM,10.804139033589593,106.70516252582996
3416,Soc Son Hà Nội,21.2597163,105.8508041
3417,599/4 tổ 10 ấp Tân Cang Biên Hoà Đồng Nạ Đồng Nai,10.907371562000035,106.92132388000005
3418,Phú Diễn. Bắc Từ Liêm. Hà Nội,21.0461067,105.762101
3419,326 Lê Trọng Tấn Hà Nội,20.9849034,105.7443244
3420,Hậu lộc Thanh Hóa,19.9335266,105.8758749
3421,phường đông ngạc Hà Nội,21.07612,105.7789506
3422,thanh lương thị xã Bình Long Bình Phước,0.0,0.0
3423,Ngăm lương đông cứu Bắc Ninh,21.07060440000004,106.13539370000008
3424,128 lê lợi Hải Phòng,20.8596757,106.693817
3425,Q. Hai Bà Trưng Hà Nội,21.005453,105.8606225
3426,Tp. Vinh Nghệ An,18.7358406,105.6906101
3427,Phường Khánh Hội TP HCM,10.7598576,106.7023355
3428,315 Nguyễn Khoái Hà Nội,21.0060605,105.8690725
3429,Tp Biên Hoà Đồng Nai,10.9797417,106.8566034
3430,Phường Bình Hoà TP HCM,10.905052,106.7274208
3431,TP. Thuận An Bình Dương,10.9044531,106.700634
3432,115 Lý Chính Thắng Quận 3 TP HCM,10.787683728000047,106.68497826200009
3433,khu đô thị đông tăng long TP HCM,10.806159897000043,106.82131350000007
3434,Phạm văn hai quận tân bình TP HCM,10.7950061,106.6626774
3435,Quy Nhơn Gia Lai,13.7549672,109.1767596
3436,TP. Biên Hòa Đồng Nai,10.9246064,106.8066439
3437,Hồ Chí TP HCM,10.8862108,106.8048011
3438,16 Trương Định Q1 TP HCM,10.771662935000052,106.69641629100003
3439,Thành phố hải Dương Hà Nội,21.2306832,105.70641
3440,đn Đà  Nẵng,16.071571,108.2093029
3441,12 D2 Thảo Nguyên Sài Gòn Q9 TP HCM,10.822452158000033,106.68819101800004
3442,Thuan an binh duong Bình Dương,10.9646425,106.6865635
3443,P. Tân Thuận TP HCM,10.7525163,106.7283777
3444,Phường Thủ Thiêm TP HCM,0.0,0.0
3445,long Biên Hà Nội,21.0232241,105.898496
3446,An Dương Vương Hà Nội,21.0862749,105.8145682
3447,phường Trấn Biên Đồng Nai,10.9507748,106.8221068
3448,16/11 Nguyễn Thị Thập Tân Phú Quận 7 TP HCM,10.737457603000053,106.72933305300006
3449,ho chi minh TP HCM,11.3759209,106.607924
3450,Văn hội xã thường tín hà nội,20.9000308,105.8479737
3451,Kđt Ecopark Hưng Yên,20.972272085000043,105.92848845700009
3452,quận 9 TP HCM,10.8441928,106.7791529
3453,tp Vung Tau Bà Rịa Vũng Tàu,10.4908509,107.1842843
3454,189 hoàng hoa thám Hà Nội,21.0463572,105.807238
3455,Quận Ô Môn Cần Thơ,10.1134935,105.6387682
3456,xã Sông Mã Sơn La,21.0899122,103.7362567
3457,12 ngõ 649 đường bát khối Long Biên Hà Nội,21.0087093,105.9071796
3458,ỉnh Ninh Bình,21.154618000000028,105.76701540000003
3459,Thị Xã Gò Công Tiền Giang,10.3650266,106.6748826
3460,Huyện Long Mỹ tỉnh Hậu Giang,0.0,0.0
3461,Trường chinh quận 12 TP HCM,10.8308138,106.6222679
3462,Phường Hồng Bàng Hải Phòng,20.868587,106.6518479
3463,Tp. Đà Lạt Lâm Đồng,11.9082632,108.4572089
3464,Hạnh Thông TP HCM,10.8202873,106.6832189
3465,phường 5 Thành Phố Tân An Long An,10.9578225,106.7374547
3466,19 Phan Văn Trị phường 1 Gò Vấp TP HCM,10.8262514,106.6892835
3467,Kdc Cát Tường Phú Sinh Long An,10.89545722300005,106.45630907800006
3468,tinh Khanh Hoa Khánh Hòa,11.4639176,109.1316501
3469,P. Tân Thuận Đông TP HCM,10.7584558,106.7318698
3470,179 Vo Nguyen Giap. Thao Dien. Quan 2. Tp Hcm,10.803238000000022,106.74757390000002
3471,Trường sa p1 bình thạnh TP HCM,11.0482009,106.6746645
3472,Thành phố Cần Thơ,10.0362046,105.7872656
3473,Số nhà 10/1 tổ 5 Phường Quang Vinh TP Thái Nguyên,21.563250311000047,105.82615694100008
3474,29/12/3 Hoàng Hoa Thám P Gia Định TP HCM,10.8060355,106.6905694
3475,Đ. Lê Trọng Tấn Hà Nội,20.9641529,105.7616362
3476,khu 4b Phú Thọ,10.7655216,106.6528715
3477,Thị xã bình long Bình Phước,10.4139061,107.2008507
3478,Khu Cổ Ngựa Hà Nội,20.9870941,105.7862066
3479,Sơn dương Tuyên Quang,21.6982755,105.3916841
3480,85/1 Chi Lăng Lâm Đồng,11.8498368,108.3276723
3481,xa Quang minh ha noi Hà Nội,21.1988786,105.7528702
3482,Vĩnh Tường Vĩnh Phúc,21.3134631,105.6050409
3483,Ninh Xá Thuận Thành Bắc Ninh,21.0157618,106.0944573
3484,Tỉnh Đồng Nai,11.0806241,107.1873919
3485,Liên hoà phú thọ,21.4149565,105.5124006
3486,Tổ 5 dương kinh Hải Phòng,20.794129846000036,106.67667107900007
3487,Dầu Tiếng Bình Dương,11.2845224,106.3820605
3488,Đường Quốc Lộ 45 Thanh Hóa,19.8282037,105.695296
