location,latitude,longitude
140 Nguyễn Văn Giáp Hà Nội,21.0115663,105.7613681
Quận 7 TP HCM,10.73785,106.729695
Đan Phượng Hà Nội,21.0895225,105.6650693
Cầu Giấy Hà Nội,21.0292159,105.8033629
Thanh Xuân Hà Nội,20.9983575,105.8042396
Q Tân Bình TP HCM,10.8030699,106.6522252
Trần Hưng Đạo Cầu Kho Quận 1 TP HCM,,
Mỹ Đình Hà Nội,21.0205027,105.7639271
Q. Phú Nhuận TP HCM,10.8010061,106.6797643
269 Phạm Văn Đồng Hà Nội,21.0654691,105.7849246
584 Lạc Long Quân Tây Hồ Hà Nội,21.0755548,105.8141427
quận Tân Phú TP HCM,10.7918681,106.6277515
quận 7 TP HCM,10.73785,106.729695
Quận 1 TP HCM,10.7753939,106.6996249
Long Biên Hà Nội,21.0232241,105.898496
Q.Gò Vấp TP HCM,10.8353538,106.6740337
Q. Long Biên Hà Nội,21.036727,105.898499
Quận Nam Từ Liêm Hà Nội,21.0185679,105.7576128
Q12 TP HCM,10.8613668,106.7055311
Quận 12 TP HCM,10.8612652,106.6642083
Thuận An Bình Dương,10.8994617,106.7353644
Gò Vấp (Sau lưng Coopmark) TP HCM,,
Midtown TP HCM,10.7252344,106.7289984
Thủ Đức TP HCM,10.8505674,106.7585291
Hà Nội,21.0283334,105.854041
Hcm TP HCM,11.1777617,106.4213176
Quận 6 TP HCM,10.7458901,106.6391994
Số 8 Phạm Hùng Hà Nội,21.0070675,105.7905501
Yên Hoà Hà Nội,21.0142565,105.7956255
Tây Hồ Hà Nội,21.0627805,105.8184637
Q. Bình Thạnh TP HCM,10.812271,106.7040393
Quận 2 TP HCM,10.7920766,106.7317466
Q. Tân Bình TP HCM,10.8030699,106.6522252
Quận Cầu Giấy Hà Nội,21.0298464,105.7913272
TP. Vũng Tàu Bà Rịa Vũng Tàu,10.4908509,107.1842843
Phạm Hùng Hà Nội,21.0240285,105.7784792
58 Phan Khiêm Ích TP HCM,10.733031,106.7080269
Quận Gò Vấp TP HCM,10.8353538,106.6740337
Bắc Từ Liêm Hà Nội,21.0461067,105.762101
Q. Thanh Xuân Hà Nội,20.994215,105.8193007
Linh Đàm Hà Nội,20.9674993,105.8365778
Hà Đông Hà Nội,20.9702189,105.7749565
TP.Thủ Dầu Một Bình Dương,11.0603116,106.6879506
thành phố hồ chí minh TP HCM,10.8073613,106.7565052
Dương Nội Hà Nội,20.9752796,105.7510178
Quận Cầu Giấy ( Cạnh Công Viên Yên Hoà ) Hà Nội,,
Dĩ An Bình Dương,10.8700455,106.7511285
217 phạm văn đồng Hà Nội,21.0596844,105.7830121
TP. Thủ Đức TP HCM,10.7923429,106.6789793
Vĩnh Yên Vĩnh Phúc,21.313699,105.5956577
463a Trần Hưng Đạo Quận 1 Tp Hcm,10.7563944,106.6852331
TP Bảo Lộc Lâm Đồng,11.5460816,107.8094962
Nam Từ Liêm Hà Nội,21.0067943,105.7864181
Gò Vấp TP HCM,10.8158694,106.6846752
Quận 5 TP HCM,10.7558252,106.6682845
TP Hải Dương,20.9330747,106.330626
TP Thủ Đức TP HCM,10.8510238,106.7548953
P. Yên Hòa Hà Nội,21.0142565,105.7956255
Q7 TP HCM,10.7223724,106.7421981
Quận Cầu Giấy( Cạnh Công Viên Yên Hoà ) Hà Nội,,
Phước Long Bình Phước,11.8253473,106.9940792
Đông Anh Hà Nội,21.1536239,105.8519612
Tân Hiệp Biên Hoà  Đồng Nai,10.6910515,107.0437867
tp.hcm TP HCM,10.7923429,106.6789793
Q Phú Nhuận TP HCM,10.8010061,106.6797643
Thủ đức TP HCM,10.8505674,106.7585291
TP. HCM TP HCM,10.8373657,106.6340088
Hải Dương,20.9602884,106.3604393
Tx kỳ anh ha tinh Hà  Tĩnh,18.0527966,106.3567324
Quận Tân Bình TP HCM,10.8030699,106.6522252
30 tam châu TP thủ đức TP HCM,10.8640509,106.7450606
Lô 2 Nguyễn Khánh Toàn Cầu Giấy Hà Nội,21.0380319,105.7953544
TP Hoa Lư Ninh Bình,20.2498255,105.9565342
269 phạm văn đồng Hà Nội,21.0654691,105.7849246
Q. Gò Vấp TP HCM,10.8353538,106.6740337
Đống Đa Hà Nội,21.0242596,105.8406959
Tphcm TP HCM,10.7592294,106.6562423
Đà Nẵng,16.068,108.212
933 Âu cơ phường Tân Sơn nhì TP HCM,10.7987219,106.6374728
Tổ 2 kp 4 phường an hoà tp biên hoà Đồng Nai,,
Tp Thủ Đức TP HCM,10.8510238,106.7548953
phường Bình Thới TP HCM,10.7629692,106.6423264
38 đường dc8 phường tây thạnh TP HCM,10.8060074,106.6089714
q12 TP HCM,10.8613668,106.7055311
phường Hải Châu Đà  Nẵng,16.0589539,108.2194844
Thủy Nguyên Hải Phòng,20.9179864,106.6748497
Q.7 TP HCM,10.73785,106.729695
Cầu Giấy (đằng sau chợ Nam Trung Yên) Hà Nội,,
Tân Bình TP HCM,10.7995218,106.6412817
Chung cư sơn kỳ TP HCM,10.808978,106.6079566
Phường Yên Hòa Hà Nội,21.0142565,105.7956255
quận Tân Bình TP HCM,10.8030699,106.6522252
quận Lê Chân Hải Phòng,20.8355627,106.6814858
an lạc TP HCM,10.7381994,106.6148874
kđt xuân phương Hà Nội,21.0318027,105.7565082
Hà ội Hà Nội,10.7852678,106.7011105
Hai Bà Trưng Hà Nội,21.0149457,105.8520631
Đồng Nai,10.9182878,106.8481538
Quảng Ninh,21.1718046,107.2012742
168 đinh điền. Tp hưng yên,,
68 Lê Văn Lương Hà Nội,21.0014988,105.7989816
Số 7 Trần Kim Xuyến Hà Nội,,
KĐT Sala TP HCM,,
645 Quốc lộ 13. Hiệp Bình Phước. Tp Thủ Đức TP HCM,,
76 võ liêm sơn p4 quận8 TP HCM,,
645 quốc lộ 13 TP HCM,10.8584448,106.7234351
126 Khuat Duy Tien Hà Nội,20.9968945,105.7993852
Láng Hà Nội,21.0063974,105.816087
Bình Chánh TP HCM,10.6638681,106.5703407
Phường Tây Thạnh TP HCM,10.8130355,106.6227282
Hà Nôi Hà Nội,21.0242596,105.8406959
Phường Nghĩa Đô Hà Nội,21.0432977,105.7943681
Quận Thủ Đức TP HCM,10.7797456,106.7574133
Tp Hcm,10.7737261,106.7166008
TP.Cần thơ,10.0362046,105.7872656
210 Võ Chí Công Hà Nội,21.0706109,105.8092269
Unknown,26.4925331,92.3308789
TP HCM,10.7737261,106.7166008
Quận Phú Nhuận TP HCM,10.8010061,106.6797643
Hoàng Mai Hà Nội,20.9741008,105.8621072
Phường Thanh Xuân Hà Nội,20.9983575,105.8042396
quận Thanh Xuân Hà Nội,20.994215,105.8193007
Quốc Tử Giám Hà Nội,21.0287903,105.8359533
Khu 8 thị trấn Đoan Hùng Phú Thọ,,
Tan Bình TP HCM,10.7995218,106.6412817
Quận Thanh Xuân Hà Nội,20.994215,105.8193007
TP Đà Nẵng,16.068,108.212
Long Biên (đối diện BigC Long Biên) Hà Nội,,
98 Nguyễn Chí Thanh Hà Nội,21.0269835,105.8119838
TP. HCM. TP HCM,10.7923429,106.6789793
TP.HCM TP HCM,10.7923429,106.6789793
Hồ Chí Minh TP HCM,11.2851081,106.5221778
Q.8 TP HCM,10.7211158,106.6292079
Q.12 TP HCM,10.8612652,106.6642083
HCM (Quận 7 cũ) TP HCM,,
Tp. Thủ Đức TP HCM,10.7923429,106.6789793
Quận Bắc Từ Liêm Hà Nội,21.0730119,105.7613958
HN Hà Nội,21.0242596,105.8406959
q. Tân Phú TP HCM,10.7918681,106.6277515
Q.Phú Nhuận TP HCM,10.8010061,106.6797643
Q. Bình Tân TP HCM,10.7703543,106.5995759
TP Vinh Nghệ An,18.7358406,105.6906101
Tp.HCM. TP HCM,10.7923429,106.6789793
Quận 07 TP HCM,10.7150392,106.7290241
Q. Tây Hồ Hà Nội,21.0682703,105.8239615
Gia Lâm Hà Nội,21.051718,105.8786414
Hà nội,21.0283334,105.854041
138 Phạm Văn Đồng Hà Nội,21.0622561,105.7841145
Q.Bình Tân TP HCM,10.7703543,106.5995759
Quận Hà Đông Hà Nội,20.9540708,105.7600855
Tân Mỹ TP HCM,10.7258082,106.7238126
Quận 7 TP HCM,10.73785,106.729695
Số 2 nghĩa tân kéo dài Hà Nội,,
Tp. Hcm TP HCM,10.8373657,106.6340088
long biên Hà Nội,21.0232241,105.898496
Tp Nha Trang Khánh Hòa,12.2084991,109.2871204
378 Phạm Văn Đồng Hà Nội,21.054262,105.7817064
Quốc lộ 1A Thôn Hoàng Thượng Phường Tam Thanh Tỉnh Lạng Sơn,,
Thanh Trì Hà Nội,20.9415559,105.8360164
Vinhomes OCP 1 Hà Nội,,
Q. Gò Vấp TP HCM,10.8353538,106.6740337
Bình Tân TP HCM,10.7936653,106.5897712
hà Nội,21.0283334,105.854041
TP. Hồ Chí Minh TP HCM,10.8073712,106.7564593
TP Việt Trì Phú Thọ,21.3323873,105.366022
147 Do Xuân Hợp phường tân lợi tp.bmt daklak Đăk Lăk,,
768 Nguyễn Xiển Hà Nội,20.97697,105.8110618
TP Hà Giang,22.8168007,104.9504515
Lô E Hạ Yên Quyết Hà Nội,,
Phạm Văn Bạch Hà Nội,21.0258881,105.7883704
16 Trúc Khê Hà Nội,21.0162368,105.8080328
KDT An Phú An Khánh phường An Khánh TP HCM,,
Phường Trấn Biên Đồng Nai,10.9507748,106.8221068
Quận Nam Từ Liêm Hà Nội,21.0185679,105.7576128
Thu Duc TP HCM,10.846403,106.7716657
Sơn Trà Đà  Nẵng,16.1021731,108.2485821
Số 9 Lê Văn Lương Hà Nội,21.0052566,105.8047593
Thanh Liệt Hà Nội,20.9703922,105.8024692
Quận 3 TP HCM,10.7788914,106.6869967
Việt Trì Phú Thọ,21.3178347,105.4386546
Tp Hải Phòng,20.8623278,106.6799266
Trưởng Vinh Nghệ An,18.6595616,105.6970309
37 hung vuong Hà Nội,21.0329689,105.8352666
33 đường số 19 f8 quận gò vấp TP HCM,,
Quận Hải Châu Đà Nẵng,16.062514,108.2204436
Quận 8 TP HCM,10.7211158,106.6292079
Quy nhơn Bình Định,13.9026491,109.0306749
Buôn Ma Thuột Đăk Lăk,12.6612624,108.0310213
Tân Phú TP HCM,10.7761892,106.6384144
7/92/66 Ngọc Lâm Hà Nội,21.0470548,105.880776
Q1 . Thành phố Hcm TP HCM,10.7733704,106.7063876
Hạ long quảng ninh,20.9488856,107.1035074
Q.10 TP.HCM TP HCM,10.7725282,106.6682021
Ba Đình Hà Nội,21.0395325,105.836423
Villa 7 Lô C1 khu đô thị Yên Hoà Hà Nội,,
Tây mỗ Nam Từ Liêm Hà Nội,21.0058017,105.7485162
thành phố Tây Ninh,11.3656049,106.1296188
tp thủ đức TP HCM,10.8510238,106.7548953
Tp Đà Nẵng Đà  Nẵng,16.071571,108.2093029
Bình Dương,11.1826156,106.6738179
158 trần phú phường 9 quận 5 TP HCM,,
Huyện Bình Chánh TP HCM,10.6950833,106.5909297
TP Vũng Tàu Bà Rịa Vũng Tàu,10.4908509,107.1842843
Lâm Đồng,11.6614957,108.1335279
Bình Tân. TP HCM,10.7936653,106.5897712
Phường Phú Mỹ TP HCM,10.6019767,107.0521099
Lotte quận 7 TP HCM,,
85 nguyễn thị xiếu. Phường tân thuận. TP HCM,10.7529557,106.7209951
160 nguyễn văn quỳ TP HCM,10.7402711,106.7403657
Ha Noi Hà Nội,21.0242596,105.8406959
P11 Times City Hà Nội,20.9938987,105.8680475
Vĩnh Yên Vĩnh Phúc,21.313699,105.5956577
82d phố 3 ấp phú lợi 3 xã phú hoà Đồng Nai,,
Võ Cường Bắc Ninh,21.1751704,106.0593983
Mễ Trì Hà Nội,21.0091306,105.7798218
Ocean park 1 Hà Nội,20.9942646,105.948475
hưng yên,20.6065846,106.2843471
Quỳnh Phụ Thái Bình,20.6426339,106.3334363
tphcm TP HCM,10.7592294,106.6562423
Lam Van Thanh P11 Da Lat Lâm Đồng,11.9394417,108.4929112
Hải An Hải Phòng,20.8247021,106.7215727
Royal city Hà Nội,21.0006496,105.8161446
Q.bình Tân TP HCM,10.7703543,106.5995759
Bà rịa vũng tàu,10.3471705,107.0763626
quận 2 TP HCM,10.7920766,106.7317466
Hồng Bàng Hải Phòng,20.868587,106.6518479
An Giang Đồng Tháp,10.3536573,106.3836371
2225 Phạm Thế Hiển P6 Quận 8 TP HCM,,
Q. Bình Tân TP HCM,10.7703543,106.5995759
Bình Phước,11.8000378,106.9151381
Đà Nẵng Đà  Nẵng,16.071571,108.2093029
Hải Phòng,20.8623278,106.6799266
Masteri Thảo Điền TP HCM,10.8026487,106.7423989
Ho chi Minh TP HCM,11.3759209,106.607924
Đà nẵng Đà  Nẵng,16.071571,108.2093029
Gamuda Gardens Hà Nội,,
469 Nguyễn Hữu Thọ TP HCM,10.74164,106.7017062
P. An Khánh TP HCM,10.7850885,106.7293654
Q2. TP HCM,10.7854062,106.7303062
88 Phạm Tu Hà Nội,20.9632851,105.7976965
p7 Quận Gò Vấp TP HCM,10.8303484,106.6843366
Tp HCM,10.7737261,106.7166008
Q. Hà Đông Hà Nội,20.9540708,105.7600855
huyện Tân Phú Đồng Nai,11.2784739,107.4680022
Tp Hòa Bình,20.884047,105.3694992
Tx. Thuận An Bình Dương,,
Sóc Sơn Hà Nội,21.2597163,105.8508041
Phố Hàm Nghi Hà Nội,21.0361341,105.7606805
Tiền Giang (Cách cầu Rạch Miễu 300m) Tiền Giang,,
Từ Liêm Hà Nội,21.0216051,105.766512
Chung cư Him Lam TP HCM,10.8189105,106.7620969
P Dĩ An tp HCM Bình Dương,10.8700455,106.7511285
Tp Buôn Ma Thuột Đăk Lăk,12.6612624,108.0310213
627 Duy Tân Kon Tum,14.3776343,108.0158681
Quận 1 phường bến nghé tp hcm,10.786448,106.7036312
47 Phạm Văn Đồng Hà Nội,21.0482897,105.7790869
Long biên Hà Nội,21.0232241,105.898496
Hiệp Bình TP HCM,10.8496138,106.7191368
huyện Gia Lâm Hà Nội,21.0222252,105.9382319
Hoài Đức Hà Nội,21.0228962,105.7035484
Ninh Bình,20.2572874,105.971931
Cầu Giấy (cạnh chợ Nam Trung Yên) Hà Nội,,
370 Cầu Giấy Hà Nội,21.0358991,105.7918052
Phúc Yên Phú Thọ,21.3149047,105.7321959
Thủ Dầu Một Bình Dương,11.0524088,106.6786935
Hà Nội ( cách bến xe yên nghĩa 100M) Hà Nội,,
tiêu động Hà Nam,21.0133282,105.8235742
bacgiang Bắc Giang,,
Bình Dương TP HCM,11.0603116,106.6879506
Đông Sơn Thanh Hóa,19.794252,105.7936788
Cầu Giấy (Gần công chợ Nam Trung Yên) Hà Nội,,
Bố Trạch Quảng Bình,17.8442841,106.44184
long khánh Đồng Nai,10.9394857,107.234507
Ngô Quyền Hải Phòng,20.8669098,106.7014839
phường Buôn Ma Thuột Đăk Lăk,12.6843232,108.0508288
102 Ngô Gia Tự TP HCM,10.7580989,106.6676926
Ngã ba xưa Hòa Bình,,
Quận Long Biên Hà Nội,21.036727,105.898499
68 Phạm Tu ( gần viện k3 tân triều ) Hà Nội,,
tỉnh Hưng Yên Thái Bình,20.4031348,106.5941615
Hưng Phú Cần Thơ,10.0193544,105.7822211
Đăk Lăk,12.8741856,108.7979302
Bến xe cũ thành phố Điện Biên Phủ Điện Biên,,
Nội Bài Hà Nội,21.2060775,105.782999
Tp Pleiku Gia Lai,13.9602456,108.015887
Phường Tứ Minh Hải Dương,20.9359109,106.3053196
TP Thuận An Bình Dương,10.9044531,106.700634
Tp hồ chí minh TP HCM,10.8073712,106.7564593
Hà Nội. Hà Nội,21.0242596,105.8406959
Thác bà yên bình yên bái,,
Hoàng mai Hà Nội,20.9741008,105.8621072
Cái Bè Tiền Giang,10.3391637,106.0390578
77m/4 kp18 phường Long Bình Đồng Nai,,
Thái  Nguyên Thái Nguyên,21.5954448,105.8386957
Phước Long B Quận 9 TP HCM,10.8392193,106.769575
Xuân phương Hà Nội,21.0515439,105.7341625
khánh hoà Khánh Hòa,12.2452078,109.1952894
tam bình thủ đức hồ chí minh TP HCM,10.8686181,106.7350611
Thái Nguyên,21.9610968,105.8440789
Hồng Hà Nội,21.0485646,105.8524216
Thanh Ba Phú Thọ,21.4507067,105.1662612
35/10a tân thới nhất quận 12 TP HCM,,
Quận 10 TP HCM,10.7725282,106.6682021
Thành phố Đà Nẵng Đà  Nẵng,16.071571,108.2093029
Thành Phố Long Khánh Đồng Nai,10.9394857,107.234507
Lĩnh nam hà nội,20.9764947,105.8962454
24 Đội cấn Hà Nội,21.0353649,105.8264199
Thanh Khê Đà  Nẵng,16.071571,108.2093029
Nguyễn Duy Trinh TP HCM,10.7884522,106.7716481
Thành phố hòa bình,20.884047,105.3694992
hcm TP HCM,11.1777617,106.4213176
H. Bình Chánh TP HCM,10.7104457,106.6429003
Phường Hạc Thành Tỉnh Thanh Hoá Thanh Hóa,19.8128131,105.7677621
1130 nguyen van cu loc phat Lâm Đồng,,
Thới Hòa Bến Cát Bình Dương,11.0575746,106.6915871
bình dương,11.1826156,106.6738179
Bình Định,14.1086959,109.1145897
số 5 vĩnh trinh vĩnh thạnh cần thơ,10.2907095,105.454769
An Khánh Cần Thơ,10.0448176,105.7554453
36 Hoàng Cầu Hà Nội,21.0187409,105.8240656
Hành Thong TP HCM,10.8202873,106.6832189
Ninh Hải Ninh Thuận,11.6643014,109.0427693
phú thọ Vĩnh Phúc,21.3647247,105.5836703
Buôn Ma Thuột Đăk Lăk,12.6612625,108.0310213
399 nguyễn xiển/hoàng mai/ hà nội,,
Sơn Lộc bố Trạch quảng. Bình Quảng Bình,,
Cái Răng Cần Thơ,10.0061865,105.7513421
Thụy Hùng Lạng Sơn,21.9144427,106.7235468
4/4 kp4 Bình Thuận quận 7 TP HCM,,
Thành phố Đông Hà Quảng Trị,16.802493,107.0953385
thủ đức TP HCM,10.8505674,106.7585291
Phường Dĩ An Bình Dương,10.8864292,106.8099731
ha noi Hà Nội,21.0242596,105.8406959
Nghệ An,19.1976001,105.060676
Đắk Nông Đăk Nông,14.7983368,107.6897784
Melosa Garden TP HCM,,
Phú Yên,13.1998999,109.2390033
Pleiku Gia Lai,13.9773432,108.0002025
Giang tiên phú lương thái nguyên,21.6725509,105.7392805
Thanh trì Hà Nội,20.9415559,105.8360164
phường Vĩnh Hưng Hà Nội,20.9911891,105.8828976
Tây Ninh,36.824463,101.440811
hà nội,21.0283334,105.854041
phường bình tân TP HCM,10.7936653,106.5897712
Đức Hòa Long An,10.8922179,106.3941425
Buôn hồ Đăk Lăk,12.8510379,108.2864454
Thị trấn Đông Anh Hà Nội,21.1352589,105.8618583
TP.Thủ Đức TP HCM,10.8510238,106.7548953
An Duong Vuong Hà Nội,21.0862749,105.8145682
Huyện Dầu Tiếng Bình Dương,11.2944887,106.3866135
Hiệp Phước TP HCM,11.3083828,106.4254215
247/109/2 lạc long quân TP HCM,,
35trưnờng Sa Đà  Nẵng,,
viêt đoan tiên du Bắc Ninh,21.1091615,105.9928656
Hưng Yên,20.6065846,106.2843471
phường Hiệp Bình Phước Thủ Đức TP HCM,10.861158,106.7234836
Đại linh nam từ liêm hà nội,,
tân phú TP HCM,10.7761892,106.6384144
Long An,23.1038568,107.6946613
Bản đúng Bắc Ninh,21.1920584,106.0605123
Ninh Thuận,11.4639176,109.1316501
Thị Trấn Trảng Bom Đồng Nai,,
Đồng Nai Đồng Nai,10.9182878,106.8481538
hn Hà Nội,21.0242596,105.8406959
Mang Yang Gia Lai,13.9558057,108.3160606
Đăk lăk,12.8741856,108.7979302
Chư Sê Gia Lai,13.6977109,108.095909
phường hoàng liệt Hà Nội,20.9619101,105.83654
117c/1 Khu phố 7 phường hố nai Đồng Nai,10.9646213,106.9108065
Vĩnh phúc,24.9835232,109.9783989
thị trấn huyện yên châu Sơn La,,
thanh hoa Thanh Hóa,19.8053115,105.752611
Đ Đồng Nai,12.2447599,109.1804765
Phường Từ Liêm Hà Nội,21.0216051,105.766512
Tp. Hải Dương,20.9330747,106.330626
Phường long mỹ Cần Thơ,9.6890907,105.6219219
9 Phạm Phú Thứ p11 quận Tân Bình. TP HCM,,
Huyện Cư Jút Đăk Lăk,,
Đăk Nông,12.2807367,107.742636
Mỹ Lộc Nam Định,20.4292188,106.0894496
thanh hoá Thanh Hóa,19.8053115,105.752611
Củ Chi TP HCM,10.9744159,106.4948968
Quận Hoàng Mai Hà Nội,20.975392,105.8573399
Vòng Xoay Cổng 11 Biên Hoà Đồng Nai,,
TP Hồ Chí Minh TP HCM,10.8073712,106.7564593
Gia Lai,14.0201373,108.6354524
Gia  Lai Gia Lai,13.9657486,108.0219734
Duy Xuyên Quảng Nam,15.8434221,108.2808133
Ngọc xuyên đồ sơn hải phòng,20.7228648,106.7811582
Kdc 9 Tdp Lã Điền P. Vị khê Tỉnh Ninh Bình,,
phường thới an TP HCM,10.8794994,106.6581461
Thành Phố Phan Thiết Bình Thuận,10.9271631,108.1106069
Tp tân an Long An,10.5389424,106.4045422
Hoàng Mai Hà Nội. Hà Nội,20.9741008,105.8621072
Đắk Lắk Đăk Lăk,12.4232112,108.1776243
xã Nhà Bè TP HCM,10.6953143,106.7148548
Hai Phòng Hải Phòng,20.856022,106.6875207
Phường Hòa Lợi TP HCM,11.0829246,106.6559116
Hồ chí minh TP HCM,11.2851081,106.5221778
Vĩnh Lộc Thanh Hóa,20.0408855,105.6489677
Phương Canh Nam Từ Liêm Hà Nội,21.0380687,105.7466523
Liên Bảo Vĩnh Yên Vĩnh Phúc,21.3220871,105.6031503
Phương Liệt Hà Nội,20.993676,105.8316123
500 Đoàn Văn Bơ P14 Q4 TP HCM,,
Trừ văn thổ huyện bàu bàng Tỉnh bình dương,,
Hoan Kiem Hà Nội,21.0323032,105.8506925
Chương Mỹ Hà Nội,20.9230945,105.7036533
Vĩnh thạnh trung An Giang,10.5860616,105.2300087
Gang Thép Thái Nguyên,21.5593472,105.8666097
Lục Ngạn Bắc Giang,21.3820872,106.587715
Hoà sơn hoà vang đà nẵng Đà  Nẵng,,
Phạm Văn Đồng Bình Dương,11.0609353,106.6710164
Kinh Môn Hải Dương,20.9947321,106.5474227
Nghi Xuân Hà  Tĩnh,18.6444942,105.7575311
Bến Cát Bình Dương,11.0524088,106.6786935
Đồng Xoài Bình Phước,11.4937299,106.8658745
Tân Tây Đô . Ô Diên . Hà Nội,21.0742666,105.7015293
Vĩnh Phúc,24.9835232,109.9783989
Sông công thái nguyên,21.4912425,105.8211848
75 Hà Công Kim Trà Huế Thừa Thiên Huế,16.4918547,107.5255309
Trảng Bom Đồng Nai,10.9531344,107.0041964
Bà Rịa Vũng Tàu,10.3471705,107.0763626
Yết kiêu hải dương,20.8556803,106.201087
đồng nai. Đồng Nai,10.9182878,106.8481538
Ngãi cầu an khánh hà nội,20.9589235,105.7392835
Thanh Hóa,19.9781573,105.4816107
482/28 Đường 30/4 Phường Hưng Lợi Q.Ninh Kiều Tp.Cần Thơ,,
thành phố nam định,20.4377742,106.1475588
Chơn Thành Bình Phước,11.4495739,106.6480715
Thông Tây Hội TP HCM,10.8424288,106.6569642
ấp ninh phước. xã ninh quới Bạc Liêu,,
Cổ loa Đông Anh Hà Nội,21.1332911,105.8734736
phuong Ha Giang 1 Hà Giang,22.8130873,104.9651742
Hạ Hòa Phú Thọ,21.5876055,104.9985143
Vinh Hưng Nghệ An,18.6945315,105.6688371
467 hùng vương chưpub gia lai,,
xã Trung Nguyên Phú Thọ,,
Phúc thọ hà nội,21.1096017,105.5395353
Hải phòng,20.8623278,106.6799266
Kim Sơn Ninh Bình,20.0239313,106.1037111
Tp Hải Phòng Hải Dương,20.9330747,106.330626
xã Pà Vầy Sủ Tuyên Quang,22.6626609,104.4269013
Nông cống Thanh Hóa,19.626195,105.6499863
Hoang mai ha noi Hà Nội,20.9741008,105.8621072
Kép1 hồng giang lục ngạn bắc giang,,
hát Môn Hà Nội,21.1284632,105.6166245
TP Buôn Ma Thuột Đăk Lăk,12.6612624,108.0310213
Q Tân Phú TP HCM,10.7918681,106.6277515
Q. Đống Đa Hà Nội,21.01451,105.8234093
Quận Tân Phú TP HCM,10.7918681,106.6277515
Q.Thanh Xuân Hà Nội,20.994215,105.8193007
Hà Nội (Cạnh bến xe Nước Ngầm) Hà Nội,,
Huyện Hoài Đức Hà Nội,21.0228962,105.7035484
Tp. Cẩm Phả Quảng Ninh,21.0106431,107.2705943
Hải Phòng. Hải Phòng,20.856022,106.6875207
Thành Phố Thủ Đức TP HCM,10.8510238,106.7548953
TP. Buôn Ma Thuột Đăk Lăk,12.6612624,108.0310213
Tp Hà Tĩnh,18.3728753,105.9358416
Phường Bàn Cờ TP HCM,10.7700325,106.6820112
Q. Nam Từ Liêm Hà Nội,21.0185679,105.7576128
Số 105 Láng Hạ Hà Nội,,
Nghĩa Đô Hà Nội,21.0432977,105.7943681
Phường Tăng Nhơn Phú TP HCM,10.8449268,106.7864288
Tp. Hồ chí minh TP HCM,10.8073712,106.7564593
Hà Nam,34.0000001,113.9999999
TP. Bà Rịa Vũng Tàu,10.4908509,107.1842843
Bắc Ninh,21.3282166,106.4625257
đắk Lắk Đăk Lăk,12.4232112,108.1776243
Cầu Giấy  Hà Nội,21.0292159,105.8033629
Hồng Hải Quảng Ninh,20.9478504,107.1048223
159 Điện Biên Phủ TP HCM,10.7960078,106.7030094
Đông Triều Quảng Ninh,21.0836552,106.5138115
Phường Tân Sơn Hòa TP HCM,10.7971454,106.6646052
Từ Liêm (Gần SVĐ Mỹ Đình) Hà Nội,,
Cầu Giấy (Sau big C Thăng Long) Hà Nội,,
Bắc Từ Liêm Hà Nội,21.0461067,105.762101
TP.Thái Nguyên,21.5874871,105.8015959
Phường Buôn Mê Thuột Đăk Lăk,12.6881928,108.0326586
86 Nguyễn Chánh Cầu Giấy Hà Nội,21.0201437,105.7857425
Xã Sơn Dương Tuyên Quang,21.6982755,105.3916841
Q.Tân Phú TP HCM,10.7918681,106.6277515
Quận Hồng Bàng Hải Phòng,20.9024256,106.6001039
Trung Thành Thái Nguyên,21.3655865,105.8750945
Tp Hà Nội,21.0283334,105.854041
Phường Kinh Môn Hải Dương,21.0004219,106.5401299
Yên Hòa Cầu Giấy Hà Nội,21.0300087,105.7980215
765 Nguyễn Xiển Hà Nội,20.97697,105.8110618
Q. Cầu Giấy Hà Nội,21.0298464,105.7913272
Ba la hà Đông Hà Nội,13.7614899,100.4782009
Hoàng Mai) Hà Nội,20.9741008,105.8621072
Cầu Giấy (đối diện 96 NKT) Hà Nội,,
tt Yên Thành Nghệ An,19.0077694,105.5337827
Sơn Dương Tuyên Quang,21.6982755,105.3916841
Đà Lạt Lâm Đồng,11.9082632,108.4572089
19 Lê Văn Lương (chân cầu vượt Lê Văn Lương) Hà Nội,,
Tp Hạ Long Quảng Ninh,20.9527405,107.1057622
Hòa Bình,20.7090533,105.2576439
Thành phố Pleiku Gia Lai,13.9602456,108.015887
Phường Chánh Hưng TP HCM,10.7450005,106.6758155
Việt Hưng Hà Nội,21.0637621,105.9058988
130 Nguyễn tất thành phường 13 Q4 Long An,,
thành phố Bến Cát Bình Dương,11.0524088,106.6786935
292 Độc lập Ql 51 Phường Phú Mỹ Tphcm TP HCM,10.6496092,107.0411951
Bến xe yên nghĩa ba la hà Đông Hà Nội,,
Kengnam _hn Hà Nội,,
TP Đà Lạt Lâm Đồng,11.9082632,108.4572089
hà nội. Hà Nội,21.0242596,105.8406959
H. Đức Trọng Lâm Đồng,,
hà đông Hà Nội,20.9702189,105.7749565
thành phố Hà Nội,21.0283334,105.854041
1B Nguyễn Văn Huyên Cầu Giấy  Hà Nội,21.03661,105.7970511
Cầu Giấy (sau Keang Nam) Hà Nội,,
TX Thuận Thành Bắc Ninh,21.0381566,106.0778751
Hóc Môn TP HCM,10.8860463,106.5927134
Tp Dĩ An TP HCM,10.9065559,106.7685029
Q.Long Biên Hà Nội,21.036727,105.898499
17 đường 10b kdc vĩnh lộc p. Bình tân TP HCM,,
Xã Vĩnh Lại Hải Phòng,20.7821555,106.3649503
huyện Thuỷ Nguyên Hải Phòng,20.9160303,106.6753677
Nguyen Du TP HCM,10.8812875,106.783501
TP. Bắc Ninh,21.1751704,106.0593983
69 Nguyễn Chánh Hà Nội,20.9653389,105.8240128
Xuân Phương Hà Nội,21.0515439,105.7341625
Hoài Đức (gần Công viên Thiên Đường Bảo Sơn) Hà Nội,,
Cầu Giấy Hà Nội,21.0292159,105.8033629
Thị trấn Đoan Hùng Phú Thọ,,
Phường Hàm Rồng Thanh Hóa,19.8389439,105.7860937
Thuỷ Nguyên Hải Phòng,20.9179864,106.6748497
Tỉnh Đăk Lăk,12.8741856,108.7979302
huyện Thanh Trì Hà Nội,20.9415559,105.8360164
Quận Kiến An Hải Phòng,20.8059869,106.6320997
11 Nguyễn Quốc Trị Hà Nội,21.013874,105.7882518
Phường Thượng Thanh Hà Nội,21.064632,105.8829297
Huyện Lâm Thao Phú Thọ,21.3265218,105.2894504
Thành phố Thuận An Bình Dương,10.9460202,106.7089727
Văn Giang Hưng Yên,20.9293208,105.9326937
Tp.hcm TP HCM,10.7923429,106.6789793
TpHCM TP HCM,10.7592294,106.6562423
TP. Pleiku Gia Lai,13.9602456,108.015887
TP Quy Nhơn Bình Định,13.7701048,109.2324201
P. Hòa Xuân Đà  Nẵng,16.0049492,108.2204494
Hà đông Hà Nội,20.9702189,105.7749565
Phường Yên Sở Hà Nội,20.9638518,105.8658241
395 Nguyễn Xiển ( Đối diện trụ T142 ) Hà Nội,,
Bắc Tân Uyên Bình Dương,11.0458979,106.6749422
Số 390 Nguyễn Hữu Thọ Đà Nẵng,16.0435964,108.2099534
Q Bình Thủy Cần Thơ,10.0605676,105.721033
Đức Trọng (Gần cổng sân bay liên Khương) Lâm Đồng,,
Quận Cẩm Lệ Đà Nẵng,16.016946,108.2033469
Thường Tín Hà Nội,20.8719979,105.86414
Sơn Tây Hà Nội,21.1391687,105.5045108
Yên Thành Nghệ An,19.0205344,105.4145724
84 tổ 7 Đông Anh Hà Nội,21.0908069,105.8666636
Di Linh Lâm Đồng,11.5816524,108.076328
Xã Hạ Hoà Phú Thọ,21.5829602,105.0326344
Cấu Giấy Hà Nội,21.0292159,105.8033629
Q8 TP HCM,10.7342222,106.6543259
01 Trần Quý Kiên TP HCM,10.777397,106.7467126
314 Lũy Bán Bích Hòa Thạnh Tân Phú TP HCM,10.7935911,106.6378683
Thành Phố Bắc Ninh,21.1751704,106.0593983
Mỹ đình Hà Nội,21.0205027,105.7639271
379 Phạm Văn Đồng Hà Nội,21.054262,105.7817064
Hương Canh Vĩnh Phúc,21.2939294,105.629697
Khối 22 phường Vinh Phú Nghệ an (Đường 72m Đại lộ Vinh Cửa Lò) Nghệ An,,
Biên Hòa Đồng Nai,10.9507929,106.8263284
TP Vĩnh Yên Vĩnh Phúc,21.3064256,105.5985972
Tu son bac ninh Bắc Ninh,21.1159424,105.9559119
Số nhà 23 Tằng Mỹ xã Phúc Thịnh Tp Hà Nội,,
bắc từ liêm Hà Nội,21.0461067,105.762101
Lâm Hà Lâm Đồng,11.8606211,108.2842467
cantho Cần Thơ,10.0433764,105.7864891
Phú thọ Thủ dầu một Bình Dương,11.061663,106.7040339
Trường Chinh Hà Nội,21.0447918,105.7883504
Cần Thơ,10.0362046,105.7872656
Q Gò Vấp TP HCM,10.8353538,106.6740337
bình thạnh TP HCM,10.8111809,106.7033938
Thạch Thất Hà Nội,21.0666388,105.5617779
8 Ngô Gia Tự Long Biên Hà Nội,21.0699651,105.9041394
TP. Hà Nội,21.0283334,105.854041
2 Bùi Quang Là P12 Gò Vấp Tphcm TP HCM,,
317 Phạm Văn Đồng Hà Nội,21.0712211,105.7857795
Nguyễn Luơng Bằng Hải Phòng,20.8247793,106.2244125
247 phạm văn đồng huế Thừa Thiên Huế,16.4882214,107.6026244
Hà Tĩnh Hà  Tĩnh,18.3728753,105.9358416
153 hồ nghinh Đà  Nẵng,15.5829723,108.4752931
Gò vấp TP HCM,10.8158694,106.6846752
88 nguyễn xiển Hà Nội,20.9897426,105.8041897
Vinhome Smart City Hà Nội,21.0062273,105.7348309
125 Nguyễn Sơn Hà Nội,21.0474844,105.8780572
BTL Hà Nội,21.1530538,105.7792893
Phạm Văn Đồng Hà Nội,21.0654691,105.7849246
89 phú lương hà đông hà nội,,
Phú Lương Thái Nguyên,21.7695907,105.7142948
Hoàn Kiếm Hà Nội,21.0323032,105.8506925
Hoằng Hóa Thanh Hóa,19.8657793,105.8581963
quận Bình Tân TP HCM,10.7703543,106.5995759
Mê Linh Hà Nội,21.1568599,105.7333502
160 Nguyễn Văn Cừ Hà Nội,21.0408965,105.8714796
vinh loc thanh hoa Thanh Hóa,20.0408855,105.6489677
Hà nam,34.0000001,113.9999999
308 Đ. Nguyễn Duy Trinh TP HCM,10.7908016,106.7878087
530 Kinh Dương Vương TP HCM,10.7500717,106.6291614
15 Lê Quang Định Bà Rịa Vũng Tàu,,
KĐT Vân Canh Hà Nội,21.0280464,105.7389055
quận 2 Tp Hcm,10.7920766,106.7317466
phường Yên Hòa Hà Nội,21.0142565,105.7956255
Công Viên Cầu Giấy Hà Nội,21.0281011,105.7908655
Ninh gia Lâm Đồng,21.084107,105.9411959
Nha Trang Khánh Hòa,12.2084991,109.2871204
Quan 12 TP HCM,10.8612652,106.6642083
quận 12 TP HCM,10.8612652,106.6642083
tien hoi dong anh ha noi Hà Nội,21.0955054,105.864853
278 Hoà Bình TP HCM,10.769777,106.6443804
Hoa lư Ninh Bình,20.2421142,105.9746207
Lagi bình thuận,10.6885819,107.7568446
Kinh Môn Hải Phòng,20.9879641,106.5555019
Tỉnh Nghệ An,19.1976001,105.060676
38/10 Mậu Thân Ninh Kiều Cần Thơ,10.03087,105.7755229
Hòa Thành Tây Ninh,11.2578497,106.1501484
Thuận An Bình Dương,10.7797687,106.6990427
p11 Tp Đà Lạt Lâm Đồng,,
Tăng Nhơn Phú TP HCM,10.8449268,106.7864288
202 Lý Long Tường. PMH. Q7 TP HCM,,
Khu đô thị Dương Nội Hà Nội,20.980519,105.756132
3/4 Phú Quới Vĩnh Long,10.1723033,105.9373544
Phường An Phú Đông TP HCM,10.8609713,106.6917863
Quảng ninh,21.1718046,107.2012742
Số 2nguyễn thái bình cần giuộc long an,,
Xã Bình Chánh .TPHCM TP HCM,10.6638681,106.5703407
Nguyễn Chánh Cầu Giấy Hà Nội,21.0201437,105.7857425
Mỹ đình HN Hà Nội,21.0205027,105.7639271
Trung Oai xã Phúc Thịnh ( Cầu Nhật Tân) Hà Nội,,
Thanh liêm hà nam,20.5445676,105.9339242
Định Công Hà Nội,20.9778077,105.8243824
Tp. Hồ Chí Minh TP HCM,10.8073712,106.7564593
tỉnh lâm đồng Bình Thuận,10.9685906,108.0032715
1538 phạm thế hiển phường sáu quận tám TP HCM,,
160 đường Tl27 Phường An Phú Đông TP HCM,10.8471396,106.6903124
Phường vũ phúc Hưng Yên,20.4154512,106.3061013
Xã An Lão Hải Phòng,20.8218683,106.5560419
Đăk Hà Kon Tum,14.4254709,107.9698706
tp HCM,10.7737261,106.7166008
Kiến An Hải Phòng,20.8078776,106.6249332
Gia lai,14.0201373,108.6354524
Phuong Dien Hong  Gia Lai,13.97251,107.9961527
Thành phố Hà Nội,21.0283334,105.854041
Bình Chánh TP HCM,10.6638681,106.5703407
Thanh xuân Hà Nội,20.9983575,105.8042396
Ngo quyen Vĩnh Phúc,21.3081676,105.5974091
16 ngõ 38 yên lãng Hà Nội,21.0325154,105.7952949
An khánh hoài đức hà nội,21.0190367,105.7114495
183 Tran Phu Bà Rịa Vũng Tàu,10.3869289,107.0625009
102 Nguyễn Phong Sắc Đà  Nẵng,15.5660179,108.4715168
39 ngõ 218 phố tây Sơn Hà Nội,21.0087836,105.8235907
115/29 Nguyên Hồng p6 q. Gò Vấp TP HCM,,
P.tương Mai Hà Nội,20.9899766,105.8528436
767/30/ Nguyen Duy Trinh Street TP HCM,10.5931663,107.0701844
Quận Bình Tân TP HCM,10.7703543,106.5995759
phường tân ninh Tây Ninh,11.3136555,106.0966969
thị trấn Long Thành Đồng Nai,10.7811603,106.9516359
Tố Hữu Vạn Phúc Hà Nội,20.9843598,105.7732219
Long Xuyên An Giang,10.3931141,105.4161709
Hoà khánh Đà  Nẵng,16.0502691,108.1546403
Đồng Phú Bình Phước,11.3931747,106.812476
Quảng Nam,24.0479436,105.0519035
42q/1 đường 40 Hiệp Bình Tp Thủ Đức TP HCM,,
Xã liên châu Vĩnh Phúc,,
Hoàng Liệt Hà Nội,20.9613222,105.827299
phuong Liet Hà Nội,20.993676,105.8316123
Gara ô tô Đức Dũng 48 La Dương Hà Đông Hn Hà Nội,,
lôc an Lâm Đồng,11.547785,107.8090566
Krong Năng Đăk Lăk,13.0013812,108.3851153
157 đường 3 tháng 2 Đà  Nẵng,16.0829106,108.2219684
quế võ bắc ninh,21.1452549,106.1995692
đà nẵng,16.068,108.212
quận thủ đức TP HCM,10.7797456,106.7574133
Tổ 4 phường sông hiến Tp Cao bằng,,
Thường tín hà nội,20.8719979,105.86414
q.tân Phú. tphcm TP HCM,10.7918681,106.6277515
Phường Phú Thuỷ Bình Thuận,10.9409021,108.1231314
Tân Bình Hồ Chí Minh Vn TP HCM,10.7995218,106.6412817
ba gò nghĩa phương lục nam bắc giang,,
TP. Rạch Giá Kiên Giang,10.0382245,105.0793489
P. Linh Xuân TP HCM,10.8727102,106.7649932
Phường Long Biên Hà Nội,21.0232241,105.898496
Sơn Động Bắc Giang,21.1131006,105.9908519
Phường Ngọc Thụy Hà Nội,21.0615667,105.8597228
xa Chợ Rã tỉnh Thái Nguyên,22.4513398,105.722979
Brvt Bà Rịa Vũng Tàu,10.4892619,107.1833568
hạ long Quảng Ninh,20.9488856,107.1035074
e12/3 ấp tân thới 3 tân hiệp hóc môn TP HCM,,
Cẩm Lệ Đà  Nẵng,16.0153046,108.2013088
Vihome smartcity Hà Nội,,
tp Thủ Đức TP HCM,10.8510238,106.7548953
quochuy3012@gmail.com TP HCM,,
46 Huỳnh tấn phát Bình Định,,
105 Láng Hạ Hà Nội,21.0128974,105.8127487
Lộc Hạ Nam Định,10.8690062,106.6828773
124 trần huy liệu Nam Định,20.4205441,106.1639271
Gò vấp  TP HCM,10.8158694,106.6846752
nam từ liêm Hà Nội,21.0067943,105.7864181
Võ Nguyên Giáp . Quảng Thàng . TP Thanh Hoá Thanh Hóa,,
89 Bui Huy Bich Hà Nội,20.9687444,105.8449472
p thanh loc q12 TP HCM,,
hải Phòng,20.8623278,106.6799266
The Manor Central Park – Nguyễn Xiển – Thanh Xuân Hà Nội,,
Tuyên Quang,22.3382057,105.0715846
61 Lâm Văn Bền TP HCM,10.741412,106.7158868
Tp Hcn TP HCM,,
hải dương,20.9602884,106.3604393
Sn 31 tổ 8 p trần Hưng đạo tp thái bình,,
170 dương quang hàm p5 gò vấp TP HCM,,
Tecco Thanh Trì Hà Nội,20.9320536,105.8502746
Tp vung tqu Bà Rịa Vũng Tàu,,
Vĩnh tuy Hai Bà Trưng Hà Nội,20.9995417,105.8737136
Củ chi TP HCM,10.9744159,106.4948968
Phường Bình Tân TP HCM,10.7936653,106.5897712
thành phố Hồ Chí Minh TP HCM,10.8073613,106.7565052
Cr Cần Thơ,10.0362046,105.7872656
Vĩnh tuy Hà Nội,20.9982944,105.8677016
Phúc Lợi Hà Nội,21.0409262,105.918549
150 Nguyễn Văn giáp nam từ liêm hà nội,,
cẩm lệ Đà Nẵng Đà  Nẵng,16.0153046,108.2013088
189 Đông Khê Hải Phòng,20.8531212,106.7015473
22/3a Kp64 Đường Số 25 P. Hiệp Bình Thủ Đức TP HCM,,
35 ao đôi p bình trị đông bình tân TP HCM,,
Cầu giấy hà nội,21.0292159,105.8033629
an phú đông TP HCM,10.8609713,106.6917863
Vũng Tàu) Bà Rịa Vũng Tàu,10.3505359,107.0715014
Phường Bình Dương TP HCM,11.0603116,106.6879506
Tổ 1 phường Đông Gia Nghĩa tỉnh Lâm Đồng Đăk Nông,12.0057265,107.6872513
Tp đồng xoài bình phuoc Bình Phước,11.5287323,106.8752552
Đại học Công Nghiệp Hà Nội,21.0542531,105.735039
Tiền Hải Thái Bình,20.4336385,106.5831986
Q2 TP HCM,10.7854062,106.7303062
366 tôn đản tp đà nẵng Đà  Nẵng,16.0425306,108.1842623
lô 94.01 Hải Dương,18.7757584,105.7444115
Đắk lắk Đăk Lăk,12.4232112,108.1776243
Khánh Hòa,12.2980751,108.9950386
885 Tam Trinh Hà Nội,20.982072,105.8349689
Tp Thái Nguyên,21.5874871,105.8015959
Tp Yên Bái,21.721899,104.8935896
68 phạm tu thanh trì Hn Hà Nội,21.014173,105.784808
106 đường 25 phường An Lạc TP HCM,10.7551639,106.6131866
Q. Tân Phú TP HCM,10.7918681,106.6277515
Hà Trung Thanh Hóa,20.0551795,105.811306
Tp Quy Nhơn Bình Định,13.7701048,109.2324201
161f Dạ Nam phường Chánh Hưng TP HCM,10.7488355,106.6851
Hà Tĩnh,18.3504832,105.7623047
Quy Nhơn Bình Định,13.9026491,109.0306749
Hải Dương Hải Dương,20.9473251,106.3300268
quảng ninh,21.1718046,107.2012742
Uông Bí Quảng Ninh,21.0357403,106.7647796
6 duong dinh nghe Hà Nội,21.0226419,105.7884573
Ha Dong Hà Nội,20.9702189,105.7749565
Yên Bái Lào Cai,21.8091042,104.5182832
lâm đồng,11.6614957,108.1335279
11 đường số 2 Cần Thơ,10.1082195,105.6210331
Viet Tri Phú Thọ,21.3323873,105.366022
Vũng Tàu Bà Rịa Vũng Tàu,10.3505359,107.0715014
O6 là kp4 phường thuận an Bình Dương,,
68 Nguyễn Thượng Hiền P1 Gò Vấp TP HCM,,
757 Hung Vuong Street Lâm Đồng,,
Phan Đăng Lưu TP HCM,10.8032865,106.691653
thu duc hcm TP HCM,10.846403,106.7716657
P1. Bảo lộc Lâm Đồng,11.5492101,107.8085831
Lạc Long Quân Hà Nội,21.4833326,108.029737
Số nhà 16 ngõ 84 đường Vĩnh Kỳ Xã Ô Diên Hà Nội,,
Xã Tân Phú Trung TP HCM,,
tp Sơn La,21.3428865,103.9228175
Hoà Xuân Đà  Nẵng,16.0049492,108.2204494
Quận bình thạnh tphcm TP HCM,10.812271,106.7040393
Tdp Phố Kép Phường Chũ Tỉnh Bắc Ninh,,
68 Nguyễn Ảnh Thủ TP HCM,10.8398085,106.5978257
26 Phạm Văn Đồng Hà Nội,21.042421,105.7816409
Long biên hà nội,21.0232241,105.898496
67 Mai Chí Thọ TP HCM,10.7983998,106.7517801
Long Biên  Hà Nội,21.0232241,105.898496
177 Lê trọng tấn. P an khê Đà  Nẵng,16.037318,108.1729581
Trần Phú Bà Rịa Vũng Tàu,10.3869289,107.0625009
275/16 Kênh Tân Hóa phường Tân Phú Tphcm TP HCM,10.7771948,106.6385065
TP Bà Rịa Vũng Tàu,10.4908509,107.1842843
Hn Hà Nội,21.0242596,105.8406959
Ngõ 83 ngọc hồi Hà Nội,20.9576184,105.844219
97 Ngô Gia Khảm phường Hội Phú Gia Lai,13.9672914,108.0110296
đồng nai,10.9182878,106.8481538
bà rịa vũng tàu TP HCM,10.3471705,107.0763626
thanh xuân Hà Nội,20.9983575,105.8042396
Liên Chiểu Đà  Nẵng,16.0767069,108.1392444
Phúc yên Phú Thọ,21.3149047,105.7321959
TP Hà Nội,21.0283334,105.854041
Tp Hải Dương,20.9330747,106.330626
xã kim bôi Phú Thọ,20.6605115,105.5268573
Hoàng Công Kiến Hưng Hà Đông Hà Nội,,
Nguyễn Xiển Khánh Hòa,12.3045788,109.1715767
68 Đinh Núp Yên Hòa Cầu Giấy Hà Nội,,
An phú thuận an TP HCM,10.9578225,106.7374547
Đồng Hới Quảng Bình,17.4689738,106.5998415
547quoclo20 Lâm Đồng,,
tphc TP HCM,,
131 Thái Thịnh Đống Đa Hà Nội,21.0138238,105.8149293
14 Lê Văn Khương TP HCM,10.8952626,106.6467329
Q Bình Thạnh TP HCM,10.812271,106.7040393
Long biên hn Hà Nội,21.0189583,105.9202629
Thành phố chí linh Hải Dương,21.1086948,106.3853107
1 Đs 3 Kdc Bình Hưng Ấp 5 Xã Bình Hưng Tphcm TP HCM,,
Xóm 1 xã Khánh Nhạc huyện Yên Khánh Ninh Bình,,
Đông anh Hà Nội,21.1536239,105.8519612
Bắc Giang,21.3740092,106.4663176
So đường 15 linh uẩn TP HCM,,
Nguyễn xiển hà nội,20.9879666,105.806151
111 nguyễn sinh sắc Kon Tum,14.3597233,107.9952275
Big C Thăng Long Hà Nội,21.0155361,105.7781996
Nam Định,19.9952624,106.485807
F16 đường c3 tân thới nhất q12 TP HCM,,
Long bien Hà nội,21.0399392,105.8499991
Tân Phong Quận 7 TP HCM,10.7363797,106.7120685
Tổ 12 khu 3 phường Hồng Gai Quảng Ninh,20.9452158,107.1235254
Thành phố Bắc Ninh,21.1751704,106.0593983
Daklak Đăk Lăk,12.4232112,108.1776243
Ấp thành công xã Phước An Đồng Nai,10.8138911,106.9203661
Nhổn hà nội,21.0525913,105.7352317
Hà  Nội Hà Nội,21.0242596,105.8406959
Quang Trung Hà  Tĩnh,18.3772926,105.8935597
204/41c1 ngô tât tô TP HCM,,
23 thi sách Lâm Đồng,11.5257729,107.7198009
Số 124 đường dx025 phú mỹ thủ dầu một Bình Dương,,
38 bông lau Lạng Sơn,21.8697112,106.7584901
Liễu Ngạn Bắc Giang,,
Phường Hạnh Thông TP HCM,10.8202873,106.6832189
Long Bien Ha Noi Hà Nội,21.0399392,105.8499991
Tan Uyen Bình Dương,11.0603116,106.6879506
tân khánh tp hcm Bình Dương,10.9994789,106.7202278
P hải châu Đà  Nẵng,16.0589539,108.2194844
51 cầu xây phường tân phú TP HCM,,
Số 6 Lê Nguyên Đạt kp29 Long Bình Đồng Nai,,
9 Hoàng Minh Giám TP HCM,10.8085766,106.674305
Tỉnh điện biên,21.6546566,103.2168632
35 nui thanh Đà  Nẵng,15.4342062,108.655926
Quan 7 TP HCM,10.73785,106.729695
phường lào cai,22.5003944,103.96562
Tân hình TP HCM,11.0582479,106.6822412
Phú Thọ,21.3007538,105.1349604
An Hội Tây TP HCM,10.8421489,106.6386769
Q. 10 TP HCM,10.7725282,106.6682021
277/50 Bến Vân Đồn TP HCM,10.75831,106.6935597
77 vũ đức thận long biên hà nội,,
hanoi Hà Nội,21.0242596,105.8406959
Thôn mạn đê x. Nam trung H. Nam sách Tp. Hải dương,,
Đường phạm tu thuộc tdp cầu tiến Thái Nguyên,,
Phường Quang Vinh thành phố thái nguyên,,
Đội Cấn Hà Nội,21.0387786,105.8215668
Số 2 mễ trì hạ từ liêm hà nội,21.0116781,105.7802722
nguyễn du Hà Nội,21.0164548,105.8495407
245 Bình Lợi Trung Bình Thạnh TP HCM,10.833398,106.7034724
xã hợp minh Nghệ An,18.9298438,105.4896636
tp Hạ Long Quảng Ninh,20.9527405,107.1057622
Yên Sở Hà Nội,20.9564677,105.8571758
26/63 Lê Thái Tổ Ninh Bình,20.2582975,105.9641807
Thôn 16 Pongdrang đak lak Đăk Lăk,,
60 Đường Số 11 TP HCM,10.8367978,106.7516905
149 trần phú p thành công bmt daklak Đăk Lăk,,
Láng Hạ Hà Nội,21.0139878,105.8085138
tòa nhà Han Jardin Hà Nội,,
Hiệp Bình Chánh TP HCM,10.8307825,106.712587
Thành Phố Hồ Chí Minh TP HCM,10.8073613,106.7565052
Tp Phan Thiết Bình Thuận,10.9271631,108.1106069
Tân phú hcm TP HCM,10.7761892,106.6384144
793 QL13 P.Hiệp Bình Phước Tp Thủ Đức TP HCM,,
72/41 võ thị sau p vung tau TP HCM,10.3333023,107.0855714
Phường Bồ Đề Hà Nội,21.0573506,105.8662488
408 hồ tùng mậu Hà Nội,21.0408358,105.765646
Thành phố Hồ Chí Minh TP HCM,10.8073613,106.7565052
Kdt mới Cầu Giấy Hà Nội,,
Đăk Nông Đăk Lăk,12.6904214,108.0592601
tỉnh Phú Thọ Hòa Bình,20.7090533,105.2576439
Xuân Đỉnh Hà Nội,21.0671949,105.7959044
Ngọc lặc Thanh Hóa,20.068114,105.3881168
Dương Hoà Hà Nội,21.0707091,105.8280773
tt krong năng Đăk Lăk,12.9494681,108.3380638
cầu giấy Hà Nội,21.0292159,105.8033629
Đồng Xoài Đồng Nai,11.5191585,106.8456998
Tp ninh bình,20.2718862,105.9650163
Yên Bái,21.8091042,104.5182832
Đức Cơ Gia Lai,13.7706812,107.6589856
Qui Nhơn Bình Định,13.7731162,109.2217008
Châu Đức Bà Rịa Vũng Tàu,10.6621029,107.2428985
Tây mỗ Hà Nội,21.0004862,105.7484798
48 đường bưởi Hà Nội,21.0403186,105.8068427
Tỉnh Bắc Ninh Bắc Giang,21.3740092,106.4663176
188 Phố Huế Hà Nội,21.0143095,105.8516059
hóc môn TP HCM,10.8860463,106.5927134
thành phố Hoà Bình Hòa Bình,24.4723735,114.9310404
Hiệp Bình Phước thủ đức TPHCM TP HCM,10.8396799,106.7092951
Phường Vũng Tàu TP HCM,10.3537998,107.0743549
532 ql13 hiệp bình chánh thủ đức TP HCM,,
phường An Khánh. tp.hcm TP HCM,10.7850885,106.7293654
973 Âu Cơ TP HCM,10.7913762,106.6397357
26 đường lê văn thịnh TP HCM,10.7770168,106.769357
Tây Ninh TP HCM,11.1731916,106.4187843
phổ yên Thái Nguyên,21.4517905,105.7568528
642a quốc lộ 13 hiệp bình phước thủ đức TP HCM,,
gia Lâm Hà Nội,21.051718,105.8786414
Hm Hà Nội,20.967799,105.8475695
Tan van Đồng Nai,10.9090601,106.8344173
75 Đinh Tiên Hoàng Hà Nội,21.0264408,105.8536486
Vinhome smartcity hà nội,,
xã bạch hà Nghệ An,18.847217,105.4292316
132 Cổ Linh Long Biên Hà Nội,21.0244895,105.9022611
gia sàng Thái Nguyên,21.5790298,105.8502201
Tân Hưng TP HCM,10.739937,106.7034261
Kim Bôi Hòa Bình,,
Xã di linh Lâm Đồng,11.5473964,108.0341361
hải phòng,20.8623278,106.6799266
Hà đông hà nội,20.9702189,105.7749565
Đống đa Hà Nội,21.0242596,105.8406959
Thái nguyên,21.9610968,105.8440789
Nam hồng nam trực nam định,20.3461505,106.1634588
Binh Duong Bình Dương,14.2930359,109.0885885
Lạng giang Bắc Giang,21.2918816,106.2346575
65/5 Ql1a Phường Tân Thới Nhất q12 Hcm TP HCM,,
Bảo Lộc Cao Bằng,22.1920247,113.5357442
29a Đặng Phúc Vịnh Hóc Môn TP HCM,,
Phường Bình Phướ Đồng Nai,,
An Lão Hải Phòng,20.8218683,106.5560419
tinh thanh hoa Thanh Hóa,19.8053115,105.752611
Uông bí Quảng Ninh,21.0357403,106.7647796
68 lê duẫn lộc thắng bảo lâm Đồng,11.626475,107.8363426
Tp hoa lư tỉnh binh bình Ninh Bình,20.2498255,105.9565342
Km6 thi trân kim long tam duong Vĩnh Phúc,,
Tp nam định,20.4377742,106.1475588
252/6 Lê Văn Sỹ TP HCM,10.7868203,106.6796135
315 Dinh Bo Linh 26 Ward  Binh Thanh Dist Ho chi Minh City TP HCM,,
Ocean Park Hà Nội,20.9912701,105.9417216
số 2 ngõ 40 phố Nghĩa Đô Hà Nội,21.050281,105.7959555
Vinhome Quận 9 TP HCM,,
Thành phố Nam định,20.4377742,106.1475588
Quế Võ Bắc Ninh,21.1452549,106.1995692
Ngã 3 An Trạch Sóc Trăng,,
TP Hồ Chí Minh Hà Nội,10.8627872,106.6109248
Thượng 2 Sơn động Bắc ninh,21.3329584,106.8511721
Tp thai bình Thái Bình,20.4528848,106.340023
uông bí quảng ninh,21.0357403,106.7647796
Phúc thọ Hà Nội,21.1096017,105.5395353
Yên Đỗ Gia Lai,13.9810052,107.9906398
Thanh Hoá Thanh Hóa,19.8053115,105.752611
Lữ Gia Q. 11 TP HCM,10.7704366,106.6578822
tỉnh Hà Tĩnh Hà  Tĩnh,18.3728753,105.9358416
Ô Diên Hà Nội,21.09337,105.6980589
BMT Đăk Lăk,12.6462782,108.0159906
tỉnh Hưng Yên Hà Nội,20.9329913,105.9914078
Thôn 13 xã lục yên Lào Cai,,
Tp. Hồ Chí Mịn TP HCM,10.8797358,106.8061911
Xã Phú Lộc huyện Nho Quan tỉnh Ninh Bình,,
hồ chí minh TP HCM,11.2851081,106.5221778
51/2 tl48 phường thạnh lộc TP HCM,10.7845975,106.6814451
Ninh Kiều Cần Thơ,10.0349558,105.7721694
Linh Tây TP HCM,10.884792,106.6991007
289 Lương Thế Vinh Hà Nội,20.996008,105.7887581
phố Thái Bình Hải Phòng,20.9352263,106.3151893
339/41 Lê Văn Sỹ P13 Q3 TP HCM,,
tổ 2 khu 9 Quảng Ninh,21.5443077,108.0094457
333 cầu giấy Hà Nội,21.0286704,105.7866045
HCM TP HCM,11.1777617,106.4213176
Khu 5 tầng F7 Bà Rịa Vũng Tàu,,
752 Điện Biên . P Lộc hòa Nam Định,,
Phú diễn Hà Nội,21.0488314,105.7634171
41 vinh hoi phuờng vĩnh hội quận 4 tphc TP HCM,,
414 Phan Huy Ích Phường 12 Gò Vấp TP HCM,,
T182512 Times City Hà Nội,,
Nui Thanh Đà  Nẵng,15.4342062,108.655926
56 Điện Biên Phủ Đà  Nẵng,16.0669747,108.1997848
Nhà hát chèo quân đội Hà Nội,,
tp thanh hoá Thanh Hóa,19.8053115,105.752611
bắc ninh,21.3282166,106.4625257
Ecolife 58 Tố Hữu Hà Nội,20.9936207,105.7864347
Số 4 ngõ 132 đường dọc phố xã chàng sơn Hà Nội,,
Nghĩa Đô Cầu Giấy Hà Nội,21.0407864,105.7959977
lào Cai,22.3069302,104.1829592
43/23 vườn lài an phú đông TP HCM,10.8545045,106.6901469
11/12c Đường tỉnh 44a xã phước hưng Bà Rịa Vũng Tàu,,
Tan Phu Ward TP HCM,10.8592943,106.8010938
Binh chanh TP HCM,10.6638681,106.5703407
Linh xuân TP HCM,10.8727102,106.7649932
tỉnh Thái Nguyên,21.9610968,105.8440789
207 Hoàng Thế Thiện Đà  Nẵng,16.0203321,108.226063
Nghĩa Đàn Nghệ An,19.3554807,105.5100674
gia nghĩa dak nong Đăk Nông,,
Tp.quy Nhơn Bình Định,13.7701048,109.2324201
312 vành đai trong to an lạc tphcm TP HCM,,
bình tân hcm TP HCM,10.7936653,106.5897712
Kcn giang điền Đồng Nai,10.8955446,106.9838959
Đại Từ Thái Nguyên,21.6038357,105.6118951
Thôn nội 3 xã hát môn Hà Nội,,
Xuân đỉnh Bắc từ liêm Hà Nội,21.0687481,105.786552
Ninh binh Ninh Bình,20.2421142,105.9746207
Cầm Mỹ Đồng Nai,10.7689956,107.3454128
Quận 11 TP HCM,10.7656343,106.647607
Q. Hoàng Mai Hà Nội,20.975392,105.8573399
Q Tây Hồ Hà Nội,21.0682703,105.8239615
Tp Hồ Chí Minh TP HCM,10.8073712,106.7564593
178 pham van chi f4 q6 TP HCM,,
Tĩnh Gia Thanh Hóa,19.447655,105.7919882
TP Lào Cai,22.418802,103.9990618
Phường An Khánh TP HCM,10.7850885,106.7293654
Quận Tây Hồ Hà Nội,21.0682703,105.8239615
Tp.thủ Đức TP HCM,10.8510238,106.7548953
TP Cần Thơ,10.0362046,105.7872656
P. Bình Hưng TP HCM,10.7193081,106.6555215
TP Nam Định,20.4377742,106.1475588
Tp. Hà Nội,21.0283334,105.854041
Tp Việt Trì Phú Thọ,21.3323873,105.366022
TP Tuyên Quang,21.7746611,105.2357063
Quốc lộ 37 Nam Sách Hải Dương,,
P. Bình Hòa TP HCM,10.905052,106.7274208
Q Ngô Quyền Hải Phòng,20.8527702,106.6971035
Tân hưng TP HCM,10.739937,106.7034261
5 thị trấn Đông Anh Hà Nội,,
Xà Châu Ninh Hưng Yên,20.8067824,105.9278863
Kiến An Hải Phòng,20.8078776,106.6249332
Q Bắc Từ Liêm Hà Nội,21.0730119,105.7613958
Ciputra Tây Hồ Hà Nội,,
phường Hoa Lư Ninh Bình,20.2421142,105.9746207
Quang Trung Huyện An Lão Hải Phòng,,
718/34 quoc lo 13 TP HCM,10.8400549,106.7161085
415 Nguyễn xiển hà nội,20.9879666,105.806151
79/13 Phường Bình Hoà TP HCM,10.905052,106.7274208
p Ngũ Hành Sơn Đà  Nẵng,16.010798,108.253178
Cổ Nhuế Hà Nội,21.062981,105.7804106
32B Phạm Văn Đồng Hà Nội,21.0654691,105.7849246
H. Văn Lâm Hưng Yên,20.9765273,105.9741795
151 đường 59 phường An Hội Tây TP HCM,10.8559507,106.6512438
P Trung Mỹ Tây TP HCM,10.8590957,106.6177145
Huyện Vụ Bản Nam Định,,
Lideco Hà Nội,21.0703921,105.7130487
Vin Tây Mỗ Hà Nội,,
Xã Long Điền An Giang,10.5127671,105.4624413
Xuân ĐỈnh Hà Nội,21.0671949,105.7959044
Bien hoa Đồng Nai,10.9507929,106.8263284
TT Sóc Sơn Hà Nội,21.2575735,105.8519156
Tp Bắc Ninh,21.1751704,106.0593983
An Hải Phòng,20.8608834,106.6373233
679 Nguyễn Xiển Hà Nội,20.9829282,105.8093417
Quận 9 TP HCM,10.8441928,106.7791529
2B Nguyễn Văn Huyên Hà Nội,21.0448813,105.797779
Quan Triều Thái Nguyên,21.6105443,105.8077114
Tây  Ninh Tây Ninh,11.3656049,106.1296188
Quận Lê Chân Hải Phòng,20.8355627,106.6814858
củ chi TP HCM,10.9744159,106.4948968
An Biên Hải Phòng,20.8300834,106.6800525
Lk 199 dv5 đìa lão kiến hưng hà nội,,
Khu đô thị Lideco Hà Nội,21.0703921,105.7130487
98 Hoàng Văn Thái Đà Nẵng,16.0406667,108.1338774
Lô 7a Lê Hồng Phong Hải Phòng,,
Thanh Thuỷ Phú Thọ,21.123781,105.287858
Phan Thiết Bình Thuận,10.9418092,108.0823313
Thi trấn Tây đằng Hn Hà Nội,21.2055605,105.4264312
tỉnh Thanh Hoá Thanh Hóa,19.8053115,105.752611
132 hoàng văn thái Hà Nội,20.9960233,105.8232053
Bến đình thành phố vũng tàu Bà Rịa Vũng Tàu,10.3570943,107.0738157
Xa Thường Xuân Thanh Hóa,19.903584,105.3465072
Cần thơ,10.0362046,105.7872656
lê văn lương Hà Nội,21.000224,105.7982221
Tphcm (quận 9) TP HCM,10.8063168,106.7784645
246 duong dt 766 xã trà tân Lâm Đồng,11.097591,107.503814
Quan Tan Phu TP HCM,10.7918681,106.6277515
Bmt Đăk Lăk,12.6462782,108.0159906
Thu duc TP HCM,10.846403,106.7716657
Phường Long Bình Đồng Nai,10.9726546,106.8874294
Cẩm Phả Quảng Ninh,21.0096177,107.272916
118 nguyễn khánh toàn cầu giấy Hà Nội,21.0389766,105.7976848
25chương dương Bình Định,,
510 Hùng Vương Đăktô Kon Tum,,
Đông bắc quận 12 TP HCM,,
phường trấn biên. Đồng Nai,10.9507748,106.8221068
294 quang trung f10 go vap TP HCM,,
14 trần trọng cung tân thuận đông quận 7 TP HCM,,
phường An Lạc TP HCM,10.7381994,106.6148874
Thanh Hoa Thanh Hóa,19.8053115,105.752611
Việt Trì phú Thọ,21.3178347,105.4386546
68 tăng bạt hổ p Bồng Sơn Bình Định,,
Song hành hóc môn tphcm TP HCM,10.8824206,106.590229
q7 TP HCM,10.7223724,106.7421981
1072 Nguyễn thị định quận 2 TP HCM,,
80 trần thủ độ TP HCM,10.7828088,106.6250452
Lào Cai Yên Bái,21.8091042,104.5182832
đắk Nông Đăk Nông,14.7983368,107.6897784
Đại Mỗ. Hà Nội,20.9933193,105.7766692
Đông nai Đồng Nai,10.9410542,106.8097889
Q.nam Từ Liêm Hà Nội,21.0185679,105.7576128
699 Lạc Long Quân Hà Nội,21.0788018,105.816207
đà nẵng Đà  Nẵng,16.071571,108.2093029
Tam Giang Bắc Ninh,21.2214595,105.9320473
Vân Xuân Vĩnh tường Vĩnh phúc,,
Hải Phong Hải Phòng,22.6832417,115.1349841
Vị thanh hậu giang,9.7953516,105.4489125
1135/51 Huỳnh tấn phát TP HCM,,
Tp Ho Chi Minh TP HCM,10.7923429,106.6789793
Huyện Krong Ana Đăk Lăk,12.4950915,108.0771053
291 Bà Hom TP HCM,10.7552192,106.6281759
Chàng sơn thạch thất hà nội,21.0414119,105.5877984
132 Quốc lộ 62 Long An,10.5423736,106.4030615
Hạ Long Quảng Ninh,20.9488856,107.1035074
Bình Xuyên Vĩnh Phúc,21.3129798,105.6622199
P. Hoà Cường Đà  Nẵng,16.0416286,108.2175304
Thuy Nguyen Hải Phòng,20.9179864,106.6748497
Q. gò vấp TP HCM,10.8353538,106.6740337
Huỳnh Tấn Phát TP HCM,10.7097347,106.7371748
127b/5 ấp 2 An Phú Tây TP HCM,,
Thành phố hải dương,20.9330747,106.330626
12b/23/238 Chợ Hàng. Lê Chân. Hải Phòng,,
Xã Suối Hai Hà Nội,21.1243133,105.376273
hà Đông Hà Nội,20.9702189,105.7749565
Chí linh hai dương Hải Dương,21.1086948,106.3853107
Phước tân Đồng Nai,10.8934856,106.907039
Thường tín Hà Nội,20.8719979,105.86414
tp pkeiku Gia Lai,,
Phường Phú Diễn Hà Nội,21.0488314,105.7634171
90t Lê Quang Sung P6 Q6 tphcm TP HCM,,
793/62/18 Trần Xuân soạn phường Tân Hưng quận 7 TP HCM,,
kp5 trảng dài Đồng Nai,10.9926055,106.865226
Toà B11d khu đô thị Nam Trung Yên Hà Nội,,
81 Lê Thánh Tông Hải Phòng,20.8651549,106.7094262
27/39/19 Nguyễn Văn Săng TP HCM,,
Phường Nguyệt Viên Thanh Hóa,19.8233549,105.8175295
H21/31 hòa phát cẩm lệ đà nẵng Đà  Nẵng,,
2 ngõ 373/36 An Dương Vương Hà Nội,,
p. Phước Long Đồng Nai,11.8539016,106.9963391
Đống đa hà nội,21.0242596,105.8406959
P.bình Hòa Bình Dương,10.8994617,106.7353644
Tố hữu Hà Nội,20.9843598,105.7732219
319 Lý thường kiệt phường 15 quận 11 TP HCM,,
tp Quy Nhơn Bình Định,13.7701048,109.2324201
Tân long thái nguyên,21.6178734,105.7949898
21 tien son 17 Đà  Nẵng,,
Số 8 châu văn liêm Hà Nội,21.0096533,105.771201
Đặng Trần Đức Hà Nội,20.9945604,105.8848664
242 Ngõ 264 Ngọc Thụy Hà Nội,21.0951837,105.7181249
tỉnh Bắc Ninh Bắc Giang,21.3740092,106.4663176
Quảng Thọ Quảng Điền Thừa Thiên Huế,,
Số 2 Ngõ 4b Đăng Văn Ngữ Kim Liên Hà Nội,21.0100331,105.8323427
Da Nang Đà  Nẵng,16.071571,108.2093029
mỹ đình Hà Nội,21.0205027,105.7639271
P. Trấn Biên Đồng Nai,10.9507748,106.8221068
Thanh Hoá Hà Nội,19.8490002,105.7633207
huyện Quỳnh Phụ Thái Bình,,
ngã tư Hiệp bình phước quốc lộ 1 TP HCM,,
179 Nguyễn Ngọc Vũ Hà Nội,21.0090615,105.8124783
Kon Tum,14.6995372,107.9323831
An phú thuận an Bình Dương,10.986488,106.727314
tỉnh Phú thọ,21.3007538,105.1349604
9/18 Đông Thạnh 3 Xã Đông Thạnh TP HCM,10.8965271,106.6374272
54 Nguyễn trung trực Gia Lai,13.9587299,108.0031604
112 thôn 3 xã ngọc liên tỉnh Thanh Hóa,,
Huyện Đăk Song Đăk Nông,,
22 hồng bàng hải phòng,20.868587,106.6518479
22/6 đường thống nhất phường đông hoà tphcm TP HCM,10.8873754,106.8133487
53 chiến thắng phố 4 đông thành Ninh Bình,,
TP Đà Nẵng Đà  Nẵng,16.071571,108.2093029
Bai. Cháy Quảng Ninh,20.9552964,107.0236075
Thôn thanh đông xã đông lâm Thái Bình,,
Phường Cẩm Phả Quảng Ninh,21.0096177,107.272916
Hai Phong Hải Phòng,20.856022,106.6875207
130 đường số 3 cư xá lữ gia TP HCM,10.7724219,106.655518
Hải dương,20.9602884,106.3604393
đối diện Công an quận Cầu Giấy) Hà Nội,,
Văn chương Hà Nội,21.0230765,105.8335648
591 Nguyễn Lương Bằng Đà  Nẵng,16.0944784,108.1387727
Cầu giấy Hà Nội,21.0292159,105.8033629
14 Phan Tứ Đà  Nẵng,15.6724309,108.2179664
81 vạn phúc hà đông Hà Nội,20.9803574,105.7756187
139 Nguyễn Thái Học Ba Đình Hà Nội,21.030389,105.8348081
tỉnh Ninh Bình Hà Nam,20.5340294,105.9810248
An Dương Hải Phòng,20.8675793,106.6099929
Thanh Thủy Phú Thọ,21.123781,105.287858
Nguyễn xiển Hà Nội,20.9879666,105.806151
gia lai,14.0201373,108.6354524
An Phú Bình Dương,10.986488,106.727314
Cần Giuộc Long An,10.6078883,106.67114
Số 5 nguyễn văn huyên Hà Nội,21.0376609,105.7963567
Khâm thiên Hà Nội,21.0188989,105.8406911
Huyện Gia Viễn Ninh Bình,20.3298145,105.8729676
Cầu Nhật Tân Hà Nội,21.0983063,105.823207
Nguyễn Xiển Hà Nội,20.9879666,105.806151
Huyện Thanh Trì Hà Nội,20.9415559,105.8360164
Phường Võ Cường Bắc Ninh,21.1751704,106.0593983
6 Phan Huy Chú Hà Nội,21.0205628,105.8569277
H. Hoài Đức Hà Nội,21.0630487,105.7061118
Q.Gò Vấp TP HCM,10.8353538,106.6740337
Lê Chân Hải Phòng,20.8450107,106.676396
Tp Tân An Long An,10.5389424,106.4045422
H. Củ Chi TP HCM,10.9744159,106.4948968
Q.Ngô Quyền Hải Phòng,20.8527702,106.6971035
Phúc Thọ Hà Nội,21.1096017,105.5395353
phường Định Công Hà Nội,20.9779202,105.8244431
P. Hạnh Thông TP HCM,10.8202873,106.6832189
Q. Bình Thủy Cần Thơ,10.0605676,105.721033
Q.3 (ĐH Kinh Tế TP HCM) TP HCM,,
TP Tân An Long An,10.5389424,106.4045422
Q. Lê Chân Hải Phòng,20.8355627,106.6814858
247 Lê Thị Riêng Quận 12 TP HCM,,
Tdm Bình Dương,11.0605769,106.680805
267 Điện Biên Phủ Quận 3 TP HCM,,
Hà Nội ( cạnh công an phường Phú Đô) Hà Nội,,
77/204 Hoàng Văn Thụ Đà Nẵng Đà  Nẵng,15.8766684,108.3300432
640 le van luong q7 tphcm TP HCM,,
Tp Vũng Tàu Bà Rịa Vũng Tàu,10.4908509,107.1842843
TP.Pleiku Gia Lai,13.9602456,108.015887
TP Bắc Ninh,21.1751704,106.0593983
Cẩm Lệ Đà Nẵng,16.0153046,108.2013088
Quảng Trị,17.2166964,106.9548246
336 Nguyễn Văn Luông Q6 TP HCM,,
Phường Tương Mai Hà Nội,20.9899766,105.8528436
Phố núi bắc ninh,21.1463863,105.9734109
dong anh ha noi Hà Nội,21.1536239,105.8519612
Thành phố hoà bình Hòa Bình,24.4723735,114.9310404
311 Trần Nguyên Hãn Hải Phòng,20.849018,106.671559
P. Tân Thới Nhất TP HCM,10.8373395,106.6117071
238 Cự Khối Long Biên Hà Nội,21.0130202,105.9108548
415 Nguyễn Xiển Hà Nội,20.9879666,105.806151
Lục Nam Bắc Giang,21.2666942,106.2036569
H. Bình Xuyên Vĩnh Phúc,,
Km 35+500 Ql 10 Ngã tư Quang Thanh An Lão Hải Phòng,,
Mỹ Đình Hn Hà Nội,21.0205027,105.7639271
Cam Le Đà Nẵng,16.0153046,108.2013088
Phổ yên thái nguyên,21.4517905,105.7568528
phường Cầu Giấy Hà Nội,21.0286704,105.7866045
TT Khoái Châu Hưng Yên,20.8421826,105.9790163
Số 3 Nguyễn Văn Huyên Cầu Giấy Hà Nội,21.03661,105.7970511
T139 Nguyễn Xiển Hà Nội,20.97697,105.8110618
94 tổ 16 kp 30 phường tam hiệp Đồng Nai,,
Xã la Bằng Thái Nguyên,21.6421625,105.6261495
Himlam Tan Hung TP HCM,,
46 võ thị sáu p.thống nhất Biên Hòa Đồng Nai,,
Xã Thoại Sơn An Giang,10.2340408,105.2282326
Thuỷ Dương Thừa Thiên Huế,16.4419752,107.6183917
112 Nguyễn Chánh Hà Nội,21.0144164,105.7903406
TPHCM TP HCM,10.7592294,106.6562423
An Khánh Hà Nội,21.0023161,105.7179738
195 Phạm Văn Đồng Hà Nội,21.054262,105.7817064
55 tố hữu Hà Nội,20.9843598,105.7732219
38BT1 Khu Đô Thị Pháp Vân Hà Nội,,
427/4a Xvnt TP HCM,,
Tp. Bắc Ninh,21.1751704,106.0593983
Quận bình tân TP HCM,10.7703543,106.5995759
Ngõ 234 hoàng quốc việt cầu giây ha noi Hà Nội,,
phường Bình Trưng TP HCM,10.7887654,106.7551053
Trạm trôi hoài đức Hà Nội,21.0681821,105.7099045
49 Hoàng Đạo Thành Hà Nội,20.9826484,105.8109642
nam định,19.9952624,106.485807
83 d6 khu đô thôi đại kim cũ Hà Nội,,
Bình Thuận,10.9685906,108.0032715
Đăk Găn Đăk Mil Đăk Nông,,
Tp thanh hoá Thanh Hóa,19.8053115,105.752611
69/1 đường số 17 hiệp bình chánh thủ đức TP HCM,,
gò vấp TP HCM,10.8158694,106.6846752
Hoàn Long Hưng Yên,20.9029715,105.9844897
Quảng Bình,17.5157162,106.6225405
240 Phạm Văn Đồng Hà Nội,21.0654691,105.7849246
tỉnh Khánh hoà Khánh Hòa,12.5483851,109.061072
Chí Linh Hải Dương,21.1086948,106.3853107
218 Thánh Thiên Bắc Giang,21.2704731,106.1975103
Sơn La,21.2276769,104.1575944
Tran Hung Dao Hà Nội,21.0248898,105.8478484
133 Nguyễn Văn Tiết Bình Dương,,
Số 1 đại Linh Hà Nội,21.1379567,106.0977834
buôn Ma Thuột Đăk Lăk,12.6612624,108.0310213
khánh hải ninh Thuận,11.6154537,108.9954244
Xã nghĩa dân hưng yên,20.7776476,106.0338979
200 Đ. Bùi Thị Xuân Lâm Đồng,10.6903313,107.7427374
hà nam,34.0000001,113.9999999
Ha Nôi Hà Nội,21.0242596,105.8406959
249 lê văn hiến Đà  Nẵng,15.9986256,108.2596493
Tam lộng hương sơn bình xuyên vĩnh phúc,,
Duong Noi Hà Nội,20.9752796,105.7510178
Gia Nghĩa Đăk Nông,11.9112851,107.6546186
Đại Mỗ Nam Từ Liêm Hà Nội,20.9952318,105.7583801
92 lương ngọc quyến Thái Nguyên,21.5880743,105.8292602
29 Tố Hữu Hà Nội,20.9924709,105.7876888
30/4 Bà Rịa Vũng Tàu,10.3471705,107.0763626
Khu đô thị xa la Hà Đông Hà Nội,20.9627096,105.7920734
Số 5 Nguyễn Khánh Toàn Hà Nội,21.0386741,105.801641
171 ngũ hành sơn Đà  Nẵng,16.010798,108.253178
276 Nguyễn Xiển Hà Nội,20.97697,105.8110618
Số 9 Mạc Thái Tông Hà Nội,21.0094042,105.7888512
Ải phượng sơn lục ngạn bắc giang,,
Hoà Bình Hòa Bình,24.4723735,114.9310404
Thành Phố Ninh Bình,20.2570797,105.9793194
Nguyenthiminhkhai TP HCM,,
Tpvt Bà Rịa Vũng Tàu,,
Thanh hoá Thanh Hóa,19.8053115,105.752611
Gia Lâm Ninh Bình,20.4091682,105.7861121
Xuân đỉnh Từ liêm Hà Nội,21.069249,105.7859403
Đà Bắc Hòa Bình,20.884047,105.3694992
tp Hải Dương,20.9330747,106.330626
Vĩnh  Phúc Vĩnh Phúc,21.0449967,105.8107125
Vĩnh Long,10.046765,106.2947443
Thị trấn Củ Chi TP HCM,10.9756026,106.4992306
Ecopark Hà Nội,,
Mai Dịch Hà Nội,21.0382943,105.7780554
Xã Khổng Lào Lai Châu,22.5909635,103.3780847
Nha trang Khánh Hòa,12.2084991,109.2871204
Xã kép Bắc Ninh,21.4148621,106.2996392
Tỉnh Ninh Bình,20.2867258,106.1000359
Văn Quán Hà Nội,20.9777315,105.7847989
Tdp Minh Tân 6. Phường Yên Bái Lào Cai,,
hà nôi Hà Nội,21.0242596,105.8406959
Phúc lộc Hà Nội,21.1493417,105.5720271
phường phước long b TP HCM,10.824553,106.7690916
Hoà Thọ Đông Đà  Nẵng,16.0106526,108.1944816
Buôn Hồ Đăk Lăk,12.8510379,108.2864454
An thắng an lão hải phòng,20.8198386,106.5787
đồng Nai,10.9182878,106.8481538
Lạng Sơn,21.8487579,106.6140692
Vân nội đông anh hn Hà Nội,21.1319158,105.9042259
613/21 đường 3/2 p8q10 TP HCM,,
hô tây Hà Nội,21.0580419,105.8139655
70a duong so 24 tam bình thu Đức TP HCM,10.8727255,106.7465365
sơn la,21.2276769,104.1575944
Đồng nai,10.9182878,106.8481538
Van Chuong Ha Noi Hà Nội,21.0230765,105.8335648
quận Bình Thạnh TP HCM,10.812271,106.7040393
vạn hạnh phường phú mỹ thành phố hò chí minh Bà Rịa Vũng Tàu,,
Đak Lak Đăk Lăk,12.4232112,108.1776243
Khu Đô Thị Văn Phú Hà Nội,20.9604548,105.7679613
01 nguyễn Văn tố Kiên Giang,,
Bắc Thái Ninh Hưng Yên,20.5200967,106.4958764
Thôn 10 ea ktur đắk lắk Đăk Lăk,12.5912019,108.1382564
nghệ an,19.1976001,105.060676
Thiện phiến tien lữ Hưng Yên,,
Tp.HCM TP HCM,10.7923429,106.6789793
Phường Hạc Thành Thanh Hóa,19.8128131,105.7677621
Tp. Vũng Tàu Bà Rịa Vũng Tàu,10.4908509,107.1842843
Tp Đồng Nai,10.9182878,106.8481538
Thái Bình,20.4031348,106.5941615
167/5 khu vuc 1 phuong an binh nk can tho Cần Thơ,,
Tổ 10 kp song Vĩnh ở Tân phước tp hcm Bà Rịa Vũng Tàu,,
cn9 phương canh nam từ liêm hà nội,21.0315919,105.7529955
Bửu Long biên hòa đồng nai,10.9629837,106.7936911
vĩnh hưng  hoàng mai Hà Nội,20.9814723,105.8751032
Tp.thái Nguyên,21.5874871,105.8015959
Hưng Khánh Trung B Chợ Lách Bến Tre,,
P. Bắc Giang,21.2803713,106.2143272
1 Lê Văn Khương Quận Gò Vấp TP HCM,,
Phú mẫn xã yên phong tỉnh bắc ninh,,
Hải Châu Đà  Nẵng,16.0589539,108.2194844
Phường Kinh Môn Hải Phòng,20.9879641,106.5555019
P. Thạnh Mỹ Lợi TP HCM,10.7779824,106.7612965
xã Tân Trường (mao Điền mới) Hải Dương,,
Chợ bình châu Bà Rịa Vũng Tàu,,
385 Hữu Hưng Tây Mỗ Hà Nội,20.9939375,105.7381338
phú Thọ,21.3007538,105.1349604
Tp Bắc Kan Bắc Kạn,22.140219,105.8349959
Số nhà 122 phố mã phù linh thị trấn sóc Sơn Hà Nội,,
tp Hà Nộ Hà Nội,21.175535,105.8586376
Q Đống Đa Hà Nội,21.01451,105.8234093
195 Đội Cấn Hà Nội,21.0353582,105.8238746
Ayunpa Gia Lai,,
401 Quốc Lộ 13 Tp Thủ Đức TP HCM,10.8123673,106.7125572
Sài Gòn TP HCM,10.782305,106.6771626
gia sàng Thái Nguyên,21.5790298,105.8502201
Xã sao vàng tỉnh thanh hoá Thanh Hóa,19.887928,105.4617309
H. An Dương Hải Phòng,20.8675793,106.6099929
Xã Kẻ sặt Tp Hải phòng,20.9086787,106.1472066
bình phước,11.8000378,106.9151381
Phú ninh Đà  Nẵng,15.5261301,108.4226366
Tp. Đà Nẵng Đà  Nẵng,16.071571,108.2093029
Ba Vì Hà Nội,21.0184475,105.3930256
Kiến Xương Thái Bình,20.4151846,106.4312145
Huyện Thanh Liêm Hà Nam,,
Số 11 đường phúc sơn Bắc Ninh,21.1937103,106.0725064
Phuong yen bai Lào Cai,21.7097514,104.8872083
Sân bay Nội Bài Hà Nội,21.2169534,105.7937453
Xa thanh son Phú Thọ,21.2008157,105.2011766
88 nguyễn chánh cầu giấy Hà Nội,21.0201437,105.7857425
Chung cu opal riverside phuong hiep binh TP HCM,10.8244969,106.7259963
Đại thanh hà nội,20.9343343,105.8190047
Số 10 Ngõ 102 Trần Phú Hà Đông Hà Nội,20.9789021,105.7849432
Q6 Tphcm TP HCM,10.7487057,106.6392083
Thạch thất hà nội,21.0666388,105.5617779
Hoàng Quốc Việt Hà Nội,21.0531725,105.7817224
Oceanpark Hà Nội,20.994004,105.9586274
32a trương định p.xuân hoà tphcm TP HCM,10.7799431,106.687329
Tp Bmt Đăk Lăk,12.6487561,108.0152392
củ TP HCM,10.8179793,106.6562645
Sn 455 Đường Nguyễn Văn Cừ Hạ Long Quảng Ninh,,
2 ngõ 55/13 hoang hoa tham phuong ba dinh Hà Nội,,
Thành Phố Thái Nguyên,21.5874871,105.8015959
Phường Thành Vinh Nghệ An,18.6722509,105.674112
2450 QL 1A Quận 12 TP HCM,,
243 hoàng liên lào cai,22.3332357,103.8227534
Huyện Châu Thành Kiên Giang,,
lai xá Hà Nội,21.2296775,105.3740402
119 lê hồng phong tân đông hiệp dĩ an bình dương,,
Thanh ba Phú Thọ,21.4507067,105.1662612
Quỳnh Lưu Nghệ An,19.2324936,105.5980713
Hậu Giang,9.7881262,105.6390398
Lô 9 khu công nghiệp Long bình an Tuyên Quang,,
328 Thăng Long .Cẩm Lệ Đà Nẵng,15.9945984,108.1819724
Phường 7 Bến Tre,10.2290303,106.3568358
Lộc Ninh Bình Phước,11.8021866,106.6266801
Vĩnh tuy hà nội,20.9982944,105.8677016
Tổ 3 mô lao hà đông Hà Nội,20.981338,105.7839611
Quận 9 ( Grandpark) TP HCM,,
115 xuân đoàn Đăk Lăk,12.9182458,108.3715578
Kđt Thanh Hà Nội,20.9681919,105.82714
Cầu giấy hà nôi Hà Nội,21.0388103,105.7818897
Tt quảng phú Đăk Lăk,12.8202511,108.0738431
An Khê Gia Lai,14.0223835,108.6950293
My hoa hiep bac ffong hoà Phú Yên,,
96 Phạm Đình Hổ Phường Bình Tây TP HCM,10.7522625,106.6496625
987 Tam Trinh Hoàng Mai Hà Nội,20.9674695,105.8683797
Tân uyên Bình Dương,11.0603116,106.6879506
tỉnh Phú Thọ (vĩnh Phúc cũ) Vĩnh Phúc,21.3134631,105.6050409
Tứ liên hồng hà nội Hà Nội,21.0650669,105.833701
Phường Thịnh Đán thành phố thái nguyên,,
686 nguyễn văn cừ long biên Hà Nội,21.0258427,105.9222801
Xã Chương Dương Tp Hà Nội,20.8353914,105.8982681
Tp Quảng Ngãi,15.1647997,108.8354927
Tp Thanh Hoá Thanh Hóa,19.8053115,105.752611
Châu đức Bà Rịa Vũng Tàu,10.6621029,107.2428985
Tỉnh Sơn La,21.2276769,104.1575944
Thôn 3 Ba Chẽ Quang Ninh Quảng Ninh,,
Tp Huế Thừa Thiên Huế,16.4564881,107.5780488
Ninh Hòa Khánh Hòa,12.5483851,109.061072
Nam Triệu Hải Phòng,20.9257,106.7427174
Hàm nghi Hà Nội,21.0335465,105.768905
Bình Thạnh TP HCM,10.8111809,106.7033938
646lam Sơn thị trấn nông cống thanh hoá Thanh Hóa,,
18cao Ba Quát Ninh Thuận,,
Hà đông hà nôi Hà Nội,20.9706511,105.7754955
Thái Nguyên Hà Nội,21.3025492,105.8817202
302 Cầu Giấy Hà Nội,21.0353,105.794528
Lệ Thủy Quảng Bình,11.9357998,107.439811
tứ minh Hải Dương,20.9360747,106.3041136
Thái Bình Hưng Yên,20.4031348,106.5941615
04 lê thị hai Kiên Giang,,
101 Phạm Hùng Hà Nội,21.0185179,105.7812912
Gò Dầu Tây Ninh,11.0845811,106.2669584
tòa Ct36 Hà Nội,,
chung cư 4s linh Đông Thủ Dức hcm TP HCM,10.8443812,106.7402103
Hòa Lạc Hà Nội,20.9900478,105.526951
Thôn 5 Hà  Tĩnh,18.5053574,105.5176064
The vesta phú lương hà đông Hà Nội,,
97 khương trung Hà Nội,20.9988768,105.8221088
Phường đông hà quảng trị,16.8203308,107.0982066
Cao Bằng,22.7426936,106.1060926
Hương khê hà tĩnh Hà  Tĩnh,18.1926506,105.6792793
nhơn trạch Đồng Nai,10.7376129,106.9451341
Lương Thịnh Yên Bái,21.721899,104.8935896
Tỉnh phú thọ Vĩnh Phúc,21.3647247,105.5836703
86/16 bình thới TP HCM,10.7629692,106.6423264
Hàng than Ba Đình Hà Nội,21.043657,105.8472944
đà Lạt Lâm Đồng,11.9082632,108.4572089
524 Ngô Gia Tự TP HCM,10.7580989,106.6676926
Lê chân Hải Phòng,20.8450107,106.676396
cầu giấy hà nôi Hà Nội,21.0388103,105.7818897
429/10 Xa Lộ Hà Nội TP HCM,10.8711002,106.8076319
25 nguyễn phúc chu p. phú thủy t.lâm đồng,,
Xã Thạch Đồng Phú Thọ,11.3120731,107.5119107
bà rịa vũng tàu,10.3471705,107.0763626
167 Nguyễn Văn Cừ Đăk Lăk,12.6886076,108.0706808
Ngọc Thụy Long Biên Hà Nội,21.0438263,105.86562
61 Nghiêm Xuân Yêm Đà  Nẵng,,
Vĩnh long,10.046765,106.2947443
370 tô hiệu Hải Phòng,20.8502459,106.6759653
Dong anh hn Hà Nội,21.1536239,105.8519612
P. Thới An TP HCM,10.8794994,106.6581461
388  Nguyễn Xiển Thanh Xuân Hà Nội,20.9825917,105.8114969
Gia Lai Đăk Lăk,,
Bình Hưng TP HCM,10.7193081,106.6555215
Quảng bị hà nội,20.8632249,105.6995337
Tp Vinh Nghệ An,18.7358406,105.6906101
Thinh liet ha noi Hà Nội,20.9752859,105.8493293
301 bình tân TP HCM,10.7725186,106.6215932
114/192 tô ngọc vân gò vấp TP HCM,,
Tân Đông Hiệp dĩ an Bình Dương,10.9230601,106.7686184
huyện Yên Thành Nghệ An,19.0205344,105.4145724
Thành phố Bà Rịa Vũng Tàu,10.4884252,107.1798917
phường an nhơn Bình Định,13.8714072,109.1254529
Hcmc TP HCM,10.8283337,106.761474
Số 2 thôn Tân Phúc xã sơn đông Hà Nội,,
tx Đông Hoà Phú Yên,13.0014878,109.3290483
phường Đông Sơn Thanh Hóa,19.7956864,105.7922692
phường nguyễn thái học tp yên bái,,
Vũ Đức Thận Long Biên Hà Nội,,
phường Hàm Rồng Thanh Hóa,19.8389439,105.7860937
Việt Nam Hà Nội,21.0283334,105.854041
vinh lôc Thanh Hóa,20.0408855,105.6489677
kdc vĩnh lộc TP HCM,10.8073186,106.5924728
p. Thanh Bình Hải Dương,20.9458963,106.3208535
Việt trì Phú Thọ,21.3178347,105.4386546
Hiep hoa bg Bắc Giang,,
Nơ 9b linh đàm Hà Nội,20.963632,105.8327575
191 Xuân Thủy. Phường Lộc Hòa tp Nam định,,
Buôn mê thuật Đăk Lăk,12.6769539,108.0465393
Binh Thanh Ward TP HCM,11.5377896,106.9076973
Tp hcm,10.7737261,106.7166008
81 yen the Đà  Nẵng,16.0540338,108.1775875
Dong anh ha noi Hà Nội,21.1536239,105.8519612
74 quang trung Đà  Nẵng,16.0749416,108.2193576
Xã đoan hùng Phú thọ,21.6181495,105.1831278
555 Hồ Học Lãm TP HCM,10.7343346,106.603469
TP. Hải Phòng,20.8830967,106.6790381
99 thạnh lộc 16 quận 12 thành phố hồ chí minh  TP HCM,,
Vinh Nghệ An,18.7358406,105.6906101
Huế Thừa Thiên Huế,16.4564881,107.5780488
Hải Thành Đồng Hới Quảng Bình,,
Công viên hoà binh Hà Nội,21.0663226,105.7867101
An Khánh hoài đức Hà Nội,21.0190367,105.7114495
17/20 đường 18 linh Xuân hcm TP HCM,10.8574508,106.7776089
Ha dong Hà Nội,20.9702189,105.7749565
323 Nguyễn Tri Phương Đà Nẵng,15.8712301,108.3445601
Le van quoi TP HCM,10.7761715,106.6112751
98 Hoàng Văn Thái Đà  Nẵng,16.0406667,108.1338774
31/2 Đường B2 . Xã cưebua Đăk Lăk,,
304 nguyễn văn linh Đăk Lăk,12.7233814,108.0963977
39 lê văn lương Hà Nội,21.000224,105.7982221
11a Cao Bá Quát Hà Nội,21.0299786,105.8400632
Phường Hải Dương Hải Phòng,20.9380005,106.3350879
Thị xã Kỳ Anh Hà  Tĩnh,18.0527966,106.3567324
Hùng Vương Hải Phòng,20.8737471,106.6366708
Bến Cát TP HCM,11.153211,106.5903403
Go vap TP HCM,10.8242738,106.6863133
Phường Bắc Giang,21.2803713,106.2143272
Tp Tân an Long An,10.5389424,106.4045422
xã Kiều Ph Hà Nội,,
Buôn Ma Thuột Gia Lai,13.7339471,108.0155389
453/67 Lê Văn Khương TP HCM,10.8942709,106.646897
Kcn Sông mây xã Bình Mình Tỉnh Đồng Nai,,
126 y moanl Đăk Lăk,,
phường Tùng Thiện Hà Nội,21.1224604,105.4586831
TP Thủ Dầu Một Bình Dương,11.0524088,106.6786935
Gia lâm Hà Nội,21.051718,105.8786414
Kiên Giang,9.7667502,104.4726437
xã bà điểm TP HCM,10.8402684,106.5990908
2814 huynh tan phat TP HCM,10.6741126,106.7645825
Tân Xuân. Đông Ngạc. BTL Hà Nội,,
Tan Phú TP HCM,10.7761892,106.6384144
Hải Châu Đà Nẵng,16.0589539,108.2194844
Xuong giang bắc Giang,21.2654585,106.2013887
tỉnh quảng ninh,21.1718046,107.2012742
Yên Mô ninh bình,20.1281337,106.0122765
Bình Tân Hcm TP HCM,10.7936653,106.5897712
Phước lợi phước Đồng Nha Trang Khánh Hòa,,
173 hoàng đình ái hoà Xuân Cẩm lệ Đà Nẵng Đà  Nẵng,,
Tiền hải Thái Bình,20.4336385,106.5831986
vinh Bao Hải Phòng,20.6870769,106.4807178
Lương Nỗ Tiên Dương Đông Anh Hà Nội,,
Kp mỹ khoan Đồng Nai,10.749208,106.9403974
Kđt Vĩnh Điềm Trung Khánh Hòa,12.2560517,109.1686741
Phủ Lý Hà Nam,20.5445676,105.9339242
Phường Chũ Bắc Giang,21.3820872,106.587715
Lào cai,22.3069302,104.1829592
phường Hà Đông Hà Nội,20.9732937,105.7787998
xã Di Trạch Hà Nội,21.0454379,105.7232685
Phu Thuy Bình Thuận,10.9409021,108.1231314
793 quốc lộ 13 TP HCM,10.8658083,106.7234723
thái bình,20.4031348,106.5941615
Trung sơn ninh bình,20.1427398,105.9230385
Việt trì pgis Phú Thọ,,
Việt hưng hà nội,21.0637621,105.9058988
Phuong nam thanh Ninh Bình,20.2421142,105.9746207
Bảo Lộc Lâm Đồng,11.5460816,107.8094962
3526 Hh4a Kđt Linh Đàm Hoàng Mai Hà Nội,,
Sơn cẩm thái nguyên,21.6327768,105.7847999
Tp Long Khánh Đồng Nai,10.9303095,107.2423726
16 phan đăng lưu Bảo Lộc lâm đồng,11.5448432,107.8121004
240 nguyễn văn linh p. Tân thuận tây quận 7 TP HCM,,
Tiên Du Bắc Ninh,21.1265907,106.0286495
Phường Thuận Giao TP HCM,10.9610952,106.7111158
Tây hồ Hà Nội,21.0627805,105.8184637
Tứ liên tây hồ Hà Nội,21.0628026,105.8321345
trà ôn Vĩnh Long,9.965542,105.9223145
36/1 Triệu Việt Vương Lâm Đồng,11.9261335,108.4339977
D4/44 ấp xã Hưng Long tp Hcm,,
Phước Long TP HCM,10.824553,106.7690916
thị trấn phong nha Quảng Bình,,
P Bình Hòa TP HCM,10.905052,106.7274208
đức Nhuận TP HCM,10.8059609,106.6784893
Tứ Minh Hải Phòng,20.9325486,106.247508
Lê duẩn phường an phú tỉnh Gialai Gia Lai,,
Kim giang Hà Nội,20.9783961,105.8158356
Đại Mỗ Hà Nội,20.9933193,105.7766692
17/2 Hùng Vương phương xuâ hương đà lạt Lâm Đồng,,
3 đường Hoà Bình TP HCM,10.7681426,106.6363015
Phường 2 tpvũng Tàu Bà Rịa Vũng Tàu,,
bắc Giang,21.3740092,106.4663176
hắc dịch Bà Rịa Vũng Tàu,,
TP. Thái Nguyên,21.5874871,105.8015959
quận 2 hồ chí minh TP HCM,10.7699715,106.7893002
Phố Hoa Lư Ninh Bình,20.2516254,105.9747603
TP Nha Trang Khánh Hòa,12.2084991,109.2871204
chung cư estella TP HCM,,
Quận 4 TP HCM,10.7607538,106.7070798
Khu Chế Xuất Tân Thuận TP HCM,10.7591929,106.741469
Nguyễn Tất Thành TP HCM,10.7676537,106.7060129
P Xóm Chiếu TP HCM,10.7601949,106.7120907
Quốc Oai Hà Nội,20.9924146,105.6401518
Hà T Hà Tĩnh,18.0412239,106.4171429
329 đê la thành Hà Nội,21.1075533,105.7650948
86 tam Khương thượng hà nội,21.0041843,105.8271471
thủ Đức TP HCM,10.8505674,106.7585291
Q. Thủ Đức TP HCM,10.7505709,106.6310244
an phú đông quận 12 TP HCM,10.8570791,106.6208792
Xã Toàn Thắng Huyện Kim Động Tỉnh Hưng Yên,,
tp hochii TP HCM,,
Tân Phú Đồng Nai,11.3793907,107.4294784
Q. Bắc Từ Liêm Hà Nội,21.0730119,105.7613958
Huyện An lão Hải Phòng,20.8204717,106.5537256
việt hưng long biên Hà Nội,21.0148162,105.9123125
679 Nguyễn Xiển (chân trụ cầu T139) Hà Nội,,
191 đường 3/2 F11 Q10 TP HCM,,
Nho Quan Ninh Bình,20.311545,105.7485879
Chợ Lớn TP HCM,10.7518172,106.658971
tp Bg Bắc Giang,21.088992,105.9592876
Tổ 5 kp4 vĩnh tân uyên bình dương,11.0522383,106.6708227
Đề Thám Thái Bình,20.4484904,106.3410838
Đình Cả Võ Nhai Thái Nguyên,21.7515716,106.074215
Hồ chí Minh TP HCM,11.2851081,106.5221778
Từ sơn Bắc Ninh,21.1159424,105.9559119
Đại Học Bách Khoa Hà Nội,21.0055269,105.8435926
129 Lê đại hành Đà  Nẵng,16.0208607,108.1973699
B Chánh TP HCM,10.767565,106.6847937
Phường Hoa Lư Ninh Bình,20.2421142,105.9746207
12 Nguyễn công trứ phường 4 tp cao lãnh Đồng Tháp,,
Trung Van Đăk Lăk,12.6817811,108.0340146
Phường An Xuyên Cà Mau,9.2218303,105.1784503
An hữu cái bè Tiền Giang,,
PHường Tây Thạnh TP HCM,10.8130355,106.6227282
đak đoa Gia Lai,14.1155411,108.1756836
An Khánh TP HCM,10.7850885,106.7293654
Thành phố hồ chí minh TP HCM,10.8073613,106.7565052
185a Trích Sài Hà Nội,21.0527053,105.8124844
thanh pho Bac Giang Bắc Giang,21.1345952,105.9890361
Đak Nhau Bình Phước,,
Thừa Thiên Huế,16.4639321,107.5863388
43 Nguyễn Tri Phương Đà  Nẵng,15.8712301,108.3445601
1452 Phạm Văn Đồng TP HCM,10.8190992,106.6895084
Phường Bình Đông TP HCM,10.7283105,106.6379651
Phổ Yên Thái Nguyên,21.4517905,105.7568528
Phạm Văn Đồng Gia Lai,13.995254,107.999023
9/12 tăng ngơn phú TP HCM,,
Phạm hùng kangnam Hà Nội,,
TP Chí Linh Hải Dương,21.1086948,106.3853107
Liên Minh Hà Nội,21.1587992,105.4115465
Ha noi Hà Nội,21.0242596,105.8406959
Phường Gia Định TP HCM,10.8008668,106.6971226
192 Đường Số 30 TP HCM,10.7915481,106.7289983
nh phường Phước Nguyên Bà Rịa Vũng Tàu,,
bắc gia Bắc Giang,13.869511,109.1657134
q bình tân TP HCM,10.7703543,106.5995759
đường Võ Liêm Sơn phường Chánh Hưng TP HCM,,
238 Đường Trần Hưng Đạo Phú Mỹ Bà Rịa Vũng Tàu,,
Bau bang Bình Dương,11.3267808,106.674253
Phong nam Đà  Nẵng,15.9876909,108.1967342
Phường Buôn Ma Thuột Đăk Lăk,12.6843232,108.0508288
Số 6 đường số 3 KĐT Hà Quang 2 TP Nha Trang Khánh Hòa,,
Số 6 đường số 3 KĐT Hà Quang 2 Tp Nha Trang Khánh Hòa,,
Q.Cẩm Lệ Đà Nẵng,16.016946,108.2033469
phường Trường Vinh Nghệ An,18.6595616,105.6970309
121 tự phước phường xuân trường đà lạt Lâm Đồng,11.9446998,108.4955748
Đào Sư Tích Bắc Giang,21.2815944,106.2064579
Nghi Sơn Thanh Hóa,19.4531301,105.7325181
Ngõ 12 phố Quang Trung Hà Đông Hà nội (Đối diện cổng Trường Chuyên Nguyễn Huệ mới) Hà Nội,,
liên bão Bắc Ninh,21.1181336,106.0372281
Hạ long Quảng Ninh,20.9488856,107.1035074
long thành Đồng Nai,10.7862714,106.9511194
Số 15 ngõ 139 đường Tam Trinh Vĩnh Tuy Hà Nội,20.9929883,105.864346
26 mỹ đình Hà Nội,21.0330125,105.763343
Quỳnh Phụ Thái Bình,20.6426339,106.3334363
68 nguyễn tư giản TP HCM,10.8326452,106.6386462
1 Đ. Ni Sư Huỳnh Liên TP HCM,10.7835604,106.6488803
Biên Hoà Đồng Nai,10.9507929,106.8263284
Nam từ liêm Hà Nội,21.0067943,105.7864181
Cẩm giàng hải dương,20.9667289,106.1720565
Huyện lục nam tỉnh bắc giang,,
quận Tân phú TP HCM,10.7918681,106.6277515
Xã Việt Tiến Hải Phòng,20.7168279,106.4814932
282/7 lê thị riêng quận 12 TP HCM,,
p. Bình Trưng TP HCM,10.7887654,106.7551053
Số 2 châu văn liêm nam từ liêm hà nội,,
Việt trì phú thọ,21.3178347,105.4386546
quảng trị,17.2166964,106.9548246
P Phong Châu Phú Thọ,21.4144881,105.2293463
phường Phúc Yên Vĩnh Phúc,21.242436,105.7010112
Nguyễn An Ninh Hà Nội,13.9686046,107.9928253
định hòa Bình Dương,11.0957299,106.667765
Phường Đông Hưng Thuận TP HCM,10.835914,106.6221978
Thi sob kim bang ha nam Hà Nam,,
Châu Thành Tiền Giang,10.4483536,106.3450546
Thôn yên sơn xã ba vì huyện ba vì ha nội Hà Nội,,
Thanh mieu phu tho Phú Thọ,21.3323873,105.366022
Từ liêm Hà Nội,21.0216051,105.766512
Xã yên châu tỉnh sơn la,21.0807033,104.2943233
203 Nguyễn thị Búp p Tân Chánh hiệp quận 12 TP HCM,,
Tăng nhơn phú TP HCM,10.8449268,106.7864288
P Yên Bái,21.7097514,104.8872083
Chon thanh binh phuoc Bình Phước,11.494025,106.8226114
Thành phố Hòa Bình,20.884047,105.3694992
645 Song Hành Tân Xuân Hóc Môn TP HCM,,
03 Vincom Kiên Giang,,
thanh xuân hà n Hà Nội,20.9916633,105.7969224
Tân Dương Đồng Tháp,10.2799081,105.7164348
Long BIên Hà Nội,21.0232241,105.898496
Đống đa Vĩnh Phúc,15.9226966,107.6494448
Định công hoàng mai Hà Nội,20.9816823,105.849816
Thị xã Phú Thọ,21.4144881,105.2293463
23 Tô Hiến Thành Đà  Nẵng,16.0637252,108.2417867
Thuy Loi 2 Tan Minh Soc Son Hà Nội,,
Đường 10 khánh an yên khánh ninh binh Ninh Bình,,
Đông Hải Phòng,20.8939676,106.6510216
Ngoc hà Nội,20.9590085,105.8426529
Ngõ 90 phố Gia Quất Long Biên Hà Nội,,
Thanh Sơn Phú Thọ,21.0872683,105.1965704
97 Lê Đức Thọ P7 Gv Hcm TP HCM,,
Sóc Sơn hà nôi Hà Nội,21.2605178,105.8271978
295 Tân Kỳ Tân Quý TP HCM,10.8013362,106.62605
thái Nguyên,21.9610968,105.8440789
33 mạc thái tổ cầu giấy Hà Nội,21.0175285,105.7907464
KDT Việt Hưng Long Biên Hà Nội,,
Hochiminh TP HCM,10.7242204,106.7311013
Kim thành hải dương,20.9242925,106.3190155
Toà park 9 times city Hà Nội,20.9910857,105.8688406
thành phố bắc giang,21.2215587,106.2395228
Định Quán Đồng Nai,11.2004982,107.356559
324 Chu Văn An Bình Thạnh TP HCM,10.812343,106.7024133
Đà nẵng,16.068,108.212
p an phú Bình Dương,10.986488,106.727314
711 Hùng Vương Bình Định,20.4363021,106.18086
Cẩm Khê Phú Thọ,21.3846984,105.1054532
Vĩnh Cửu Đồng Nai,10.6866644,106.8387326
Thạch Hà Tĩnh,18.3583029,105.8211328
431 đường hạ long bãi cháy quảng ninh,20.947574,107.0293264
tp Thanh Hóa,19.8053115,105.752611
199e Phạm Văn Đồng Gia Lai,14.0132736,107.9993165
Phường vĩnh yên tỉnh phú thọ,21.2971727,105.5705848
Quỳnh phụ Thái Bình,20.6426339,106.3334363
Dăk Lăk Đăk Lăk,12.4232112,108.1776243
TP Vị Thanh Hậu Giang,9.7812488,105.4688292
34 vạn kiếp thượng lý hồng bàng hải phòng,20.8586306,106.6691652
S102.15a06 vinhomes ocean Park gia lâm Hà Nội,,
Ha Nội Hà Nội,21.0242596,105.8406959
1105 tỉnh lộ 10.tân tạo.tp hcm,10.7601888,106.5738584
Đường Phan Bội Châu Quảng Ngãi,14.589817,108.2913015
160 Lương khánh thiện Hải Phòng,20.8552391,106.6854248
phường cẩm phả Quảng Ninh,21.0096177,107.272916
Tx Hồng Lĩnh Hà Tĩnh,18.5339385,105.7118457
Kd8 84 vinhomes ocean park2 Hưng Yên,,
P Bến Thành Q1 TP HCM,10.7703806,106.6951066
6/14 đường 3/4 phường Xuân hương Lâm Đồng,,
Truong Quang Trong Quảng Ngãi,15.1477105,108.7979161
188 Nguyễn Xí TP HCM,10.8164225,106.7070812
tan khanh tan uyen binh duong Bình Dương,11.0146077,106.702282
Kiên an Hải Phòng,20.8078776,106.6249332
Đức Thọ Hà Tĩnh,18.4888555,105.6054353
48 Bạch Đằng Hà Nội,21.0182417,105.8640112
An biên Hải phòng,20.8300834,106.6800525
6/16a kp5 phường thống nhất Biên Hoà Đồng Nai,,
Trung văn Hà Nội,20.9910797,105.7926402
Ngõ 242 đường vạn phúc Hà Nội,21.1447603,105.8294041
Phú Thái Hải Phòng,20.9701087,106.505421
07 Hoàng Minh Giám P Đức Nhuận TP HCM,10.8107872,106.6757405
Lâm Thao Phú Thọ,21.3265218,105.2894504
Tinh Gia Lai Bình Định,14.1086959,109.1145897
tổ 28 long biên Hà Nội,21.0285862,105.8978894
phường Ngô Quyền Hải Phòng,20.8669098,106.7014839
tp Thái nguyên,21.5874871,105.8015959
Hải Thượng Lãn Ông _ Lam Sơn _ tp Hưng Yên,,
Quang trung Tp Thái Nguyên,21.5761311,105.8283617
xã phụng công Hưng Yên,20.960813,105.9165939
P. Bình Đông (Q.8 cũ) TP HCM,,
Bàu Báng Bình Dương,11.3267808,106.674253
Thành phố Bắc Giang,21.2215587,106.2395228
Phường 15 Quận Tân Bình TP HCM,10.7989297,106.7209052
trảng bom Đồng Nai,10.9531344,107.0041964
Phú Nhuận TP HCM,10.7954498,106.6754705
phù đổng gia lâm hà noi Hà Nội,21.0416977,105.9394166
Phường năng tĩnh Nam Định,20.4145609,106.1697942
phường Tân An Đăk Lăk,12.7099722,108.1085201
bắc giang,21.3740092,106.4663176
Quốc lộ 3 Thị trấn Đông Anh Hà Nội,,
Khối 5 phù lỗ sóc sơn hà nội,,
tp ninh bình,20.2718862,105.9650163
quận Phú Nhuận TP HCM,10.8010061,106.6797643
phổ yên thái nguyên,21.4517905,105.7568528
Kim Động Hưng Yên,20.755142,106.0301909
4 to ba ria tinh Brvt Bà Rịa Vũng Tàu,,
chung cư Ehome 2 TP HCM,10.8105682,106.7864312
tỉnh lào cai,22.3069302,104.1829592
Hà Nộ Hà Nội,21.175535,105.8586376
Fpt đà Nẵng Đà  Nẵng,15.9829318,108.2616003
phường Vỹ Dạ Thừa Thiên Huế,16.4796817,107.5989146
Long Nguyên TP HCM,11.3040262,106.5073316
Pham van dong Hà Nội,21.0622561,105.7841145
Phường Đức Nhuận TP HCM,10.8059609,106.6784893
Binh duong Bình Dương,14.2930359,109.0885885
Cau Giay. Ha Noi Hà Nội,21.0292159,105.8033629
tỉnh Tuyên Quang,22.3382057,105.0715846
Nơ 20 Pháp Vân Hà Nội,20.9681689,105.8426436
2quỳ hợp nghệ an,,
77 khu phố long thới phường lái thiêu tp thuận an TP HCM,,
21/7 Lê Thành Phương Phú Yên,21.323564,105.6029061
Khu công nghiep hoà cầm Đà  Nẵng,16.0055145,108.1785831
Tỉnh Bắc Ninh (mới) Bắc Giang,21.1258442,105.9748505
Bac Quang Hà Giang,22.416992,104.8248675
Nhơn Trạch Đồng Nai,10.7376129,106.9451341
Gia nghĩa Đăk Nông,11.9112851,107.6546186
nha trang Khánh Hòa,12.2084991,109.2871204
La phù hoài đức hà nội,,
phú yên,13.1998999,109.2390033
118 lê quang đạo nam Hà Nội,21.0150873,105.7679704
Buôn ma thuột Đăk Lăk,12.6612624,108.0310213
thành phố Lạng Sơn,21.855262,106.7432662
Tp Hà Giang,22.8168007,104.9504515
Diễn Châu Nghệ An,19.0219957,105.5783775
KM 57 thị trấn Eakar Đăk Lăk,,
31 đường số 21b phường bình trị đông b quận bình tân tphcm TP HCM,,
2 đặng thái thân Hà Nội,21.0227184,105.8584905
huyện Tân Thạnh Long An,10.6069908,106.0467695
yên lạc Vĩnh Phúc,21.3064256,105.5985972
so 6 duong so 1 khu dan cu trung son TP HCM,,
P. Vườn Lài TP HCM,10.7667271,106.6738236
Sóc sơn Hà Nội,21.2597163,105.8508041
Đường đôi tế tiêu Mỹ Đức Hà Nội,20.6757637,105.7519785
Thành phố ninh bình,20.2570797,105.9793194
binh Đinh Bình Định,13.887191,109.101382
861 Trần Xuân Soạn quận 7 TP HCM,,
Tây Mỗ Hà Nội,21.0004862,105.7484798
tri Tôn An Giang,10.4122221,104.9709438
Ninh giang Hải Dương,20.2996561,106.2863466
Xã yên thành Nghệ An,19.0003488,105.4726175
thuỷ nguyên Hải Phòng,20.9179864,106.6748497
Thành Phố Hải Phòng,20.8623278,106.6799266
Giáp Bát Hà Nội,20.9785715,105.8405631
từ sơn Bắc Ninh,21.1159424,105.9559119
Bình Phước (cũ) Bình Phước,10.4556135,105.5522014
29 lê lợi xã đak đoa tỉnh gialai Gia Lai,,
Bắc Từ Liêm Hà Nộ Hà Nội,,
Bình Minh Hải Dương,19.9890829,106.0531676
Tp đồng xoài. Bình Phuoc Bình Phước,11.5287323,106.8752552
PleiKu Gia Lai,13.9773432,108.0002025
xã Sông Hinh Phú Yên,,
Vĩnh yên vĩnh húc Vĩnh Phúc,,
xã Tân An Hội TP HCM,10.9702851,106.4651356
hoàng mai Hà Nội,20.9741008,105.8621072
Huyện Krông Pắk Đăk Lăk,12.6872326,108.2951241
phường bà rịa Vũng Tàu,10.3490123,107.0785793
21 Trần Đại Nghĩa .p An Cựu .tp.huế Thừa Thiên Huế,,
Đồng XOài Bình Phước,11.4937299,106.8658745
ngũ hành sơn Đà  Nẵng,16.00402,108.2627745
Quan Hoa cầu giấy Hà Nội,21.0254507,105.7895637
Le loi vinh Nghệ An,18.6784051,105.6743702
4b/22/155 Trần Thái Tông Nam Định,,
42 Trần Quang Cơ TP HCM,10.8842997,106.6288201
Long Bien Hà Nội,21.0399392,105.8499991
Tổ Dân Phố Giao Quang Hà Nội,,
buôn ma thuột Đăk Lăk,12.6612624,108.0310213
daklak Đăk Lăk,12.4232112,108.1776243
052 hoàng sơn thanh sơn phú thọ,10.794681,106.6195854
văn Miếu Quốc Tử Giám Hà Nội,21.0242596,105.8406959
Lê văn tám Gia Lai,13.9745314,108.0162146
53 Triều Khúc Hà Nội,20.9847258,105.8000419
Xuân trường Nam Định,20.4436536,106.1849015
Phường phú lợi thủ dầu một Bình Dương,10.9946813,106.6528914
hải ph Hải Phòng,20.856022,106.6875207
Thị trấn xuân trường Nam Định,,
Tp Trà Vinh tỉnh Trà Vinh,9.9516235,106.3322332
158 phô viet hung Hà Nội,21.0540902,105.9028062
Xã Phú Lý Bình Dương,20.5083457,105.9299503
3/12 Nguyễn Duy Trinh Đăk Lăk,12.9450065,108.2593917
Phường Xuân Trường Lâm Đồng,11.9460331,108.4908994
347 tran khat chân Hà Nội,21.0083719,105.865898
Đường Do nha 4 phường Hồng an Tp Hải Phòng,20.8923544,106.6020213
Lê chân hải phòng,20.8450107,106.676396
614luybanbich TP HCM,,
Xà Thuận An Hà Nội,21.0329011,105.9821383
P9 Đà Lạt Lâm Đồng,11.9402416,108.4375758
Nhân Chính Hà Nội,21.0049809,105.8019364
Thanh Oai Hà Nội,20.8440838,105.7677486
159 Đổ Quang Đà Nẵng,15.5749675,108.4701618
Hòa Khánh Đà Nẵng,16.0502691,108.1546403
Đông anh hà nội,21.1536239,105.8519612
Xã Hồ Vương Thanh Hóa,20.0190581,106.0066905
Điện Biên,21.6546566,103.2168632
P. T M Tây TP HCM,,
tỉnh Phú Thọ,21.3007538,105.1349604
Số 45 ngõ 102 Khuất Duy Tiến Hà Nội,,
Hoàng Vân Bắc Ninh Bắc Giang,21.2752355,106.2050002
linh đông thủ đức TP HCM,10.8484399,106.746927
Đuờng Tân Bình Phường Cẩm Phả Quảng Ninh,,
47 Nguyễn Cư Trinh Thừa Thiên Huế,16.4662422,107.5691991
Đà nẳng Đà  Nẵng,16.071571,108.2093029
Phường Vĩnh Phúc Phú Thọ,21.3169419,105.6047367
Phạm hồng thái Đà lạt Lâm Đồng,11.9426508,108.4609375
Long An TP HCM,10.480828,107.2008562
Bách quang thái nguyên,21.5050603,105.8689946
Vạn phúc hà đông Hà Nội,20.9803574,105.7756187
Đức linh Lâm Đồng,11.1947987,107.5343184
Yên Trung Bắc Ninh,21.2303034,105.9987577
26 thôn 1 Quảng Bị Chương Mỹ Hà Nội,,
K70 Thái Phiên Đà  Nẵng,16.0654052,108.221501
Nghĩa hưng chư păh gia lai,,
10k Phan Đăng Lưu. P. Gia Định TP HCM,10.802612,106.6985868
8 Trương Hán Siêu Khánh Hòa,12.2191735,109.1911152
quảng Nam. Quảng Nam,24.0506895,105.0628917
n16 ngõ 275 trần đăng ninh Cầu Giấy hn Hà Nội,,
tỉnh Lâm Đồng Bình Thuận,10.9685906,108.0032715
phường Biên Hoà Đồng Nai,10.9339773,106.8029158
Thủ Dầu Một TP HCM,10.9808621,106.6537419
Q12 hcm TP HCM,10.8627506,106.700876
Ho chi minh quan 7 TP HCM,10.7767437,106.7032488
35 lê hoàn phường hà nam tỉnh ninh bình Hà Nam,20.5590014,105.9203637
tp vũng tàu Bà Rịa Vũng Tàu,10.4908509,107.1842843
17 Vu Pham Ham Cau Giay HN Hà Nội,21.0195848,105.8007395
149 Lý Thái Tổ Thừa Thiên Huế,16.4839194,107.5491099
Bến Tre,9.8837431,106.7340154
54 hồ hoà kp5 P.tân Triều T.đồng Nai,,
Xã Kim Anh Hà Nội,21.2954733,105.7737938
TP. Việt Trì Phú Thọ,21.3323873,105.366022
Q.Tân Bình TP HCM,10.8030699,106.6522252
70 Trương Công Giai Hà Nội,21.0325723,105.789758
Q Tân Phú TPHCM TP HCM,10.7918681,106.6277515
Quận Từ Liêm Hà Nội,21.0367697,105.7673841
phường Hoàng Liệt TP Hà Nội,20.9619101,105.83654
5 Trương Văn Lĩnh phường Vinh Phú Nghệ An,18.7051945,105.6844113
ha Noi Hà Nội,21.0242596,105.8406959
Tp.Thủ Đức TP HCM,10.8510238,106.7548953
Phường Xuân Đỉnh Hà Nội,21.0668425,105.7960227
Tổ 9 Bồ Đề Long Biên Hà Nội,,
Q Nam Từ Liêm Hà Nội,21.0185679,105.7576128
Phường Dịch Vọng Hậu Hà Nội,21.0347452,105.784706
Đông Ngạc Hà Nội,21.07612,105.7789506
khu đô thị Hoà Vượng Nam Định,,
Xã  la Bằng Thái Nguyên,21.6421625,105.6261495
38 Châu Thị Hoá P4 Q8 TP HCM,,
Số 1 Dương Đình Nghệ Hà Nội,21.0290614,105.7953929
Lkg 03.6 Hoàng Huy Riverside Hải Phòng,,
Hạ Yên Quyết Hà Nội,21.0233342,105.7952342
466 Hoàng Hoa Thám Hà Nội,21.0463572,105.807238
Phường việt trì Phú Thọ,21.3162569,105.3827352
Ngọc Khánh ba đình hà nội,21.0305405,105.806702
long hương Bà Rịa Vũng Tàu,10.5167208,107.1601957
Duong Kinh Hải Phòng,20.7773054,106.7293245
99 Tân Mai Hà Nội,20.9842861,105.8475292
2697/3a Quốc Lộ 1a An Phú Đông Q12 TP HCM,,
17 lê Chân. Nha trang Khánh Hòa,12.242585,109.1849789
Thới Tam Thôn Hóc Môn TP HCM,10.8837405,106.6086761
Binh tan TP HCM,10.7936653,106.5897712
mộ lao hà đông Hà Nội,20.981338,105.7839611
Ngọc Hồi Hà Nội,20.9233689,105.8426967
Đường số 85 Tân Quy quận 7 TP HCM,,
395 Nguyễn Xiển Hà Nội,20.97697,105.8110618
25 Brg Lê Văn Lương Nhân Chính Hà Nội,,
TP. Hạ Long Quảng Ninh,20.9527405,107.1057622
Số 11 nghách 142/16 tập thể giày da Yên Viên Hà Nội,,
phường Tân Chánh Hi TP HCM,,
Đường Quốc Lộ 51 Đồng Nai,10.9011024,106.8522139
Quan 5 TP HCM,10.7558252,106.6682845
quận 8 TP HCM,10.7211158,106.6292079
Q Hai Bà Trưng Hà Nội,21.005453,105.8606225
TP. Thanh Hóa,19.8053115,105.752611
Hoàng Mai (gần Bx Nước Ngầm) Hà Nội,,
537/28 nguyễn oanh phường 17 gò vấp TP HCM,,
Thành Phố Việt Trì Phú Thọ,21.3323873,105.366022
21H Phạm Hùng TP HCM,10.7070526,106.6853231
Phường Phú Định TP HCM,10.7236637,106.6294917
Tc1 Bến Cát Bình Dương,,
Phước Đồng Khánh Hòa,12.2062702,109.1433185
52 Lương Định Của P.An Khánh Quan 2 TP Thủ Đức TP HCM,,
29 Trần phú phường nam Hồng lĩnh Hà Tĩnh Hà  Tĩnh,18.5317633,105.6864424
160/8 trần hưng đạo Quảng Ngãi,15.1237651,108.8001216
La Bằng Thái Nguyên,21.6421625,105.6261495
Phường Cầu Giấy Hà Nội,21.0286704,105.7866045
Greenbay Hà Nội,20.9982648,105.787668
tỉnh thái nguyên,21.9610968,105.8440789
120 trần thái tông TP HCM,10.8192273,106.6321389
Ninh Sơn Ninh Thuận,11.5860355,108.9864476
Lê Hồng Phong Đà Lạt Lâm Đồng,11.9332239,108.4302132
phường Vĩnh Phúc,21.3169419,105.6047367
72 đường 15 p4 quận 8 TP HCM,,
Hoàng Vân Bắc Ninh,21.3903396,105.9801135
Chợ nguyên khê đông Anh Hà Nội,,
390 Nguyễn văn cừ Long biên Hà Nội,21.0258427,105.9222801
Phường Phú Bài Thừa Thiên Huế,16.409296,107.6779818
Thôn 5 thọ ngọc triệu sơn thanh hóa,,
594/11 hương lộ 2 phường bình tri đông TP HCM,10.7648509,106.6028066
119 Lê Văn Lương Hà Nội,20.9994931,105.7972341
Thanh  Hóa Thanh Hóa,19.8053115,105.752611
Số 4 đường 3/4 đà lạt Lâm Đồng,,
Hóc  Môn Tp hcm,10.8860463,106.5927134
Quận Bình Thạnh TP HCM,10.812271,106.7040393
Phường Tứ Minh Hải Phòng,20.9289429,106.2788236
198 song hành phường tân hưng thuận quận 12 TP HCM,,
Linh đàm Hà Nội,20.9674993,105.8365778
phường Chương Mỹ Hà Nội,20.9230945,105.7036533
Biên giang Hà Nội,20.9295202,105.7223742
K10 bến thuỷ p trường vinh nghệ an,18.6463418,105.7085195
tp hà nội,21.0283334,105.854041
31 Lê Văn Lương Hà Nội,21.0038722,105.8032068
175 vạn phúc hà đông Hà Nội,20.9803574,105.7756187
Đông hiếu nghệ an,19.2796939,105.4770346
650 su van hanh p12 quan 10 TP HCM,,
Xã Phù Ninh Phú Thọ,21.4144881,105.2293463
61 Duong 5 Q2 Tphcm TP HCM,10.8115466,106.7280902
Tổ 4 Đồng Hỷ Thái nguyên,21.660016,105.8300235
phường tân phú TP HCM,10.7761892,106.6384144
399 Nguyễn Xiển Hà Nội,20.977458,105.8115466
152 Phủ Thượng Đoạn Hải An Hải Phòng,,
2 Nguyễn Khuyến Hà Nội,20.9699914,105.7919867
111 lê lai Đà  Nẵng,15.57123,108.4755565
Phường 7 Bạc Liêu,9.2855006,105.723904
phường An khê tình Gia lai,13.9530571,108.6568354
Thái Thuỵ Thái Bình,20.5707697,106.5503791
Vũng tàu Bà Rịa Vũng Tàu,10.3505359,107.0715014
Lê Văn Thiêm Hà Nội,21.0008769,105.8038142
Long Thành Đồng Nai,10.7862714,106.9511194
159 Chu Mạnh Trinh P8 Bà Rịa Vũng Tàu,,
42 Hàng Cháo Hà Nội,21.0301112,105.8345747
Cầu Giấy (Sau Tổng cục Hải quan) Hà Nội,,
256 trần phú đa nẵng Đà  Nẵng,16.0664573,108.2236852
Đông hưng Thái Bình,20.5560224,106.3491844
Thành phố Hà Tĩnh Hà  Tĩnh,18.3728753,105.9358416
biên hoà Đồng Nai,10.9507929,106.8263284
Quận Ngũ Hành Sơn Đà Nẵng,16.0063515,108.2507478
Kiến Hưng Hà Nội,20.954362,105.7750818
Tân Uyên Bình Dương,11.0603116,106.6879506
Bàu bàng Bình Dương,11.3150122,106.6787898
726 kinh dương vương TP HCM,10.7500717,106.6291614
phường Phan Đình Phùng Thái Nguyên,21.5873786,105.840539
Tiền thăng hả noi Hà Nội,21.2328597,105.6674831
Phường chiềng cơi Sơn La,21.3186571,103.914079
An thắng an lao hai phong Hải Phòng,20.8198386,106.5787
94 trân thi bầu xã tân an hôi tphcm TP HCM,10.9580343,106.4941077
39nguyên hồng p. năng tĩnh tp. nam định,,
Hung Yen Hà Nội,20.9329913,105.9914078
139/6h Tân Hiệp TP HCM,,
Xa An Lao Hải Phòng,20.8218683,106.5560419
46 ngô quyền Hà Nội,21.1430752,105.5005122
An Giang,10.3188672,105.0432488
Phường tăng nhơn phú A. thủ đức.quận 9 TP HCM,,
Tdp yên xá/phường mỹ hào Hưng Yên,,
264 Võ Văn Kiệt Đăk Lăk,12.6386503,108.0101211
Giải Phóng Hà Nội,20.9711666,105.8416752
Tân Thuận TpHCM TP HCM,10.7525163,106.7283777
Xã Thiên Lộc Hà Nội,21.1258664,105.760677
Tp bắc ninh,21.1751704,106.0593983
99a nguyễn xiển vĩnh phương nha trang khánh hoà Khánh Hòa,,
Thành phố Huế Thừa Thiên Huế,16.4564881,107.5780488
Quảng Ngãi,14.9953739,108.691729
tỉnh Gia Lai,14.0201373,108.6354524
thái bình Phú Thọ,20.4945085,106.3395089
Dak Lak Đăk Lăk,12.6921651,108.0637031
ấp bàu đưng TP HCM,11.0854075,106.4838208
tp Vũng Tàu Bà Rịa Vũng Tàu,10.4908509,107.1842843
xã Bến Cầu Tây Ninh,11.1160901,106.1779933
đà Nẵng Đà  Nẵng,16.071571,108.2093029
Bắc ninh,21.3282166,106.4625257
tỉnh Đắk Lắk Đăk Lăk,12.4232112,108.1776243
Ninh bình,20.2572874,105.971931
hà tĩnh Hà  Tĩnh,18.3728753,105.9358416
125 nguyễn sơn long biên Hà Nội,,
Phước Sơn Bình Định,13.8706782,109.1887184
Phú yên,13.1998999,109.2390033
Hà Nội Hà Nội,21.0242596,105.8406959
Tinh lam dai thanh quoc oai Hà Nội,,
phường Gia Định TP HCM,10.8008668,106.6971226
Phú Mỹ Hưng TP HCM,10.7312959,106.7075999
Hạ Long Vân Đồn Quảng Ninh,21.082538,107.4392617
Km13 quốc lộ 26 Đăk Lăk,12.6996102,108.142239
phường Nam Định,20.4229775,106.1725798
Ngo gia tự phường quán bàu thành phố vinh Nghệ An,,
631 tổ 26 ấp trung mỹ hiệp chợ mới An Giang,,
Tp Hà Tĩnh Hà  Tĩnh,18.3728753,105.9358416
14e24 thảo điền TP HCM,10.8060262,106.7354431
tổ 9 tân thịnh tp hòa bình,,
Bình gia Lạng Sơn,22.0584826,106.2786565
389a Nguyễn Xiển Hà Nội,20.97697,105.8110618
188 Nghi Tàm Tây Hồ Hà Nội,21.0584641,105.8323558
tổ 17 ngọc thụy bồ đề hà nội,21.0415891,105.865217
tổ 61 Phan Đinh Phùng Thái Nguyên,,
51 Bình Thuận tổ 12 Tân Quang phường Minh Xuân Tuyên Quang,,
Toà S1.10 Vinhome Ocean Park 1 Hưng Yên,,
Khu đô thị Hinode Royal Park Hà Nội,,
Thôn 2 xã đồng tuyển tp Lào cai,,
47 Ngõ 38 Khúc Thừa Dụ P. Cầu Giấy Tp Hà Nội,,
85 nguyễn thị xiếu. Tân thuận. Tphcm TP HCM,10.7524926,106.7224644
chung cư gold mark city Hà Nội,,
128 nguyễn xiển thanh xuân Hà Nội,20.9825917,105.8114969
phường xuân đỉnh Hà Nội,21.0668425,105.7960227
Sn42 ngõ 31 Lương Khánh Thiện Hà Nội,,
Khai quang vĩnh yên Vĩnh Phúc,21.3069987,105.6319456
Lê thạch Đà  Nẵng,16.0547449,108.1724828
Long Khánh Đồng Nai,10.9261189,107.24822
Khu phố 5 TP HCM,10.8147909,106.7196866
Thành phố hoa lư tỉnh Ninh Bình,20.2498255,105.9565342
tỉnh Lai Châu,22.2921668,103.1798662
Tòa nhà Vimeco Phạm Hùng Cầu Giấy Hn Hà Nội,,
Khối Hải Nam phường Cửa Lò Nghệ An,,
Tây hồ hà nội,21.0627805,105.8184637
Vinhomes thăng long Hà Nội,20.9981325,105.7196537
Cảm hội Hà Nội,21.0109942,105.8605345
Lê trọng tấn thanh xuân hà nội,20.9919008,105.8334299
55 tố hữu nam từ liêm hà nội,,
T2 đức diễn phú diễn hà nội,21.0533488,105.7534306
Da nang Đà  Nẵng,16.071571,108.2093029
Ngọc Hồi  Hà Nội,20.9233689,105.8426967
122 lĩnh nam Hà Nội,20.9764947,105.8962454
Tỉnh Thái Nguyên,21.9610968,105.8440789
Phường rạch giá Kiên Giang,10.0382245,105.0793489
vĩnh Phúc,24.9835232,109.9783989
khánh Hoà Khánh Hòa,12.4894951,109.1238365
qn Quảng Ninh,20.9418032,107.1170147
Phường thành sen Hà  Tĩnh,18.3393261,105.9028546
Xuân Sơn Quảng Ninh,21.0805158,106.5456086
thị trấn Kim Tân Thanh Hóa,10.6761017,107.248198
Krông Păc Đăk Lăk,12.6872326,108.2951241
Huyện tam dương vĩnh phúc Hà Nội,,
thái nguyên,37.8699921,112.5437075
Viet Nam Quảng Bình,17.5157162,106.6225405
xã An Nhơn Tây TP HCM,11.088628,106.5140228
huyện Lạng Giang Bắc Giang,21.3633935,106.2613052
Tp hưng yên,20.6589314,106.0619857
Thủ Thiêm TP HCM,10.7695114,106.7079912
Xã Quỹ Nhất Tỉnh Ninh Bình Nam Định,20.0677985,106.2032796
Tổ 2 xã Trùng Khánh tỉnh Cao Bằng,22.8365009,106.52612
Quận Tân Phú TP HCM,10.7918681,106.6277515
3/8a nguyễn thị sóc xã bà điểm TP HCM,10.8560505,106.6015255
92 Nguyễn Hữu Cảnh . Thạnh Mỹ Tây TP HCM,10.7902251,106.7181598
147 vạn phúc hà đông hà nội,20.9803574,105.7756187
Mo Lao Ha Dong Hà Nội,20.9808899,105.7853506
Phường Bảy Hiền TP HCM,10.7895387,106.6472288
Hồng Bàng Hải Phòng,20.868587,106.6518479
phường Thành Nhất Đăk Lăk,12.6437385,108.0047747
Hai bà trưng hà nội,21.0149457,105.8520631
198 Trần Quang Khải Hà Nội,21.0280269,105.8576497
Quan 5 hcm TP HCM,10.7558252,106.6682845
Quảng Phú Đăk Lăk,12.8170477,108.0801717
Tp Hồ Chí Minh Bà Rịa Vũng Tàu,10.4908509,107.1842843
TP  HCM TP HCM,10.8373657,106.6340088
Khối 6 Phường vinh Lộc Nghệ an,,
Nam Trung Yên Hà Nội,21.0101811,105.7909347
nam sách Hải Dương,20.9770836,106.3612919
167 lạc long quân hiệp định thanh điền Tây ninh,,
Chung Cu B6B _ Nam Trung Yên Hoà Cầu Giấy Hà Nội,,
Tp Hcm Bình Dương,11.0603116,106.6879506
Khu đô thị icc lạch tray hải phòng,,
Quận Ninh Kiều Cần Thơ,10.0321481,105.7664361
phường bến thành TP HCM,10.7703806,106.6951066
phu tho Phú Thọ,21.4144881,105.2293463
quận 1 TP HCM,10.7753939,106.6996249
Thôn 10 hoà hậu lý nhân hà nam,,
Sam son Thanh Hóa,19.7428636,105.8807008
Phuong chanh nghĩa Bình Dương,10.9647894,106.6865399
Hàng kênh Lê Chân Hải Phòng,20.8505452,106.6852714
Quận Đống Đa Hà Nội,21.01451,105.8234093
tu liem Hà Nội,21.0216051,105.766512
Phường Tân Hưng TP HCM,10.739937,106.7034261
46 Láng Hạ Hà Nội,21.0139878,105.8085138
19 lô 15b Lê Hồng Phong Hải Phòng,,
Ngã Tư Sở Hà Nội,21.001498,105.8267372
Phường Hoà Cường Đà Nẵng,16.0416286,108.2175304
Phường Vinh Phú Nghệ An,18.7034318,105.6832045
P. Cầu Giấy Hà Nội,21.0286704,105.7866045
Tp Hn Hà Nội,21.0242596,105.8406959
Q Ninh Kiều Cần Thơ,10.0321481,105.7664361
Q. Hoàn Kiếm Hà Nội,21.0307816,105.8540626
Quận Long Biên Hà Nội,21.036727,105.898499
Hương lộ 2 tphcm TP HCM,10.766518,106.6001151
292 Độc lập Ql 51 Phường Phú Mỹ TP HCM,10.6135853,107.056993
Q.Bình Thạnh TP HCM,10.812271,106.7040393
Q11 TP HCM,10.7737261,106.7166008
An phú Đông TP HCM,10.8609713,106.6917863
n5c Hoàng Đạo Thuý Hà Nội,21.0063724,105.8030719
Kđt Mễ Trì Hạ Hà Nội,21.016654,105.780491
15 nguyển thị mười p4q8 TP HCM,,
Quận 06 TP HCM,10.7201426,106.7287487
Phường 2 Bảo Lộc Lâm Đồng,11.5837341,107.7358796
Binh thanh TP HCM,10.8111809,106.7033938
huyện Hóc Môn TP HCM,10.8777329,106.5760523
Quận 4 Tphcm TP HCM,10.7607538,106.7070798
Phường Phú Thạnh TP HCM,10.7720313,106.626956
659 lạc long quân. Hà Nội,21.0702469,105.8116436
84 chùa láng Hà Nội,21.0257576,105.8060025
73 Nguyễn Chí Thanh phường Minh PhụngnTPHCM TP HCM,,
11 Phường Bình Trị Đông TP HCM,10.7679017,106.6095921
92 Đào Tấn Hà Nội,21.0344665,105.8052462
Gia thuỵ long biên Hà Nội,21.0447291,105.8949017
khu đô thị PG an đồng hải phòng,20.8458431,106.6520769
032 lý công uẩn . P lào cai,22.482221,103.9738387
350 lê duẩn Đà  Nẵng,15.7752409,108.3287801
Thon Bau xa Thien Loc Hà Nội,,
Trung Hoa Cầu Giấy Hn Hà Nội,21.0318827,105.7970678
Quận Bình tân TP HCM,10.7703543,106.5995759
Ngã tư sở Hà Nội,21.001498,105.8267372
Hải an Hải Phòng,20.8247021,106.7215727
54 hàng gai hoàn kiếm Hà Nội,21.0317467,105.8498075
Sala hcm TP HCM,10.9079981,106.6612862
Tan phong Q7 TP HCM,10.8008846,106.6773291
ngo quyen Hải Phòng,20.8669098,106.7014839
Kcn Nam Thăng Long Hà Nội,21.0809966,105.7615604
Phường thạnh mỹ lợi TP HCM,10.7707318,106.7702559
336 Nguyễn thị lưu Bắc Giang,21.2838498,106.2036366
Lương Thế Vinh Hà Đông Hà Nội,21.0859925,105.658882
4/86 hiệp thành 2 hiệp thành quận 12 hcm TP HCM,,
hoàn kiếm hà nội,21.0323032,105.8506925
T9 Times City Hà Nội,20.993436,105.869589
153 Quốc Lộ 13 P.bình Thạnh TP HCM,10.809905,106.7122456
66 Ô Chợ Dừa Hà Nội,21.023723,105.8271072
Thành Phố Vinh Nghệ An,18.7358406,105.6906101
Cái Rằn Cần Thơ,,
Vt Ecopark Hưng Yên,,
209 trần Thành mai TP HCM,10.7552835,106.5887472
25 Nguyễn Minh Châu Tân Phú TP HCM,10.7826261,106.6418442
Vinhomes Riverside Hà Nội,21.046071,105.9116194
205 Khuất Duy Tiến Hà Nội,21.0035828,105.7933791
Phương Hai Bà Trưng Hà Nội,21.0149457,105.8520631
168 Nguyễn Khánh Toàn Hà Nội,21.0377187,105.8011512
QL1A  Bình Tân TP HCM,10.7936653,106.5897712
1340 đường 3/2 p2 quận 11 TP HCM,,
nhơn hội thành phố Quy Nhơn Bình định,,
phường hạc thành Thanh Hóa,19.8128131,105.7677621
P11 Q6 TP HCM,10.8294548,106.5905713
R4 royal city Hà Nội,21.0006496,105.8161446
kieulongit@gmail.com Hà Nội,,
326 nguyễn thượng hiền TP HCM,10.8052751,106.6869365
Tỉnh Thanh Hóa,19.9781573,105.4816107
262 Luỹ Bán Bích TP HCM,10.7933675,106.6378998
Số 1 hoàng diệu Hải Phòng,20.8649992,106.6858657
Trảng Dài Đồng Nai,10.9926055,106.865226
saigon pearl TP HCM,10.7909137,106.7190326
gia Lai,14.0201373,108.6354524
lạng giang bắc Giang,21.2918816,106.2346575
Vinhome Tây Mỗ Nam Từ Liêm Hà Nội,,
994 kha vạn cân p linh chiểu q thủ đức TP HCM,,
Bình chánh TP HCM,10.6638681,106.5703407
tp Hà Nội,21.0283334,105.854041
Symphony midtown Phu My Hung Quận 7 TP HCM,,
Cau Giay Ha Noi Hà Nội,21.0292159,105.8033629
3/2 Q11 TP HCM,10.7754827,106.6800652
80 Trung Tuu Hà Nội,21.0669838,105.7362731
346 Ben Van Don P1 Q4 TP HCM,,
68 đường số 10 Kdc trung Sơn bình Chánh TP HCM,,
Ha Nôi. Hà Nội,21.0242596,105.8406959
Buon Ma Thuot Đăk Lăk,12.6612624,108.0310213
Me tri ha noi Hà Nội,21.0091306,105.7798218
Tp Nam Định,20.4377742,106.1475588
46 Lang Ha Hà Nội,21.0139878,105.8085138
Vinhome Ocean park2 Hưng Yên,,
Cau Giay Hà Nội,21.0292159,105.8033629
phường phú thạnh TP HCM,10.7720313,106.626956
An dương vương phú thượng tây hồ Hà Nội,21.0847163,105.8166344
7b/27/5 Thành Thái p.14 q.10 TP HCM,,
154 nguyễn thị duệ phường thanh bình hải dương,,
378 Phạm Văn Đồng Hà Nội,21.0654691,105.7849246
Viện K Tân Triều Hà Nội,20.9634112,105.7992438
Trung van Nam từ liêm hà nội,21.0315918,105.7529955
Quận 7(bãi gửi xe titi) TP HCM,,
163/125 hoàng văn thụ Bà Rịa Vũng Tàu,,
58 Song Hào Nam Định Ninh Bình Nam Định,20.4121459,106.1646423
171 Lê Tấn Bê An Lạc Bình Tân TP HCM,,
Phuong Chanh Hung TP HCM,10.7450005,106.6758155
H3 Vinhome Ocean Paảk gia lâm hà nội,,
99 Hoàng Diệu Đà  Nẵng,15.878655,108.3323231
388 Phạm Văn Đồng Hà Nội,21.0577809,105.7824149
an lao Hải Phòng,20.8218683,106.5560419
xã tân hiệp TP HCM,10.1304014,105.3207952
195 diep minh châu đà năng Đà  Nẵng,16.0056413,108.2245202
Vinhome quận 9 TP HCM,,
B112/95 bạch đằng TP HCM,,
phường bình thạnh TP HCM,10.8111809,106.7033938
tỉnh Khánh Hoà Khánh Hòa,12.5483851,109.061072
Tây hồ Hà nội,21.0627805,105.8184637
Phường Bình Đông Tphcm TP HCM,10.7283105,106.6379651
346 cổ nhuế Hà Nội,21.062981,105.7804106
c2 Vov Mễ Trì Hà Nội,,
90 Nguyễn Hữu Cảnh P22 Bình Thạnh Hcm TP HCM,,
Phạm công trứ Cần Thơ,10.0580165,105.7788032
Tổ 10 cam lộ 3 hùng vương hồng bàng Hải Phòng,,
An khánh Hà Nội,21.0023161,105.7179738
Phường Thanh Liệt Hà Nội,20.9703922,105.8024692
28 Xuân Tảo Hà Nội,21.0604125,105.8067276
Hà Đông hà nôi Hà Nội,20.9706511,105.7754955
Kđt Văn Phú Hà Nội,20.9543159,105.7629708
Phường Tây Nha Trang Khánh Hòa,12.258668,109.1481206
Huyện Thuận Châu Hà Nội,,
Quận Bình Thủy Cần Thơ,10.0605676,105.721033
46 láng hạ Hà Nội,21.0139878,105.8085138
Thành phố Thủ Đức TP HCM,10.8510238,106.7548953
821 Nguyễn Hữu Thọ Đà  Nẵng,16.0191879,108.2115565
An Nhơn Bình Định,13.8854167,109.1289387
Tây Tựu Hà Nội,21.0648277,105.7394807
Bình Thu Cần Thơ,10.1092709,105.6220048
vinhomes vũ yên Hải Phòng,20.8756885,106.7214305
Thành phố Hải Phòn Hải Phòng,,
vo cuong bac ninh Bắc Ninh,21.1646219,106.0543238
Thành Phố Thanh Hóa,19.8053115,105.752611
phường Hiệp Bình Phước TP HCM,10.8587104,106.7236422
văn miếu quốc tử giám Hà Nội,21.0242596,105.8406959
cầu tó tả thanh oai hà nội,,
54 Kinh Dương Vương TP HCM,10.7500717,106.6291614
xã Hồ Tràm TP HCM,10.5242284,107.3972208
Bình Thủy Cần Thơ,10.0605676,105.721033
chung cư picity quận 12 TP HCM,10.8659899,106.6640602
Phường Chánh Mỹ Bình Dương,11.1378389,106.6145301
Thành phố Hải Dương,20.9330747,106.330626
Kim Giang Hà Nội,20.9783961,105.8158356
Nhà 8 Ngõ 16 Nguyễn Trường Tộ.tp Vinh Nghệ An,,
phường quyết tâm thành phố sơn la,,
Hưng yên,20.6065846,106.2843471
53 phan bội châu.cửa nam hoàn kiếm hà nội,,
665 Nguyễn Đức Cảnh Quang hanh  Quảng Ninh,21.0065112,107.2230393
36 Đường Bờ Bao Tân Thắng TP HCM,,
Bd Bình Dương,11.0603116,106.6879506
Hoàn kiếm Hà Nội,21.0323032,105.8506925
47 Tô Hiến Thành. Phường 13. Quận Hoà Hưng TP HCM,,
79 nguyễn thị thập Đà  Nẵng,16.0747049,108.1718867
Thị xã Hoà Thành Tây Ninh,11.2578497,106.1501484
Quan Bình Thạnh TP HCM,10.812271,106.7040393
Phường Cầu Ông Lãnh TP HCM,10.7629746,106.6910898
tp đà nẵng Đà  Nẵng,16.071571,108.2093029
Hòa Vang Đà  Nẵng,15.9703571,108.028329
Quang binh Quảng Bình,22.4111778,104.5731796
688/107 Quang Trung Phường Thông Tây Hội Tphcm TP HCM,,
Thành phố Thanh Hóa,19.8053115,105.752611
262 Trần Hưng Đạo P.NCT Quận 1 TP.HCM TP HCM,,
xã lợi bình nhơn Long An,,
6 hồ Tùng Mậu phường Long xuyên An Giang,10.3614446,105.4363606
Trà Vinh,9.5815192,106.5306792
Huyện Hòa Thành Tây Ninh,11.261739,106.1384222
P9 vũng tàu Bà Rịa Vũng Tàu,10.3355326,107.0865645
khu 22 hoàng xá tu vũ phú thọ,,
Bình Quới TP HCM,10.8273371,106.7368775
Ngã Bảy Cần Thơ,9.8231546,105.8179873
Cầu diễn Hà Nội,21.0412207,105.7626912
521/99 khu phố 1 biên Hòa đồng nai,,
176c đồng lạc 3  lâm đồng,11.6111969,108.1287422
Hoà Khánh Đà  Nẵng,16.0502691,108.1546403
31. Trung Nghĩa 9 Đà  Nẵng,16.0607887,108.1708424
Phường thanh miếu Phú Thọ,21.2948077,105.4310195
q10 TP HCM,10.7737261,106.7166008
Xã Phú thành Hòa Bình,10.3912335,106.5828804
Số 2 Nguyễn Văn Huyên Hà Nội,21.0376609,105.7963567
Xã Liên Châu Vĩnh Phúc,,
trần duy hưng Hà Nội,21.0052276,105.7988875
tổ 12 Tây nam Khánh Hòa,12.2838086,109.1070687
Tuyên quang,22.3382057,105.0715846
Trần đình tri Đà  Nẵng,15.5688366,108.4751756
Long Trường TP HCM,10.7980997,106.8083853
Vinhomes Grand Park TP HCM,10.8395793,106.8421165
Quang trung hà đông hà nội,20.9647519,105.7677907
TDP Ngọc Khám Thuận Thành Bắc Ninh,,
Quảng trường Lam Sơn Thanh Hóa,,
Nghĩa lạc nghĩa hưng nam định,,
Q Bình Tân TP HCM,10.7703543,106.5995759
vĩnh trường Khánh Hòa,11.5834231,108.9692089
Bình Tân tphcm TP HCM,10.7936653,106.5897712
95a láng hạ Hà Nội,21.0139878,105.8085138
144 đường số 20 phường 5 gò vập TP HCM,,
Thanh Đa TP HCM,10.8131455,106.7206046
Phường Xuân Phương Hà Nội,21.0312367,105.7479104
tỉnh hòa bình,20.7090533,105.2576439
Chung cư 1050 phan chu trinh phường Bình Hoà TP HCM,,
Le trong tan TP HCM,10.80876,106.6166817
Triệu Sơn Thanh Hóa,19.8021715,105.5950609
An Khánh Hoài Đức Hà Nội,21.0190367,105.7114495
141 nguyễn tất thânhf Thừa Thiên Huế,,
141 nguyễn tất thành Thừa Thiên Huế,16.4460253,107.6121628
cẩm lệ Đà  Nẵng,16.0153046,108.2013088
141 Nguyễn Tất Thành Thừa Thiên Huế,16.4460253,107.6121628
306/20 Đặng Thuỳ Trâm TP HCM,10.8266559,106.7031899
Phan thiet binh thuan Bình Thuận,10.9342799,108.0962087
Tp.hcm (bình Dương Cũ) Bình Dương,10.8040647,106.7460498
Thái BÌnh,20.4031348,106.5941615
Tỉnh Đắk Lắk Đăk Lăk,12.4232112,108.1776243
Đại hưng mỹ đức hà nội,20.6657737,105.7633756
số 1 Mễ Trì Hạ Hà Nội,21.0064092,105.7859407
cam lộ Quảng Trị,16.7847145,106.9442751
Ngõ 43 cổ nhuế Hà Nội,21.0589536,105.780221
Thành phố Hưng Yên,20.6589314,106.0619857
1352 đường 3 tháng 2 phường minh phụng TP HCM,10.7554323,106.644358
Quảng ngãi,14.9953739,108.691729
Gia viễn ninh bình,20.3298145,105.8729676
02 Nguyễn hữu thọ Đà Nẵng,16.0191879,108.2115565
Thôn yên ninh xã nội bài tp hà nội,,
nhà bè Tp Hcm,10.6956953,106.7395591
590 Tây Sơn Tp Quy Nhơn Bình Định,,
Ct4b khu đô thị xa la hà đông hn Hà Nội,20.9612475,105.7935194
Sơn đồng hà nội,21.0440724,105.7006493
đối diện cây xăng 28 nhơn phú quy nhơn Bình Định,,
Tam cảnh hạ bằng thạch thất  Hà Nội,,
Ba đồn Quảng Bình,,
1134 Cmt8 P.4 Tân Bình TP HCM,,
Phúc Thịnh Hà Nội,21.1587267,105.8087258
Vạn phúc Hà Đông Hà Nội,20.9803574,105.7756187
thành phố Vinh Nghệ An,18.7358406,105.6906101
phường từ liêm hà nội,21.0216051,105.766512
Hà noiij Hà Nội,,
Đồng xoài Bình Phước,11.4937299,106.8658745
19 Duy Tân Đà  Nẵng,15.5802488,108.5136532
599 Lý Thái Tổ Đồng Nai,10.9204129,107.2411585
4c xo viet nghe tinh TP HCM,10.8102697,106.7130124
154 đội cung phường hạc thành thanh hoá Thanh Hóa,19.8171381,105.7834375
Phú loi binh duong Bình Dương,14.2775184,109.1134963
Số 10 Lý Nhân Tông Thừa Thiên Huế,16.506604,107.5078017
Tân An Long An,10.5260739,106.3990103
D8 Thien Ha Villa TP HCM,,
Tp.hcm Bà Rịa Vũng Tàu,10.4908509,107.1842843
Hoà Lợi Bình Dương,11.0856134,106.6716704
Xóm 2 cổ điển hai bối đông anh hà nội,,
Phường Bình Thuận,10.9375322,108.0877776
38 đường 46 tân tạo tphcm TP HCM,10.7522781,106.5998256
P. Cẩm Lệ Đà  Nẵng,16.0153046,108.2013088
số nhà 42b thôn 5 xã hồi xuân tỉnh thanh hoá Thanh Hóa,,
Nguyễn Xiển Thanh Xuân Hà Nội,20.9825917,105.8114969
dak lak Đăk Lăk,12.6921651,108.0637031
Krong Buk Đăk Lăk,13.0137552,108.19366
517/25 Đỗ Đăng Tuyển xã An Nhơn Tây Tp.hcm TP HCM,11.0729087,106.4677625
đống đa hà nội,21.0242596,105.8406959
Vinhome Timecity Hà Nội,,
359a Nguyễn Xí TP HCM,10.8198661,106.7040819
6 cao bá quát Hà Nội,21.0298459,105.8409294
Dĩ An TP HCM,10.9079224,106.7694761
Mỹ hào hưng yên,20.9410339,106.0592239
Liên Mạc Hà Nội,21.1886147,105.6607596
Đường 48 hiệp bình Chánh TP HCM,11.0275601,106.7748538
P Kim Tân Lai Châu,22.3921248,103.4770789
Phường Nam Định,20.4229775,106.1725798
225b Nguyễn Văn Ràng Xã phước lộc nhà bè TP HCM,,
Yên phong Bắc Ninh,21.210484,105.9758325
45/11 ta35 thới an q12 TP HCM,,
Hà Nội Lâm Đồng,21.0565047,105.9564838
Xã Bảo Lạc tỉnh Cao Bằng,22.950808,105.6810931
No. 489 Hoang Quoc Viet Street Hà Nội,,
Vân Đình Hà Nội,20.7324048,105.770073
Sn 12 tổ 18 phường tienphong Thái Bình,,
Hai Ba Trung Hà Nội,21.0149457,105.8520631
16a đường 13 kp 1 p Hiệp Binh. Thủ TP HCM,,
103 hang gai hoan kiem ha noi Hà Nội,21.0317467,105.8498075
Tp hải dương,20.9330747,106.330626
Tri Tôn An Giang,10.4122221,104.9709438
60 Dương Khuê Hà Nội,21.0434451,105.8208319
Bãi cháy Quảng Ninh,20.9552964,107.0236075
129 bui vien phuong an bien Hải Phòng,20.8244501,106.6886488
Ninh hòa Khánh Hòa,12.5483851,109.061072
Tỉnh Vĩnh Phúc,21.3647247,105.5836703
111 Phạm Hồng Thái Gia Lai,13.9809345,107.9977849
Khu 2 thị trấn quan hoa thanh Hóa,10.4859164,107.2218953
85/28/11 Tx52 Phường Thạnh Xuân Q12 TP HCM,,
619 Đỗ Xuân Hợp TP HCM,10.795647,106.7806577
Huyện sơn động Bắc Giang,21.137381,106.0230322
phường Đông Quang Thanh Hóa,19.760575,105.7380471
Ngõ 259 yên hoà Hà Nội,21.0109897,105.8028799
Tân Sơn Hòa TP HCM,10.7971454,106.6646052
01 Vũ Lập. Hòa Khánh Đà  Nẵng,16.0520351,108.1590736
257 Trần Hưng Đạo Đà  Nẵng,16.0607904,108.2303821
Hòa Lợi Bình Dương,11.0531819,106.3258027
P Đông Ngạc Hà Nội,21.07612,105.7789506
Bình Hưng Hoà TP HCM,10.7979027,106.6032118
Tây Thạnh Tân Phú TP HCM,10.984878,106.5609334
phường việt hưng tỉnh quang ninh Quảng Ninh,20.9948838,106.9715282
Lại xá 2 thanh hà tphap Hải Phòng,,
Cao xanh Quảng Ninh,20.9744781,107.0811077
tỉnh Sơn La,21.2276769,104.1575944
Thanh hóa,19.9781573,105.4816107
Nguyễn Trãi Hà Nội,20.9727763,105.7815108
ấp an lợi xã tri tôn tỉnh an giang,,
Hưng thịnh hưng nguyên nghệ an,,
Tân Hiệp Bình Dương,11.0035869,106.7031146
phường Tân Bình TP HCM,10.7995218,106.6412817
286 Nguyễn xiển Hà Nội,20.9832736,105.8085208
248 Trần Phú Phường An Đông TP HCM,10.7563342,106.6730493
Trạm thu phí Bình Thung Dĩ An Bình Dương,,
TP Hòa Bình,20.884047,105.3694992
714 tân kỳ tân quý.tphcm TP HCM,10.8034222,106.6323191
tan binh TP HCM,10.7995218,106.6412817
Tam Thái Nghệ An,19.226333,104.5327261
Phường Bình Lợi Trung TP HCM,10.8227002,106.7032473
cc 4s đường 17 Hiệp Bình Chánh tp Hồ chí Minh TP HCM,,
117 ngõ 2 hoàng sâm Hà Nội,21.0421667,105.7991631
Số 1 Mỹ Đình Hà Nội,21.0170751,105.7767093
Ba Dinh Hà Nội,21.0395325,105.836423
5 An Phú Đông 10 TP HCM,10.853616,106.696372
Thành phố Sơn La,21.3428865,103.9228175
tỉnh Bắc Ninh,21.3282166,106.4625257
thanh trì Hà Nội,20.9415559,105.8360164
go vap TP HCM,10.8242738,106.6863133
Hoà Minh Đà  Nẵng,16.0626028,108.1683623
Cầu giấy hn Hà Nội,21.0388103,105.7818897
35a Trịnh Quang nghị F7 Q8 Hồ Chí Minh TP HCM,,
Phường Hà Đông Hà Nội,20.9732937,105.7787998
Số 395 Nguyễn Xiển Hà Nội,20.9879587,105.8071589
Tân lạc Hòa Bình,12.256969,109.1945349
Huyện Nam Đàn Nghệ An,18.6727977,105.5225448
An Phú Thuận An Bình Dương,10.986488,106.727314
69/4 lê hồng phong Phường Tam thắng Bà Rịa Vũng Tàu,,
hh4b linh dam hoang mai ha noi Hà Nội,,
đông ngạc Hà Nội,21.07612,105.7789506
Thôn Chi Đông 2 xã Quang Minh Hà Nội,,
121 miếu hai xã lê chân hải phòng,20.8435031,106.6799678
Ho chi minh TP HCM,11.3759209,106.607924
638 ngô gia tự Hà Nội,21.0724171,105.9063244
Hoài đức Hà Nội,21.0228962,105.7035484
15 Hoà Nam 12 Đà Nẵng Đà  Nẵng,,
68 Trấn Vũ Ba Đình Hà Nội,21.0460315,105.840049
Mạo khê quảng ninh,21.0584359,106.5985485
phường 14 TP HCM,10.8165805,106.8110627
Nếnh Tỉnh Bắc Ninh Bắc Giang,21.2340634,106.1108247
Sóc Trăng,9.3203771,106.1059371
Phú Thọ Vĩnh Phúc,21.3647247,105.5836703
Quang Trung Hải Dương,20.9429638,106.3339662
396 trần văn giàu TP HCM,10.7898428,106.5131428
Long bien Ha Noi Hà Nội,21.0399392,105.8499991
Long khanh Đồng Nai,10.9261189,107.24822
Quỳnh lưu Nghệ An,19.2324936,105.5980713
Nghi lâm. Nghi lộc. Nghệ an,,
160/72 xo viet nghe Tinh TP HCM,10.8079722,106.7116427
Số 5 đại lộ võ nguyên giáp thành phố hải dương,,
126/8 Trần Cao Vân Đà  Nẵng,15.8829174,108.3269089
ha dong Hà Nội,20.9702189,105.7749565
phu cu hung yen Hưng Yên,20.7133931,106.1816041
Mường Khương Lào Cai,22.685684,104.103016
97 Nguyễn Hữu Cảnh TP HCM,10.7985271,106.7244913
48 Trà Lộ Đà  Nẵng,15.9809465,108.2722644
An Phú TP HCM,10.9578225,106.7374547
315 Hùng vương phường móng cái 3 Quảng Ninh,21.5374463,107.9450144
số 23 đường 32a bình trị đông B.bình tân.tphcm TP HCM,,
203 Nguyễn Huy Tưởng Hà Nội,20.9972378,105.8030618
Ha3vin1 Hà Nội,,
Kinh Bắc Ninh,21.1751704,106.0593983
Gia Lam Hà Nội,21.051718,105.8786414
Hải châu Đà  Nẵng,16.0589539,108.2194844
Ciputra Hà Nội,21.0786445,105.8014109
Phường Tân Mỹ TP HCM,10.7258082,106.7238126
196 Tô Ký TP HCM,10.4908901,107.1741232
525 đường 29/3 Đà  Nẵng,,
Phường Thành Công Đăk Lăk,13.0706622,107.8838692
Phu thọ hoà tphcm TP HCM,10.7893832,106.6273127
Thanh tri Hà Nội,20.9415559,105.8360164
Số 11 đường số 7 khu dân cư hiệp thành 3 Bình Dương,,
148/6a phú châu Kp1 tâm Bình thủ đức TP HCM,,
Hoàn kiếm  hà nội,21.0323032,105.8506925
sông cầu Phú Yên,13.4620619,109.2235856
42 Hai Bà Trưng Nam Định,20.4265983,106.1760016
phường Vàng Danh Quảng Ninh,21.084108,106.8035504
Thành phố Thái nguyên,21.5874871,105.8015959
Xã Xuân Thành tỉnh Đồng nai,10.7689956,107.3454128
đường 4 Water front cầu rào 2 Hải Phòng,,
bình chánh TP HCM,10.6638681,106.5703407
tỉnh thanh hoá Thanh Hóa,19.8053115,105.752611
191 Tân Phước Hcmc TP HCM,10.9471493,106.7518204
phường Phước nguyên Bà Rịa Vũng Tàu,,
601 Kđt Đặng Xá Gia Lâm Hà Nội,,
vĩnh phúc,24.9835232,109.9783989
Số 8 Đường 23 Khu Đô thị Thành Phố Giao Lưu Hà Nội,21.0552917,105.7795998
P. Vĩnh Tân Bình Dương,11.1414981,106.6892828
quận 4 TP HCM,10.7607538,106.7070798
P Bắc Giang,21.2803713,106.2143272
68 đường 16 kv4 an khánh Cần Thơ,,
1b hoàng diệu TP HCM,10.7644837,106.7057572
287 Nguyễn Đình Chiều TP HCM,10.7887871,106.6998908
Phú Thuận TP HCM,10.7311388,106.7351885
Phường Chánh nghĩa thành phố thủ dầu một bình dương,10.9647894,106.6865399
quan 8 TP HCM,10.7211158,106.6292079
p. Hạnh Thông TP HCM,10.8202873,106.6832189
KCX Tân Thuận F. Tân Thuận Q.7 TP HCM,,
tổ 26 thị trấn đông anh huyện đông anh Hà Nội,,
151 ngũ hành sơn Đà  Nẵng,16.010798,108.253178
275 Quan nhân Hà Nội,21.0039088,105.8084053
241b Tân Hoà Đông phường Phú Lâm TP HCM,10.7552358,106.6334032
Đại Đồng Bắc Ninh,21.0950606,105.997746
Gio Linh Quảng Trị,16.9130121,107.0440313
Thanh pho ho chi minh TP HCM,10.7704304,106.650936
Thành Phố Hà Nội,21.0283334,105.854041
Gò Vấp TP HCM,10.8158694,106.6846752
phường bình phú TP HCM,10.7385058,106.6274357
95 nguyễn trãi TP HCM,10.7580446,106.6806157
Tân Bình Hcm TP HCM,10.7995218,106.6412817
thôn đồng bụt xã kiều phú huyện quốc oa Hà Nội,,
tân uyên Bình Dương,11.0603116,106.6879506
phường 4 Bà Rịa Vũng Tàu,10.3951133,107.105454
Tân thành xã Tân thông hội huyện củ chi tphcm TP HCM,,
182 bạch đằng Hà Nội,21.017811,105.8638761
Phạm Văn đồng hà nội,21.054262,105.7817064
Thủ dầu một Bình Dương,11.0603116,106.6879506
Đoan Hùng Phú Thọ,21.6147084,105.155587
An Phú Đông TP HCM,10.8609713,106.6917863
Trần khắc chân TP HCM,10.7936012,106.6911323
Cầu tham lương q12 TP HCM,10.8245627,106.6277579
Số 4 đường 13 phường Khánh Hội TP HCM,10.7573275,106.7024499
Long an,23.1038568,107.6946613
Ngã ba cửa rừng. Xã nthon’hạ Lâm Đồng,,
TP  Bắc Giang,21.2215587,106.2395228
kdc 586 cần thơ,9.9985785,105.7724412
Kdc 586 Cần Thơ,9.9985785,105.7724412
my tho tien giang Tiền Giang,10.3571156,106.3634556
Thị trấn cần giuộc Long An,10.6010785,106.6600828
Anh Hà Vĩnh Phúc,,
32 Tân thới hiệp 14 TP HCM,10.8661924,106.6377753
phuòng Thành Nam Định,20.4298997,106.1616034
Tương Mai Hà Nội,20.9899766,105.8528436
xã Tâ Bình Phước,15.7245084,108.1161287
Dương nội hà đông Hà Nội,20.9706511,105.7754955
Tân Biên Tây Ninh,11.5401635,106.00992
Tan Thuận Dong Q7 TP HCM,10.7584558,106.7318698
tỉnh Nghệ An,19.1976001,105.060676
Phường 8 TP HCM,10.7814919,106.6938719
Trung giã sóc sơn hà nội,21.3024294,105.881465
Thành Phố Đà Nẵng Đà  Nẵng,16.071571,108.2093029
Tiên Lục Bắc Ninh,21.4126445,106.2214287
98/66 Phan Huy Ích TP HCM,10.8234012,106.6296986
Ấp hòa hưng .bắc hòa.tân thạnh .long an,,
tp Hcm,10.7737261,106.7166008
Thôn chớp hiệp hoà bắc giang,,
Tử dương Tô Hiệu xã chương Dương Hà nội,,
thành phố huế Thừa Thiên Huế,16.4564881,107.5780488
Q9 TP HCM,10.8043502,106.7830762
9 Nguyễn minh trường p3 Tân an .long an,,
191a Trần Đại Nghĩa Bình Định,10.7538233,106.5205209
Chung cư Intracom Riverside Hà Nội,,
Giang điền trảng bom đồng nai,10.8957668,106.9848616
Huyện Long Thành Đồng Nai,10.7919335,106.9463287
Hà Đông Hà Nội,20.9702189,105.7749565
Bình giang Hải Dương,20.8556803,106.201087
Q Hà Đông Hà Nội,20.9540708,105.7600855
Phường Việt Hưng Hà Nội,21.0637621,105.9058988
315 Đường Trường Chinh Hà Nội,21.0007588,105.8291824
156 đoàn  phú  Tứ  phường liên chiếu đà nẵng Đà  Nẵng,16.0676387,108.1458655
Quận Ngô Quyền Hải Phòng,20.8527702,106.6971035
Phường Gò Vấp TP HCM,10.8384167,106.6753431
Nam Từ Liêm Hà Nội,21.0067943,105.7864181
Xã Hoài Đức Hà Nội,21.0630487,105.7061118
Phường Thạnh Mỹ Tây TP HCM,10.7992914,106.7178441
Thành phố Hải Phòng,20.8623278,106.6799266
Số 316 Cầu Giấy Hà Nội,21.0482897,105.7790869
quận 6 TP HCM,10.7458901,106.6391994
Q.gò Vấp TP HCM,10.8353538,106.6740337
P.Phương Liệt Hà Nội,20.9912923,105.8380022
TP Biên hoà Đồng Nai,10.9797417,106.8566034
Q Nam Từ Liêm ( cạnh tòa Keangnam)  Hà Nội,,
Thành Phố Từ Sơn Bắc Ninh,21.1178698,105.9539504
Phường Tân Ninh Tây Ninh,11.3136555,106.0966969
P.Long Phước TP HCM,10.811931,106.859645
TP. Nha Trang Khánh Hòa,12.2084991,109.2871204
Thanh Miếu Phú Thọ,21.2948077,105.4310195
Huyện Bình Xuyên Vĩnh Phúc,21.3288937,105.6628709
Thành Phố Nam Định,20.4377742,106.1475588
Chung cư intracom riverside Nhật Tân Hà Nội,,
Quận Gò Vấp. TP HCM,10.8353538,106.6740337
Nghĩa Đô thành phố Hà Nội,21.0432977,105.7943681
P7 Go Vap TP HCM,10.8242738,106.6863133
TTVH Nhà thi đấu quận Hà Đông Hà Nội,,
Mỹ Tho Tiền Giang,10.3656594,106.357926
long biên hà nội,21.0232241,105.898496
P.Trung Mỹ Tây TP HCM,10.8590957,106.6177145
Phúc lợi long biên hà Nội,21.0350029,105.9095522
Số 316 Cầu Giấy  Hà Nội,21.0482897,105.7790869
Quận Hai Bà Trưng Hà Nội,21.005453,105.8606225
37 lôp kdc bình hưng bình chánh TP HCM,,
Q.Đống Đa Hà Nội,21.01451,105.8234093
P. Đông Hưng Thuận TP HCM,10.835914,106.6221978
An Thới Đặc Khu Phú Quốc tỉnh An Giang,10.0120931,104.0148104
38 chùa hà Nội,21.0094268,105.8542976
Tây mỗ nam từ liêm hà Nội,21.0058017,105.7485162
Q6 TP HCM,10.7487057,106.6392083
Hà Nội Hải Phòng,21.0068542,105.9230859
Tp.Thủ Dầu Một Bình Dương,11.0603116,106.6879506
P. Phương Liệt Hà Nội,20.9912923,105.8380022
tỉnh tây ninh Long An,11.1122161,106.1334176
Tân lập Thái Nguyên,21.5611219,105.8282735
Nguyên xá vũ thư thái bình,,
Ngoại giao đoàn Xuân Tảo Hà Nội,21.0651024,105.8005538
351 Nguyễn hữu thọ Đà  Nẵng,16.0191879,108.2115565
Tb TP HCM,10.7737261,106.7166008
Số 129 tổ 1 khu 13 xã Long Đức huyện Long thành Đồng Nai,,
Duyên ứng xã Quảng bị hà nội,,
Nha TRang Khánh Hòa,12.2084991,109.2871204
68 Vũ Đức Thận Long Biên HN Hà Nội,,
Đường Huỳnh Lan Khanh TP HCM,10.8047752,106.6685417
Mỹ Đình 2 Hà Nội,21.0274134,105.7833341
Ngõ 211 phố Khương Trung Hà Nội,20.9936992,105.8231767
Lào Cai,22.3069302,104.1829592
đồng hới Quảng Bình,17.4689738,106.5998415
Vĩnh Tuy Hà Nội,20.9982944,105.8677016
Khoái Châu Hưng Yên,20.8403664,105.9784462
p. tân lập tp buôn ma thuột Đăk Lăk,,
tp Huế Thừa Thiên Huế,16.4564881,107.5780488
Kim Lien Hà Nội,21.0062617,105.8311588
315 Trường Chinh Hà Nội,21.0011915,105.8279575
ngõ 71 Tân Ấp Ba Đình Hà Nội,,
dốc vân mai lâm đông anh hà nội,,
Bát Tràng Gia Lâm Hà Nội,20.9816649,105.9449993
Duong N3 an phú binh duong Bình Dương,11.0290688,106.6971101
Tây Hồ hà Nội,21.0627805,105.8184637
360a Ben Van Don TP HCM,10.7554832,106.6908951
Thành Phố Quảng Ngãi,15.1647997,108.8354927
Tổ 33 quan triều Thái Nguyên,,
Chiềng Hặc Sơn La,20.9789294,104.4247114
Phường Hoàng Liệt Hà Nội,20.9619101,105.83654
72c Đinh Tiên Hoàng TP HCM,10.7858637,106.702387
Xóm 1 bắc xã thiên lộc thành phố hà nội,21.1316253,105.7976928
01 tô hiệu tp đalat Lâm Đồng,,
Q.6 TP HCM,10.7458901,106.6391994
Bồ Đề Hà Nội,21.0573506,105.8662488
12 đào công chính Đà  Nẵng,16.0222924,108.2028202
56 Nguyễn Văn Linh TP HCM,10.728276,106.7077018
173 Đ. Ngọc Hồi Hà Nội,20.9621245,105.8421237
Lý Thái Tổ Bắc Giang,21.2743,106.1911412
Ocean Park Gia Lâm Hà Nội,20.9939238,105.9595538
Tp. Cao Lãnh Đồng Tháp,10.4601787,105.6122905
anhtuanautovp@gmail.com Hà Nội,,
.Đồng nai,10.9182878,106.8481538
Tp Thái Bình,20.4528848,106.340023
đống đa Hà Nội,21.0242596,105.8406959
Hoa lư ninh Bình Hà Nội,20.2166603,105.9381671
Xo Viet Nghe Tinh TP HCM,10.7923226,106.7071325
Khu 10 phù Ninh. Phú Thọ,21.4026242,105.3030811
Văn Cao Ba Đình Hà Nội,21.0403168,105.8157537
Tam Hiep Đồng Nai,10.952389,106.8589282
quận 3 TP HCM,10.7788914,106.6869967
Tuần Châu Quảng Ninh,20.9729813,106.9320891
Tây ninh,36.824463,101.440811
Thuân thành bắc ninh,21.0381566,106.0778751
tp Hoa lư Ninh Bình,20.2498255,105.9565342
84 phạm hùng TP HCM,10.7070526,106.6853231
Phường Đại Mỗ Hà Nội,20.9933193,105.7766692
Xã Hà Trung Thanh Hóa,19.9921815,105.8437839
Cổ Loa Hà Nội,21.1332911,105.8734736
Khánh Hoà Khánh Hòa,12.4894951,109.1238365
vista nam an khánh Hà Nội,21.0012599,105.7146552
số 11 võ thị lòng ấp 1a xã tân thạnh tây TP HCM,,
tư nghĩa Quảng Ngãi,15.0913545,108.7675545
Cà Mau,9.0180177,105.0869724
Hòa Khánh Đà  Nẵng,16.0502691,108.1546403
Sn 121 Thanh Hóa,,
79 A hoàng hoa thám P10 Đàlat Lâm Đồng,,
tỉnh Ninh Bình,20.2867258,106.1000359
Đông ngạc Hà Nội,21.07612,105.7789506
Mỗ Lao Hà Nội,20.981338,105.7839611
P Bình Lợi Trung TP HCM,10.8227002,106.7032473
Hoà xá hà nội,21.0112161,105.5361998
Cẩm phả Quảng Ninh,21.0096177,107.272916
thành phố Bắc Ninh,21.1751704,106.0593983
hà  nội Hà Nội,21.0242596,105.8406959
Hoà Thành Tây Ninh,11.2578497,106.1501484
Phường Phan Đình Phùng Thái Nguyên,21.5873786,105.840539
294 lý thái tổ TP HCM,10.8473192,106.7752511
Số 2 Lê Văn Thiêm Hn Hà Nội,21.0025956,105.8030494
đức an Đăk Nông,14.8022834,107.6862492
167 Nguyễn Văn Cừ BMT Đăk Lăk,,
Đại Lộc Đà  Nẵng,15.89528,108.1066478
Đan phương Hà Nội,21.0895225,105.6650693
Khu đô thị Xa La Hà Đông Hà Nội,20.9627096,105.7920734
1216/60/8 đường 30/4 P12. Tp Vt Bà Rịa Vũng Tàu,,
tan son nhi TP HCM,10.8028966,106.6360979
Phước Ninh Đà  Nẵng,16.0639116,108.2213419
93 trung mỹ tây tphcm TP HCM,10.8590957,106.6177145
59/1d pham van chiêu TP HCM,,
252 Lê Duẩn Phường Nam Đông Hà Quảng Trị,16.7970644,107.1284742
Số nhà 17 hà cầu kiến hưng hà nội,,
28/33 lê thị hồng phường 17 gò vấp tphcm TP HCM,,
quán chua Thanh Hóa,21.0338564,105.8037076
Cổng tuàn châu bãi cháy quảng ninh,,
Trung tâm hành chính Dĩ an Bình Dương,,
P. Phú Thọ Hòa TP HCM,10.7893832,106.6273127
Tứ Minh Hải Dương,20.9360747,106.3041136
18 A phường Xuân Hương Đà Lạt Lâm Đồng,11.8867498,108.434099
Phương liệt TP Hà Nội,20.993676,105.8316123
Phú quốc Kiên Giang,10.0203848,104.010911
Đạo đức bình xuyên Vĩnh Phúc,,
Nhà Bed TP HCM,,
tỉnh Qn Quảng Ninh,21.5473263,107.9093955
Le thanh nghị hai duong Hải Dương,20.9348417,106.3310237
phường trường vinh Nghệ An,18.6595616,105.6970309
Tp bắc Ninh,21.1751704,106.0593983
Thành Phố Tây Ninh,11.3656049,106.1296188
50 phạm Ngọc thạch phường bà rịa tp hcm Bà Rịa Vũng Tàu,,
183 y ngông Đăk Lăk,12.6722682,108.0297704
An phu tp thu duc TP HCM,10.8020845,106.7422533
Khu Phố 23 TP HCM,10.7855641,106.7481717
Đại Đồng Hưng Yên,20.9912327,106.0656075
27 ha dinh Hà Nội,21.0369867,105.8357925
Ngã tư Quang thanh an lão Hải phòng,,
Thị Trấn Kép Lạng Giang Bắc Giang,,
Sô 3 đường nguyễn hiền Thừa Thiên Huế,16.5194099,107.4799784
Đông Anh Hà noi Hà Nội,21.1536239,105.8519612
Khu dân cư đại phúc green villas TP HCM,,
Q Hải Châu Đà  Nẵng,16.062514,108.2204436
Số 11 Phạm văn Bạch Cầu Giấy Hà Nội,21.0258881,105.7883704
22/14 Le Trong Tan TP HCM,10.8112689,106.6108747
ha nội Hà Nội,21.0242596,105.8406959
b4 làng quốc tế thăng long cầu giấy hà nội,21.0384777,105.7934353
389 phạm thế hiển p3 q8 TP HCM,,
Câu nhật tân hà nội,21.0987496,105.8236617
Trần phú phường hà giang 2 Hà Giang,22.8202889,104.984897
tp Lạng Sơn,21.855262,106.7432662
Bà rịa Vũng Tàu,10.3471705,107.0763626
Ba ria vung tau Bà Rịa Vũng Tàu,10.4908509,107.1842843
Dốc Thị Vạn Ninh Khánh Hòa,,
Thon Me Gia Vien Ninh Bình,,
huyện Mê Linh Hà Nội,21.1822074,105.7218568
Lâm Đồng Đăk Nông,12.2807367,107.742636
58 Tố Hữu Hà Nội,20.9936207,105.7864347
33 phan huy chú tp bmt Đăk Lăk,,
Xô Viết Nghệ Tĩnh Đà Nẵng,16.0314339,108.2108075
49/9 kp bình quới A . P. Thuận giao . Tp.hồ Chí Minh Bình Dương,,
862 lê đức thọ p15 gò vấp TP HCM,,
Sóc Sơn . Hà Nội,21.2597163,105.8508041
B6a nam trung yên. Nguyễn chánh. Cầu giấy Hà Nội,,
p Hoà Bình Hòa Bình,20.884047,105.3694992
Ngã 3 Nam Phước Đà Nẵng,15.8276724,108.2577288
230 Phạm Văn Đồng Hà Nội,21.0596844,105.7830121
Nguyễn văn đào phuong thuy xuân tp hue Thừa Thiên Huế,16.4527348,107.5680677
Ngõ 138 phố Mễ Trì Thượng Hà Nội,21.0069775,105.7778898
Cầu Giấy ( đối diện công an quận ) Hà Nội,,
Buôn Mê Thuột Đăk Lăk,12.6843232,108.0508288
Huyện Trảng Bom Đồng Nai,10.9809209,107.0189971
Khu công nghiệp Thạch Thất Quốc Oai Hà Nội,21.0093935,105.6329208
Pleiku Hà Nội,,
vinh Nghệ An,18.7358406,105.6906101
Quảng Chính Thanh Hóa,19.6204227,105.7941641
36/27/85/1 TP HCM,,
do luong Nghệ An,18.9127862,105.3187342
8 Dvc P binh trung hcm TP HCM,,
714 tan ky tan quý tp Hcm,10.8024543,106.6272967
Bình Nguyên Phú Thọ,21.2788689,105.6560777
TP. Ninh Bình,20.2718862,105.9650163
Thọ Sơn việt trì Phú thọ,,
an Lạc TP HCM,10.7381994,106.6148874
phường Tăng Nhon Phú TP HCM,10.8449268,106.7864288
210 linh trung TP HCM,10.8587544,106.7784014
154 phạm phú thứ f4 q6 TP HCM,,
Sóc sơn hà nội,21.2597163,105.8508041
khu phố 6 . Phường 3 . Tp Tây Ninh,10.8491656,106.6167544
Trần phú Hải Dương,20.9331312,106.333803
23/1 ấp hưng hiệp xã Dầu Giây Đồng Nai,,
Tân Biên Hòa Đồng Nai,10.9580869,106.828624
187 lê kim lăng hòa thọ đông thành phố Đà Nẵng Đà  Nẵng,16.0172741,108.2006939
Đường nhạn Thư lâm Hà Nội,,
61/14 đường số 1 p10 tân bình TP HCM,,
21b3kp 11 Tân triều Đồng Nai,,
Hoàng huy Hải Phòng,20.8295302,106.68695
huyện Vị Xuyên tỉnh Hà Giang (cũ) Hà Giang,,
Xóm 4 thôn đình cao xã tiên tiến Hưng Yên,,
270 Nguyễn Xiển Hà Nội,20.97697,105.8110618
P710 Vinhomes 54a Nguyễn Chí Thanh Hà Nội,,
36 vũ trọng Khánh hà đông Hà Nội,20.9799555,105.785495
thành phố Bình Dương,37.8041724,113.6232839
Văn giang hưng yên,20.9293208,105.9326937
Phú thọ,21.3007538,105.1349604
TP Bắc Giang,21.2215587,106.2395228
Tỉnh Bắc Ninh,21.3282166,106.4625257
Dĩ An Bình Dương,10.8700455,106.7511285
Cẩm Mỹ Đồng Nai,10.7689956,107.3454128
Cần Thơ Cần Thơ,10.0433764,105.7864891
Phường Xuân Hòa TP HCM,10.7824046,106.6895335
Ha long Quảng Ninh,20.9488856,107.1035074
Starlake Nguyễn Văn Huyên Hà Nội,,
tp Phần Rabg Ninh Thuận,,
tây thạnh thành phố hồ chí minh TP HCM,10.8130355,106.6227282
Hc TP HCM,10.7937062,106.7556595
360c/11 Bến Vân Đồn p1 q4 TP HCM,,
tp hồ chí minh TP HCM,10.8073712,106.7564593
Phường võ cường tỉnh Bắc Ninh,21.1646219,106.0543238
Nông trang việt trì phú thọ,21.3217131,105.3746173
30 Lê Quý Đôn.q3 TP HCM,,
sóc sơn Hà Nội,21.2597163,105.8508041
Phường Duy Tiên Hà Nam,20.6416179,106.0200825
Khanh hoa Khánh Hòa,12.5483851,109.061072
56 Nguyễn Viết Xuân Nghệ An,18.6676373,105.7141371
Nguyễn Văn Khối P9 Gò Vấp TP HCM,,
quận 11 TP HCM,10.7656343,106.647607
F1/018 Gia Kiệm Đồng Nai,,
29a hồ bún sáng Cần Thơ,,
Lai Thành Kim Sơn Ninh Bình,20.5445676,105.9339242
Vĩnh Phúc Phú Thọ,21.3647247,105.5836703
Tp hồ TP HCM,10.8797358,106.8061911
Xuân tảo nghĩa đô hà nôi Hà Nội,21.0473436,105.7977763
200 nguyễn sơn Hà Nội,21.0446246,105.8815435
Ấp 3 Tân Long Phú giáo bình dương,,
Núi Bà Đen Tây Ninh,11.3823834,106.170221
Nơ Trang Long P12 Q.bình Thạnh TP HCM,,
tỉnh ninh bình,20.2867258,106.1000359
quận Gò Vấp TP HCM,10.8353538,106.6740337
220 Nguyễn Hữu Cảnh TP HCM,10.7985271,106.7244913
Thuỷ nguyên Hải Phòng,20.9179864,106.6748497
ngõ 105 đường Xuân La Hà Nội,21.0663437,105.8030801
Xã bến lức tỉnh long an,10.6275407,106.5105059
Đường quang trung P . An hội tây TP HCM,10.8425987,106.6442803
Tổ1 phường môc châu sơn la,20.8659974,104.5812291
Ba đình hà bội Hà Nội,21.1071283,105.8000411
tp. Quảng Ngãi,15.1647997,108.8354927
melosa khang điền võ chí công TP HCM,,
xã vân đình thành phố hà nộ Hà Nội,,
Q Nam Từ Liêm ( cạnh tòa Keangnam) Hà Nội,,
Công chính Thanh Hóa,19.5643527,105.6594185
24 phú thuận phường tân phú q7 TP HCM,,
Phường Thành Sen Hà  Tĩnh,18.3393261,105.9028546
H20/08b/k83 huỳnh ngọc huệ Đà  Nẵng,,
đan phượng hà nọ Hà Nội,21.009549,105.8555293
T. Phú Thọ. Phú Thọ,21.4000047,105.2238899
Thành phố Thái Nguyên,21.5874871,105.8015959
tỉnh Tây Ninh,11.0800527,106.2610531
Đình Thôn Mỹ Đình Hà Nội,21.018451,105.7755169
Bat trang ha noi Hà Nội,20.9796328,105.9146403
Viet Hung Hà Nội,21.0637621,105.9058988
368 Quốc lộ 22 phường Trung Mỹ Tây quận 12 TP HCM,,
Phường Sơn Tây tp Hà Nội,21.1427003,105.4869248
Thị trấn An Châu Sơn Động Bắc Giang,,
Lam sơn tp hưng yên,20.6712954,106.0493516
1 Giáp Nhị Hà Nội,20.9775186,105.8427639
7 đường 12 tthc dĩ an TP HCM,,
Bồng Sơn Bình Định,14.4310588,109.0330304
Thành Trì Hà Nội,20.9415559,105.8360164
Tp.bacgiang Bắc Giang,,
Chợ dầu giay Đồng Nai,10.944535,107.1403481
lào cai,22.3069302,104.1829592
173trương phước phan quận bình tân TP HCM,,
Số 206 phố huế Hà Nội,21.009121,105.851824
300 nguyễn trãi Hà Nội,20.9866179,105.7961176
Số 41 ngõ 54/53 đường ngọc hồi Hà Nội,,
46 Hưng Phước 1 Phú Mỹ Hưng Quận 7 TP HCM,,
125 hồ sỹ dương Đà  Nẵng,16.0728258,108.1511388
TxBen cat binh duong Bình Dương,,
Cổ Nhuế hà nội,21.062981,105.7804106
Khu vực Cầu Giấy Hà Nội,21.0428816,105.7909744
Huyện đảo lý Sơn Quảng Ngãi,,
Thủ dầu Một Bình Dương,11.0603116,106.6879506
Bau hàm 2 thống nhất đồng nai,,
Tdt An Trang Hải Phòng,,
An lac TP HCM,10.7381994,106.6148874
Trảng bom Đồng Nai,10.9531344,107.0041964
194 Phan Trung Đồng Nai,10.9619775,106.8516632
Tổ 12 hoà minh Đà  Nẵng,16.0626028,108.1683623
xã bình chánh TP HCM,10.6638681,106.5703407
22/15 đường 25 phường hiệp Bình Chánh Tp Hcm,,
Bờ dâu Thạnh Mỹ Tây An Giang,,
TP Thanh Hoá Thanh Hóa,19.8053115,105.752611
Tổ 19 đồng nhơn xã vĩnh thái Khánh Hòa,,
20 Đặng Thùy Trâm Tp Quy Nhơn Bình Định,,
447/ Trường Chinh Quảng Ngãi,14.3601636,108.0172954
Chư Pư Gia Lai,13.5090099,108.0808651
Thị xã Hương Trà Thừa Thiên Huế,16.4001161,107.4397603
Cu Pui Đăk Lăk,12.5236906,108.559768
Huyện Bảo Yên Lào Cai,22.294473,104.4179863
996 tạ Quang bửu f bình đông TP HCM,,
Tiền Gia Tiền Giang,10.2558069,104.823796
Bà rịa Vũng tàu,10.3471705,107.0763626
38 Bùi Thị Xuân Q1 Hcm TP HCM,,
KĐT Dương Nội Hà Nội,20.9830443,105.7913246
20 Tô Tịch Hà Nội,21.0325846,105.8502225
674 Ngọc Lâm Hà Nội,21.046823,105.8795316
115 Lê Văn Sỹ P.phú Nhuận TP HCM,10.7959758,106.6659817
Phước Hưng Bà Rịa Vũng Tàu,,
Khu Mã Thượng A. Xã phù Ninh . Tỉnh phú thọ,,
Tổ 5 khu 15 xã Bình An đồng nai,,
bình Dương,11.1826156,106.6738179
Phổ yên Thái Nguyên,21.4517905,105.7568528
Tam Hòa Đồng Nai,10.9345871,106.8356643
Cầu Giấy hà nội,21.0292159,105.8033629
đường Hoàng Minh Thảo Hà Nội,21.0626314,105.793636
Hẻm 95 Đường Bùi Trọng Nghĩa Đồng Nai,,
tổ 13 xã lục yên Bái,,
Đồng Tâm Vĩnh Yên Vĩnh Phúc,21.2914673,105.5854814
Khu8 +10 Tt.na dương _ H.lộc bình _ lạng sơn,,
Tân uyên bình dương,11.0603116,106.6879506
Văn Lâm Hưng Yên,20.9858617,106.0372519
Huỳnh bá chánh Đà  Nẵng,15.9883861,108.2551306
Kim Thành Hải Dương,20.9242925,106.3190155
15/1 ap 11 xa xuan thoi son hoc mon tphcm TP HCM,,
2 nguyễn khuyến Hà Nội,20.9699914,105.7919867
yên bái,21.8091042,104.5182832
Ngã tư quán toan Hải Phòng,20.8901772,106.6028673
Thị trấn Hai Riêng Sông Hinh Phú Yên,,
tum Kon Tum,14.3450781,108.013228
Gần Chùa Bà Thủ Dầu Một Bình Dương,,
quận hà đông Hà Nội,20.9540708,105.7600855
đức trọng lâm dồng Lâm Đồng,11.695107,108.3179923
86 dương đình hội phường phước long TP HCM,10.8182401,106.7763491
hướng hóa Quảng Trị,16.7038475,106.6776713
05 Phan Tứ Đà  Nẵng,16.0455132,108.2453171
421 ấp Phú Giao Sóc Trăng,,
Số 1 Nguyễn Thị Duệ Tên Hoà Hà Nội,,
Lâm thị hố TP HCM,10.8709694,106.6285389
Phú Thứ Cần Thơ,10.0043132,105.8038069
83 phan đăng lưu kiến an hải phòng,20.8151443,106.6238233
Nhà Bè TP HCM,10.6956953,106.7395591
Đông Nai Đồng Nai,10.9410542,106.8097889
Phường Quảng Phú. Tỉnh Thanh Hoá Thanh Hóa,19.7718541,105.8380643
Vĩnh Lộc TP HCM,10.8195534,106.5506807
tỉnh Quảng Ngãi,14.9953739,108.691729
xa Binh Hung TP HCM,10.7193081,106.6555215
180 quang trung Hà Nội,21.0208142,105.6091766
Bà Rịa vũng tàu,10.3471705,107.0763626
68 mễ trì Hạ Hà Nội,21.0116781,105.7802722
973/127/7 kp43 Trung Mỹ Tây TP HCM,10.8710395,106.6213959
Yên Thịnh Yên Bái,21.721899,104.8935896
603 Cc Lê Thành TP HCM,,
T. Sơn La,48.1831905,-110.3753932
mỹ an 14 Đà Nẵng,16.0488836,108.2463256
pleiku Gia Lai,13.9773432,108.0002025
Kien xuong thai binh Thái Bình,20.4151846,106.4312145
t Thái Nguyên Bắc Kạn,22.1521207,105.8333301
Tân mỹ Tuyên Quang,22.2565961,105.1988525
Đồng tháp,10.425183,105.9271362
Phường Bình Xuân Đồng Tháp,10.4032719,106.6404559
Thuận thành bắc ninh Hà Nội,21.0222175,105.9702689
48 đường 153 Bình mỹ TP HCM,10.6493298,106.769495
Số nhà 14 đại linh trung văn Hà Nội,,
Quảng nam,24.0479436,105.0519035
13/1q Nguyễn Thị Ngâu TP HCM,,
Bình dương,11.1826156,106.6738179
Hợp Thịnh Bắc Giang,,
Tân Yên Bắc Ninh,21.3891758,106.0932869
phường Nông Trang Phú Thọ,21.3268648,105.3603901
Vĩnh yên Vĩnh Phúc,21.313699,105.5956577
Lái thiêu Bình Dương,10.9171283,106.6947689
p hiệp bình phước TP HCM,10.8459813,106.7103503
xã Hóc Môn TP HCM,10.8860463,106.5927134
Huyện Bình Chánh TP HCM,10.6884408,106.5828017
Ý yên nam định,21.0426296,105.8397096
Tổ 18 phường minh Xuân tp tuyên Quang,,
Cẩm Thượng Hải Dương,20.9458963,106.3208535
số nhà 257 tổ 8 quyết tâm Sơn La,,
Tổ 8 Tô Hiệu Tp Sơn La,,
Quốc Lộ 1 Long An,21.0145095,105.919534
phường phước long TP HCM,10.824553,106.7690916
97 Tl 19 An Phu Đông Tphcm TP HCM,10.8551611,106.6857998
thủ dầu một Bình Dương,11.0603116,106.6879506
30 Đường 17 khu phố 6 phường hiệp Bình Chánh TP HCM,,
9 Ng. 207 P. Bùi Xương Trạch Hà Nội,,
Từ Sơn Bắc Ninh,21.1159424,105.9559119
10 khu phố 8 tân thới hiệp TP HCM,10.8588698,106.6418896
Lâm Ha lâm Đồng,11.8606211,108.2842467
ninh binh Ninh Bình,20.2421142,105.9746207
xã Tân Ninh Thanh Hóa,19.7504712,105.6355152
Thanh my Loi Quan 2 TP HCM,10.7707318,106.7702559
Thôn 4 Vĩnh Quỳnh xã Thanh Trì Hà Nội,20.9405988,105.8407971
Phường Long Phước TP HCM,10.811931,106.859645
P.bmt Đăk Lăk,12.7166298,108.0803786
Biên hòa Đồng Nai,10.9507929,106.8263284
Long bien Hà Nội,21.0399392,105.8499991
1054/59 Cmt8 TP HCM,,
35 đường số 6 kdc bình đăng p6 q8 TP HCM,,
Thị Xã Trảng Bàng Tây Ninh,11.1046601,106.3884056
Hắc Dịch Bà Rịa Vũng Tàu,,
8 Trịnh Hoài Đức TP HCM,10.8016387,106.6973914
276 nguyễn xiển Hà Nội,20.9793221,105.8068592
B305 Master Central Point Vinhome Grand Park TP HCM,,
tp Đồng nai,10.9182878,106.8481538
136 Hồ Tùng Mậu Hà Nội,21.0419326,105.7678915
Phường Dĩ An TP HCM,10.8975202,106.7542156
minh khai hn Hà Nội,21.0479764,105.7448067
Bac giang Bắc Giang,21.2788349,106.1916752
quận 10 TP HCM,10.7725282,106.6682021
Vinhomes Centra TP HCM,,
TP BA RIA Bà Rịa Vũng Tàu,10.4884252,107.1798917
16 đường 53a Tân Tạo TP HCM,10.7522671,106.5988123
300 nguyễn xiển hà nội,20.9829282,105.8093417
Long Bình Đồng Nai,10.9726546,106.8874294
phúc thọ hà nội,21.1096017,105.5395353
Tu Liem Hà Nội,21.0216051,105.766512
102 trường chinh Hà Nội,20.9988928,105.8379239
an giang,10.3188672,105.0432488
Đà lạt lâm đồng,11.9082632,108.4572089
Tp Hà Tĩnh Nghệ An,10.8111851,106.7137568
đà Nẵng,16.068,108.212
17/9 Bình an 7 Đà  Nẵng,16.042007,108.2153904
Bắc giang,21.3740092,106.4663176
806 Hà Huy Tập Hà  Tĩnh,18.2947889,105.9144411
Phú hòa.  Thủ dầu một.  Bình Dương,11.0426242,106.6582695
Huong khe Hà  Tĩnh,18.1926506,105.6792793
Thị Trấn Bố Hạ Bắc Giang,,
vũ thê lang tp việt trì Phú Thọ,21.3253628,105.4126926
17 Võ Chí Công Hà Nội,21.0536341,105.8054619
thanh Pho Hà Nội,21.0283334,105.854041
Nha Be TP HCM,10.6510014,106.7258641
05 kim đồng gia nghĩa daknong Đăk Nông,,
52 Phan Chu Trinh Quảng Ngãi,14.3523607,108.0093395
Nam Ban Lâm Hà Lâm Đồng,11.8246653,108.3372701
Cao Xanh Quảng Ninh,20.9744781,107.0811077
341/13a đường Khuông Việt TP HCM,,
937 huynh tan phat TP HCM,10.6741126,106.7645825
Vinsmartcity Tây Mỗ Hà Nội,,
Hoai Đức Hà Nội,21.0228962,105.7035484
Đt Spa Auto Hà Nội,,
720 Điện Biên Phủ Bình thạnh TP HCM,11.0499924,106.702503
t4 Ngoại Giao Đoàn Hà Nội,21.0643628,105.7986846
phú thọ,21.3007538,105.1349604
Huu Lung Lạng Sơn,21.5021391,106.345456
số 99 Hoàng Ngân Hà Nội,,
Khu phố 3b Thới Hòa Tphcm Bình Dương,,
lạng sơn,21.8487579,106.6140692
Quảng Nam Đà  Nẵng,15.1794882,108.1289381
1/45 Nguyễn Văn Quá Phưhưthua TP HCM,,
Soc Son Hà Nội,21.2597163,105.8508041
599/4 tổ 10 ấp Tân Cang Biên Hoà Đồng Nạ Đồng Nai,,
Phú Diễn. Bắc Từ Liêm. Hà Nội,21.0461067,105.762101
326 Lê Trọng Tấn Hà Nội,20.9808883,105.7409709
Hậu lộc Thanh Hóa,19.9335266,105.8758749
phường đông ngạc Hà Nội,21.07612,105.7789506
thanh lương thị xã Bình Long Bình Phước,,
Ngăm lương đông cứu Bắc Ninh,,
128 lê lợi Hải Phòng,20.8532157,106.6870408
Q. Hai Bà Trưng Hà Nội,21.005453,105.8606225
Tp. Vinh Nghệ An,18.7358406,105.6906101
Phường Khánh Hội TP HCM,10.7598576,106.7023355
315 Nguyễn Khoái Hà Nội,21.0060605,105.8690725
Tp Biên Hoà Đồng Nai,10.9797417,106.8566034
Phường Bình Hoà TP HCM,10.905052,106.7274208
TP. Thuận An Bình Dương,10.9044531,106.700634
115 Lý Chính Thắng Quận 3 TP HCM,,
khu đô thị đông tăng long TP HCM,,
Phạm văn hai quận tân bình TP HCM,10.7950061,106.6626774
Quy Nhơn Gia Lai,13.7549672,109.1767596
TP. Biên Hòa Đồng Nai,10.9246064,106.8066439
Hồ Chí TP HCM,10.8862108,106.8048011
16 Trương Định Q1 TP HCM,,
Thành phố hải Dương Hà Nội,21.2306832,105.70641
đn Đà  Nẵng,16.071571,108.2093029
12 D2 Thảo Nguyên Sài Gòn Q9 TP HCM,,
Thuan an binh duong Bình Dương,10.9646425,106.6865635
P. Tân Thuận TP HCM,10.7525163,106.7283777
Phường Thủ Thiêm TP HCM,,
long Biên Hà Nội,21.0232241,105.898496
An Dương Vương Hà Nội,21.0870976,105.8032954
phường Trấn Biên Đồng Nai,10.9507748,106.8221068
16/11 Nguyễn Thị Thập Tân Phú Quận 7 TP HCM,,
ho chi minh TP HCM,11.3759209,106.607924
Văn hội xã thường tín hà nội,20.9000308,105.8479737
Kđt Ecopark Hưng Yên,,
quận 9 TP HCM,10.8441928,106.7791529
tp Vung Tau Bà Rịa Vũng Tàu,10.4908509,107.1842843
189 hoàng hoa thám Hà Nội,21.0463572,105.807238
Quận Ô Môn Cần Thơ,10.1134935,105.6387682
xã Sông Mã Sơn La,21.0899122,103.7362567
12 ngõ 649 đường bát khối Long Biên Hà Nội,21.0087093,105.9071796
ỉnh Ninh Bình,,
Thị Xã Gò Công Tiền Giang,10.3650266,106.6748826
Huyện Long Mỹ tỉnh Hậu Giang,,
Trường chinh quận 12 TP HCM,10.8308138,106.6222679
Phường Hồng Bàng Hải Phòng,20.868587,106.6518479
Tp. Đà Lạt Lâm Đồng,11.9082632,108.4572089
Hạnh Thông TP HCM,10.8202873,106.6832189
phường 5 Thành Phố Tân An Long An,11.0054635,106.7204551
19 Phan Văn Trị phường 1 Gò Vấp TP HCM,10.8262514,106.6892835
Kdc Cát Tường Phú Sinh Long An,,
tinh Khanh Hoa Khánh Hòa,11.4639176,109.1316501
P. Tân Thuận Đông TP HCM,10.7584558,106.7318698
179 Vo Nguyen Giap. Thao Dien. Quan 2. Tp Hcm,,
Trường sa p1 bình thạnh TP HCM,11.0482009,106.6746645
Thành phố Cần Thơ,10.0362046,105.7872656
Số nhà 10/1 tổ 5 Phường Quang Vinh TP Thái Nguyên,,
29/12/3 Hoàng Hoa Thám P Gia Định TP HCM,10.8060355,106.6905694
Đ. Lê Trọng Tấn Hà Nội,20.9641529,105.7616362
khu 4b Phú Thọ,10.7650644,106.6500431
Thị xã bình long Bình Phước,10.4082898,107.2008468
Khu Cổ Ngựa Hà Nội,,
Sơn dương Tuyên Quang,21.6982755,105.3916841
85/1 Chi Lăng Lâm Đồng,11.8498368,108.3276723
xa Quang minh ha noi Hà Nội,21.1988786,105.7528702
Vĩnh Tường Vĩnh Phúc,21.3134631,105.6050409
Ninh Xá Thuận Thành Bắc Ninh,21.0157618,106.0944573
Tỉnh Đồng Nai,11.0806241,107.1873919
Liên hoà phú thọ,21.4149565,105.5124006
Tổ 5 dương kinh Hải Phòng,,
Dầu Tiếng Bình Dương,11.2845224,106.3820605
Đường Quốc Lộ 45 Thanh Hóa,19.8282037,105.695296
